index,low,up,init_score_raw,init_score_weight,re_score_raw,re_score_weight,ground_truth,final_text
0,3,5,4,4.007620848512488,4.0,[4.00821308],5.0,"</think>

Final Score: 4

**Explanation:**

1. **Confidence in Original Score**: High. The generated response correctly identifies that the woman is sitting still and not jumping, leading to the conclusion that the answer is 'No.' It effectively addresses the core issue of the claim not being supported by the situation.

2. **Interval Consideration**: The confidence interval [3.00, 5.00] suggests that the score is likely within this range. The original score of 4 falls comfortably within this interval, indicating alignment with potential expert judgment.

3. **Adjustment Action**: Retain. The response is clear and correct, though it could be slightly improved by addressing the gender discrepancy and absence of jumping more explicitly. However, the response is sufficiently accurate and concise.

4. **Final Score**: 4. The response effectively answers the question with a clear and correct conclusion, justifying the score within the provided interval."
1,3,5,4,3.9834330461708305,4.0,[3.99202089],5.0,"</think>

Final Score: 4

**Explanation:**

1. **Confidence in Original Score**: High. The generated response correctly identifies the key difference between 'outdoor' and 'indoor' and concludes the answer as 'No.' However, it could have provided a more detailed explanation.

2. **Interval Consideration**: The interval [3.00, 5.00] suggests that the score is likely within this range. The original score of 4 falls comfortably within this interval, indicating alignment with potential expert judgment.

3. **Adjustment Action**: Retain. The response is clear and accurate, though slightly brief. The score of 4 remains appropriate as it reflects the response's correctness and clarity, despite the lack of extensive detail.

4. **Final Score**: 4. The response effectively answers the question with a correct conclusion, though it could benefit from a more detailed explanation. The score of 4 accurately reflects its quality."
2,3,5,4,3.971586841928911,4.0,[3.97073279],3.0,"</think>

Final Score: 4

**Explanation:**

1. **Confidence in Original Score**: High. The generated response correctly identifies that the girl is playing with letters on the floor, which does not support the claim of playing a video game in the bath. The conclusion is accurate, but the reasoning includes unnecessary speculation about the location, which is not directly relevant.

2. **Interval Consideration**: The confidence interval [3.00, 5.00] suggests that the expert's score is likely within this range. My original score of 4 falls comfortably within this interval, indicating that it aligns well with the expected expert judgment.

3. **Adjustment Action**: Retain the original score. The reasoning is sound, and the score accurately reflects the quality of the generated response. While the response could be more concise, it effectively addresses the question and provides a correct answer.

4. **Final Score**: 4. The generated response is clear and correct in its conclusion, though it could be improved by avoiding unnecessary details."
3,4,5,5,4.9922145760428975,5.0,[4.89387058],5.0,"5

**Explanation:**
My confidence in the original score of 5 is high because the generated response accurately and concisely answers the question. The confidence interval [4.00, 5.00] supports this score, as it falls within the upper bound. The narrow interval indicates that the score is likely correct, and there's no need for adjustment. The response is clear, correct, and directly addresses the claim without unnecessary details, justifying the high score."
4,3,5,4,3.9605942003863674,4.0,[3.93552665],5.0,"</think>

Final Score: 4

**Explanation:**

1. **Confidence in Original Score**: High. The generated response correctly identifies that the two farmers are not making a pool but are working together on equipment. The answer is correct, but the explanation could be more precise.

2. **Interval Consideration**: The confidence interval [3.00, 5.00] suggests that the expert's score is likely within this range. The original score of 4 falls within this interval, indicating that it is plausible.

3. **Adjustment Action**: Retain the original score. The reasoning is sound, and the score aligns well within the provided interval. The generated response effectively addresses the question, albeit with room for clarity in the explanation.

4. **Final Score**: 4. The response is correct and well-supported, with minor room for improvement in explanation clarity."
5,4,5,4,4.010021368796515,4.0,[4.02767637],4.0,"</think>

Final Score: 4

**Explanation:**

1. **Confidence in Original Score**: High. The generated response correctly identifies that the older gentleman is likely laughing, which supports the Claim. However, it adds an assumption about the reason for the laughter, which is not directly stated in the Situation.

2. **Interval Consideration**: The confidence interval provided is [4.00, 5.00]. My original score of 4 falls within this interval, indicating that it is plausible. The interval is narrow, suggesting that the score is likely accurate.

3. **Adjustment Action**: Retain the original score. While the generated response includes an assumption, it still accurately answers the question with a 'Yes.' The assumption does not detract from the correctness of the answer.

4. **Final Score**: 4. The response is clear and correct, with a minor addition that does not affect the overall accuracy."
6,4,5,4,4.013120586600962,4.0,[4.17265177],5.0,"**Explanation:**

Final Score: 4
Explanation: My confidence in the original score of 4 is high because the generated response correctly answers the question but lacks an explanation. The interval [4.00, 5.00] suggests that a score within this range is likely. Since the response is correct but brief, a score of 4 is appropriate, as it reflects clarity and correctness without the added depth of an explanation."
7,3,3,3,3.0373278890674555,3.0,[3.03679484],3.0,"**Explanation:**

Final Score: 3
Explanation: The generated response correctly answers ""No"" but is brief and misses key points. The confidence interval [3.00, 3.00] suggests the score is likely 3. The response's explanation is adequate but could be more detailed, aligning with the interval's guidance."
8,4,5,4,4.073380283055485,4.0,[4.11613797],5.0,"**Explanation:**

Final Score: 4
Explanation: My confidence in the original score of 4 is high because the generated response correctly identifies that the man is sitting, which supports the claim. The confidence interval [4.00, 5.00] suggests that the score is likely within this range. The interval is narrow, and my score falls within it, so I retain the original score. The response is accurate but could be more concise, which justifies the score of 4 rather than 5."
9,3,4,3,3.004725529037387,3.0,[3.13551256],4.0,"</think>

Final Score: 3

**Explanation:**

1. **Confidence in Original Score**: Medium. The generated response correctly answered ""No,"" but it lacked an explanation, which made it less informative. However, the absence of an explanation is a valid point for a lower score.

2. **Interval Consideration**: The confidence interval provided is [3.00, 4.00]. My original score of 3 falls within this interval, which suggests that it is plausible. The interval is relatively narrow, indicating that the score is likely within this range.

3. **Adjustment Action**: Retain the original score. While the generated response was brief, it was correct. The lack of explanation slightly detracts from its quality, but not enough to warrant a lower score outside the interval.

4. **Rationale**: The response accurately answered the question, which is the primary goal. The brevity, while a minor drawback, does not significantly impact the correctness of the answer. Therefore, maintaining the score of 3 aligns with the confidence interval and the evaluation criteria."
10,4,5,4,4.024807901093482,4.0,[4.0693019],5.0,"</think>

Final Score: 4

**Explanation:**

1. **Confidence in Original Score**: High. The generated response correctly identifies the presence of a man in a suit, leading to the correct conclusion that the Claim is not supported. The reasoning is clear and concise.

2. **Interval Consideration**: The confidence interval [4.00, 5.00] suggests that the score is likely within this range. The original score of 4 falls within this interval, indicating alignment with the expected expert judgment.

3. **Adjustment Action**: Retain. The reasoning is sound, and the score of 4 accurately reflects the quality of the response. While minor improvements could enhance clarity, the response is already strong.

4. **Final Score**: 4. The response effectively addresses the question with accurate reasoning, warranting a high score within the provided interval."
11,3,5,4,3.999772589621898,4.0,[3.9688909],5.0,"**Explanation:**
</think>

Final Score: 4

Explanation:
1. **Confidence Level**: High confidence in the original score of 4. The generated response correctly answers ""No"" and restates the Situation, but lacks detailed explanation.

2. **Interval Consideration**: The confidence interval [3.00, 5.00] suggests the score is within a reasonable range. The original score of 4 falls comfortably within this interval.

3. **Adjustment Action**: Retain the original score. The response is clear and correct, though it could benefit from more detailed reasoning. However, it sufficiently addresses the question without errors.

4. **Final Score**: 4. The response is accurate and understandable, meeting the criteria for a 4."
12,3,4,4,3.5684061980491606,4.0,[3.89323307],3.0,"</think>

Final Score: 4

Explanation:

1. **Confidence Level**: High confidence in the original score of 4. The generated response correctly answers ""No,"" which is accurate given the discrepancy between the black shirt in the situation and the blue shirt in the claim.

2. **Interval Consideration**: The confidence interval provided is [3.00, 4.00]. The original score of 4 falls within this interval, which suggests that it is a plausible score according to the expert judgment.

3. **Adjustment Action**: Retain the original score of 4. The response is correct, but it could be improved by including a brief explanation, which would make it a 5. However, the lack of explanation justifies the score of 4.

4. **Final Score**: 4. The response is correct but could be enhanced with a short justification."
13,4,5,4,4.091155020976657,4.0,[4.11252443],4.0,"</think>

Final Score: 4

**Explanation:**

1. **Confidence in Original Score**: High. The generated response correctly identifies that a man and a woman talking together form a pair of people talking. It directly answers the question with a clear 'Yes.' However, it could be slightly improved by explicitly mentioning the outdoor setting, as the park is an outdoor location. Despite this minor omission, the response is concise and accurate.

2. **Interval Consideration**: The confidence interval provided is [4.00, 5.00]. The original score of 4 falls within this interval, indicating that it is a plausible score according to the expert judgment.

3. **Adjustment Action**: Retain the original score. The response is accurate and concise, and the minor omission does not significantly detract from its quality. The score of 4 is appropriate within the given interval.

4. **Final Score**: 4. The response is clear and correct, with a minor area for improvement, making a score of 4 the most appropriate."
14,3,3,4,3.044981748654209,3.0,[3.23665919],4.0,"**Explanation:**
</think>

Final Score: 3

Explanation:
The generated response correctly answers ""Yes"" to whether the Claim is supported by the Situation. However, it lacks a detailed explanation, which is crucial for a well-justified answer. The confidence interval provided [3.00, 3.00] suggests that the score is likely around 3. Given the response's brevity and lack of justification, a score of 3 is appropriate, as it acknowledges the correctness but points out the need for improvement in explanation."
15,3,5,4,4.003881376110257,4.0,[3.97317424],5.0,"</think>

Final Score: 4

**Explanation:**

1. **Confidence in Original Score**: High. The generated response correctly identifies that the claim is not supported by the situation, as there is no mention of falling off the bike. The reasoning is logical and straightforward.

2. **Interval Consideration**: The confidence interval provided is [3.00, 5.00], which is relatively wide. The original score of 4 falls comfortably within this interval, indicating that it aligns well with the expected range of expert judgments.

3. **Adjustment Action**: Retain. The original score of 4 is appropriate because the response accurately addresses the question, though it could be slightly more concise. The interval supports this score, and there is no compelling reason to adjust it further.

4. **Final Score**: 4. The response is clear, correct, and well-supported, warranting a high score within the provided interval."
16,3,5,4,3.986231491536273,4.0,[3.94947559],5.0,"</think>

Final Score: 4

**Explanation:**

1. **Confidence in Original Score**: High. The generated response correctly identifies that the dog is not swimming underwater and answers 'No.' However, it could be more detailed by explicitly stating that the Situation involves the dog jumping, not swimming, which directly contradicts the Claim.

2. **Interval Consideration**: The confidence interval [3.00, 5.00] suggests that the expert's score is likely within this range. The original score of 4 falls comfortably within this interval, indicating that it is plausible.

3. **Adjustment Action**: Retain the original score with minor adjustments. The response is clear but somewhat brief. While it is acceptable, a bit more explanation could enhance clarity, but the score remains appropriate.

4. **Final Score**: 4. The response is correct and clear, though slightly brief. It effectively addresses the question and provides a logical conclusion."
17,3,5,4,4.007517939185163,4.0,[3.86925558],2.0,"</think>

Final Score: 4

**Explanation:**

1. **Confidence in Original Score**: High. The generated response correctly identifies that the premise does not provide enough information to support the claim. It is clear and accurate, though slightly brief.

2. **Interval Consideration**: The confidence interval [3.00, 5.00] suggests that the expert's score is likely within this range. The original score of 4 falls comfortably within this interval, indicating alignment with potential expert judgment.

3. **Adjustment Action**: Retain. The original score is appropriate as it reflects the clarity and accuracy of the generated response, despite minor room for improvement in explicitness.

4. **Final Score**: 4. The response is clear, accurate, and effectively addresses the question, warranting a high score within the provided interval."
18,3,4,3,2.9450575100345304,3.0,[3.22168642],3.0,"</think>

Final Score: 3

**Explanation:**

1. **Confidence in Original Score**: Medium. The generated response correctly answers ""Yes,"" but it lacks a detailed explanation, which is a key component in evaluating the quality of the response.

2. **Interval Consideration**: The confidence interval provided is [3.00, 4.00]. My original score of 3 falls within this interval, which suggests that it is plausible. However, the interval also includes 4, indicating that there is a possibility the score could be higher if the response had a more thorough explanation.

3. **Adjustment Action**: Retain the original score with minor consideration. While the response is correct, the lack of explanation slightly lowers its quality. Given the interval, a score of 3 is appropriate because the response is correct but not as detailed as it could be.

4. **Final Score**: 3. The response is correct but lacks the necessary explanation to fully support the claim, which is why it doesn't merit a higher score."
19,3,3,3,3.001022083897624,3.0,[3.11543733],4.0,"3

**Explanation:**
My confidence in the original score of 3 is high because the generated response correctly answers ""Yes"" but lacks any explanation, which is a key component of a well-justified response. The confidence interval provided is [3.00, 3.00], which aligns with my initial assessment. The narrow interval suggests that the score is consistent with expert judgment. Therefore, I retain the original score of 3, as it accurately reflects the response's correctness without sufficient justification."
20,4,5,3,4.0475759847904555,4.0,[3.88308664],5.0,"</think>

Final Score: 4

**Explanation:**

1. **Confidence in Original Score**: My confidence in the original score of 4 was medium. I recognized that the generated response correctly identified the presence of a crowd, which invalidates the Claim's mention of a single man. However, I was uncertain about whether the response adequately addressed the other aspects of the Claim, such as the person being next to the camera versus confronting it.

2. **Interval Analysis**: The provided confidence interval was [4.00, 5.00], indicating a narrow range. My original score of 4 fell within this interval, suggesting that it aligns with the expected expert judgment. The narrow interval implies that scores outside this range are unlikely, reinforcing the validity of a score within 4 to 5.

3. **Adjustment Consideration**: Given that my original score was within the interval and the interval was narrow, I considered retaining the score. The generated response, while concise, effectively addressed the key issue of the crowd, which was sufficient to determine the Claim's inaccuracy. The omission of discussing the camera's proximity was noted but deemed less critical in this context.

4. **Final Decision**: Retaining the score of 4 was appropriate because the generated response was correct in its main assessment and sufficiently clear, even if it didn't cover all aspects of the Claim. The score reflects the response's effectiveness in addressing the primary issue while acknowledging areas for improvement.

**Final Score: 4**"
21,4,5,4,4.021955807341328,4.0,[4.09569252],5.0,"</think>

Final Score: 4

**Explanation:**

1. **Confidence in Original Score**: High. The generated response accurately identified the discrepancy between two women in the premise and three women in the claim, leading to the correct conclusion that the claim is not supported.

2. **Interval Consideration**: The confidence interval provided is [4.00, 5.00]. The original score of 4 falls within this interval, indicating that it aligns with the expected expert judgment.

3. **Adjustment Action**: Retain. The response effectively addresses the question, and while it could be slightly clearer by explicitly stating the number discrepancy, it remains accurate and well-reasoned.

4. **Final Score**: 4. The response is correct and clear, justifying the score within the provided interval."
22,3,4,3,2.955632062863515,3.0,[3.32682935],3.0,"**Explanation:**

Final Score: 3
Explanation: My confidence in the original score of 3 is medium. The interval [3.00, 4.00] suggests that the score is likely within this range. The generated response correctly answers ""Yes"" but lacks explanation, which is a valid reason for a lower score. However, considering the interval, a score of 3 is appropriate as it reflects the response's brevity without sufficient justification."
23,3,5,4,4.001473839142818,4.0,[3.97211365],3.0,"</think>

Final Score: 4

**Explanation:**

1. **Confidence in Original Score**: High. The generated response correctly identifies that the premise does not explicitly state the reason for the line and concludes that the answer is 'No' because the premise specifies an amusement park ride, not a restaurant.

2. **Interval Consideration**: The confidence interval [3.00, 5.00] suggests that the expert's score is likely within this range. The original score of 4 falls comfortably within this interval, indicating alignment with potential expert judgment.

3. **Adjustment Action**: Retain. The reasoning provided is sound and aligns with the interval's guidance. The response effectively addresses the question by referencing the amusement park context, which strengthens the conclusion.

4. **Final Score**: 4. The generated response is clear, correct, and well-supported by the premise, making it deserving of a high score within the provided interval."
24,4,5,4,4.026946828903419,4.0,[4.05460717],4.0,"</think>

Final Score: 4

**Explanation:**

1. **Confidence in Original Score**: High. The generated response correctly identifies that the man is standing outside, contradicting the Claim of him sitting inside. The reasoning is clear and accurate.

2. **Interval Consideration**: The confidence interval [4.00, 5.00] suggests that the score is likely within this range. The original score of 4 falls within this interval, indicating alignment with the expected expert judgment.

3. **Adjustment Action**: Retain. The response is accurate and well-reasoned, with only minor room for improvement in explicitly stating the mutual exclusivity of the scenarios. However, this does not warrant a lower score.

4. **Final Score**: 4. The response effectively addresses the question with clear reasoning, justifying the score within the provided interval."
25,3,5,4,3.929565438048485,4.0,[3.81322472],5.0,"</think>

Final Score: 4

**Explanation:**

1. **Confidence in Original Score**: High. The initial evaluation correctly identified that the Claim and Situation are unrelated, leading to the conclusion that the Claim is not supported. The reasoning was clear, though slightly vague in its conclusion.

2. **Interval Consideration**: The confidence interval provided is [3.00, 5.00], which is relatively wide. The original score of 4 falls comfortably within this interval, suggesting that it aligns well with potential expert judgments.

3. **Adjustment Action**: Retain the original score with minor adjustments. The reasoning was sound, and the score of 4 appropriately reflects the clarity and correctness of the response, despite minor vagueness.

4. **Final Score**: 4. The response effectively addresses the question, though it could be more precise in its conclusion. The score of 4 remains appropriate as it balances clarity and correctness."
26,4,5,4,4.157713859487558,4.0,[4.13153245],5.0,"</think>

Final Score: 4

**Explanation:**

1. **Confidence in Original Score**: High. The generated response accurately identified the absence of a boy or a card trick in the situation, leading to the correct conclusion that the claim is unsupported.

2. **Interval Consideration**: The confidence interval provided is [4.00, 5.00], which is narrow. My original score of 4 falls within this interval, aligning with the expert judgment.

3. **Adjustment Action**: Retain. The response is clear and correct, though it could be slightly improved by mentioning the gender of the person performing the trick. However, this omission does not detract significantly from the overall quality.

4. **Final Score**: 4. The response effectively addresses the question with a correct answer and a concise explanation, warranting a high score within the interval."
27,4,5,4,4.034151736465901,4.0,[4.06279534],5.0,"</think>

Final Score: 4

**Explanation:**

1. **Confidence in Original Score**: High. The generated response correctly identifies that the children are at the beach, which directly supports the claim. The reasoning is straightforward and accurate.

2. **Interval Consideration**: The confidence interval provided is [4.00, 5.00], which is narrow. The original score of 4 falls within this interval, indicating that it is a plausible score according to the expert judgment.

3. **Adjustment Action**: Retain the original score. The reasoning in the generated response is clear and correct, though slightly less detailed than my own response. The minor difference in phrasing does not significantly impact the overall quality, so maintaining the score of 4 is appropriate.

4. **Final Score**: 4. The generated response effectively answers the question with a clear and correct answer, justifying the score within the provided interval."
28,4,5,4,4.135618307329423,4.0,[4.17681316],5.0,"</think>

Final Score: 4

**Explanation:**

1. **Confidence in Original Score**: High. The generated response correctly identifies that the man is wearing a blue shirt and answers ""Yes."" It is clear and correct, though it could be more detailed by referencing the Situation's description.

2. **Interval Consideration**: The confidence interval is [4.00, 5.00], which is narrow. My original score of 4 falls within this interval, supporting the decision.

3. **Adjustment Action**: Retain the original score. The response is correct but could be improved by including more details from the Situation, though it is not necessary for a score of 4.

4. **Final Score**: 4. The response is clear and correct, but there is room for improvement in detail."
29,2,4,2,1.7034638869990886,2.0,[2.25945881],2.0,"</think>

Final Score: 2

**Explanation:**

1. **Confidence in Original Score**: High. The initial evaluation correctly identified that the generated response misinterpreted the situation, leading to an incorrect conclusion. The reasoning was clear and aligned with the task requirements.

2. **Interval Consideration**: The confidence interval provided is [2.00, 4.00]. The original score of 2 falls within this interval, indicating that it is plausible. The interval's width suggests some uncertainty, but the score of 2 remains a reasonable assessment given the generated response's inaccuracies.

3. **Adjustment Action**: Retain the original score. The reasoning behind the score is sound, and the interval supports the decision. The generated response's misunderstanding of the situation justifies the lower score.

4. **Final Score**: 2. The generated response fails to accurately interpret the situation, leading to an incorrect conclusion. This warrants a score of 2, reflecting its lack of clarity and correctness."
30,3,3,3,2.9708096570539055,3.0,[3.04064658],3.0,"**Explanation:**

Final Score: 3
Explanation: My confidence in the original score of 3 is high because the generated response correctly answers ""Yes"" but provides flawed reasoning. The confidence interval [3.00, 3.00] confirms that the score is accurate. The narrow interval aligns with my evaluation, so no adjustment is needed. The response's correct answer with incorrect justification justifies the score of 3."
31,4,5,4,4.1458500620819905,4.0,[4.1362413],5.0,"</think>

Final Score: 4

**Explanation:**

1. **Confidence in Original Score**: High. The generated response correctly identifies that there is no evidence supporting the claim that the woman is asleep. It concisely answers ""No,"" which aligns with the analysis.

2. **Interval Consideration**: The confidence interval provided is [4.00, 5.00]. The original score of 4 falls within this interval, indicating that it is a plausible score according to the expert judgment.

3. **Adjustment Action**: Retain. The response is clear and accurate, though it could be slightly improved by explicitly stating that the woman is walking, which implies she is awake. However, this minor omission does not significantly affect the overall quality.

4. **Final Score**: 4. The response is correct and well-justified, meeting the criteria for a high-quality answer."
32,3,4,3,3.3327889363463328,3.0,[3.18303619],2.0,"</think>

Final Score: 3

**Explanation:**

1. **Confidence in Original Score**: Medium. The initial evaluation considered the lack of information about the bus stop and the man's intentions, leading to an ""Unknown"" answer. However, upon reflection, the situation clearly describes a senior waiting at a restaurant window, which is more indicative of waiting for food rather than a bus.

2. **Interval Consideration**: The confidence interval [3.00, 4.00] suggests that the score is likely within this range. The original score of 3 falls within this interval, indicating that it is plausible.

3. **Adjustment Action**: Retain the original score with minor adjustments. The generated response correctly identifies the lack of information but could be clearer in rejecting the claim based on the context provided.

4. **Final Score**: 3. The response acknowledges uncertainty but could better align with the situation by clearly stating the claim is not supported."
33,4,5,4,4.052158169269205,4.0,[4.0934189],4.0,"</think>

Final Score: 4

**Explanation:**

1. **Confidence in Original Score**: High. The generated response correctly identifies that the slip and slide is typically found at a party, supporting the Claim. However, it could be more concise by directly referencing the mention of a party in the Situation.

2. **Interval Consideration**: The confidence interval provided is [4.00, 5.00], which is narrow. My original score of 4 falls within this interval, indicating that it is plausible. The interval suggests that the expert's score is likely to be either 4 or 5.

3. **Adjustment Action**: Retain the original score with minor adjustment. The response is clear and correct but slightly verbose. While it could be more concise, it still effectively answers the question.

4. **Final Score**: 4. The response is accurate and well-justified, but there is room for improvement in conciseness."
34,4,5,4,4.203971415226988,4.0,[4.12521561],5.0,"</think>

Final Score: 4

**Explanation:**

1. **Confidence in Original Score**: High. The generated response accurately answers the question by confirming that the person is washing stairs, which is directly supported by the situation. The response is clear and to the point.

2. **Interval Consideration**: The confidence interval provided is [4.00, 5.00], which is narrow. The original score of 4 falls within this interval, indicating that it is a plausible score according to the expert judgment.

3. **Adjustment Action**: Retain the original score. The response is correct and concise, with only minor room for improvement in conciseness. Given the narrow interval and the accuracy of the response, retaining the score of 4 is appropriate.

4. **Final Score**: 4. The response effectively supports the claim with a clear and accurate answer, aligning well with the provided interval."
35,4,5,4,4.156538305935101,4.0,[4.13158912],5.0,"</think>

Final Score: 4

**Explanation:**

1. **Confidence in Original Score**: High. The generated response correctly identifies that a person cannot ride a bicycle on a boat and concludes ""No."" It is clear and correct, though slightly brief.

2. **Interval Consideration**: The interval [4.00, 5.00] suggests the score is likely within this range. My original score of 4 falls within this interval, indicating alignment with potential expert judgment.

3. **Adjustment Action**: Retain. The response is accurate and clear, meeting the criteria for a score of 4. While it could be more detailed, it sufficiently addresses the question without errors.

4. **Final Score**: 4. The response is correct and clear, warranting a score within the provided interval."
36,4,5,5,4.978623620585495,5.0,[4.90035559],5.0,"</think>

Final Score: 5

**Explanation:**

1. **Confidence in Original Score**: High. The generated response accurately identifies that a long-beaked bird is a type of bird and that mid-flight implies it is flying. The answer is concise and directly addresses the question.

2. **Interval Consideration**: The confidence interval [4.00, 5.00] suggests that the score is likely within this range. My original score of 5 falls within this interval, indicating high confidence in the evaluation.

3. **Adjustment Action**: Retain. The response is clear, correct, and concise, making a score of 5 appropriate.

4. **Final Score**: 5. The generated response effectively supports the claim with a clear and accurate explanation."
37,3,5,4,3.9020789197420527,4.0,[3.9980665],5.0,"</think>

Final Score: 4

**Explanation:**

1. **Confidence in Original Score**: High. The generated response correctly identifies that there are two women wearing headscarves, leading to the conclusion that the Claim is not supported. The reasoning is straightforward and accurate.

2. **Interval Consideration**: The confidence interval provided is [3.00, 5.00], which is relatively wide. The original score of 4 falls comfortably within this interval, indicating that it aligns well with the expected range of expert judgments.

3. **Adjustment Action**: Retain. The original score of 4 is appropriate because the response is correct but could be slightly more detailed. The interval suggests that a score within this range is plausible, and the reasoning behind the score is solid.

4. **Rationale**: The generated response effectively addresses the question by identifying two women wearing headscarves, which directly contradicts the Claim. While it could benefit from a more detailed explanation, the core reasoning is sound. The score of 4 reflects the response's correctness and clarity, making it a reasonable evaluation within the provided interval."
38,4,5,4,4.135314364333681,4.0,[4.19150942],5.0,"</think>

Final Score: 4

**Explanation:**

1. **Confidence in Original Score**: High. The generated response correctly identifies that a young boy is a child and answers ""Yes."" It is clear and correct, though slightly brief.

2. **Interval Consideration**: The confidence interval [4.00, 5.00] suggests the score is likely within this range. My original score of 4 falls within this interval, aligning with the expert judgment.

3. **Adjustment Action**: Retain. The response is accurate and meets the criteria for a score of 4. While it could be more detailed, it sufficiently addresses the question.

4. **Final Score**: 4. The response is clear and correct, justifying the score within the provided interval."
39,4,5,4,4.021745953436948,4.0,[4.11781913],4.0,"</think>

Final Score: 4

**Explanation:**

1. **Confidence in Original Score**: High. The generated response correctly identifies that the Claim is unrelated to the Situation. However, it could be more detailed by explaining why the two are unrelated, such as mentioning that the Situation involves human activity while the Claim involves an animal. Despite this, the response is clear and accurate.

2. **Interval Consideration**: The confidence interval provided is [4.00, 5.00]. The original score of 4 falls within this interval, indicating that it is plausible. The interval is narrow, suggesting that the score is likely accurate.

3. **Adjustment Action**: Retain the original score. The response is clear and accurate, and while it could be more detailed, it sufficiently addresses the question.

4. **Final Score**: 4. The response is clear and accurate, but could be improved by providing more detailed reasoning."
40,4,5,4,4.015442088606505,4.0,[4.05845793],4.0,"</think>

Final Score: 4

**Explanation:**

1. **Confidence in Original Score**: High. The generated response correctly identifies that the boy is in a field, supporting the claim. However, it adds unnecessary details about the flowers, which could be seen as extraneous.

2. **Interval Consideration**: The confidence interval [4.00, 5.00] suggests that the score is likely within this range. My original score of 4 falls within this interval, indicating alignment with the expected expert judgment.

3. **Adjustment Action**: Retain the original score. The response is clear and correct but could be more concise, which justifies the score of 4 rather than a perfect 5.

4. **Final Score**: 4. The response effectively answers the question but includes unnecessary elaboration, making it slightly less optimal than a perfect score."
41,3,4,3,3.24919896594929,3.0,[3.1438387],4.0,"</think>

Final Score: 3

**Explanation:**

1. **Confidence in Original Score**: Medium. The initial score of 3 was based on the generated response being somewhat correct but lacking in detail. However, considering the confidence interval, there's room for adjustment.

2. **Interval Analysis**: The interval [3.00, 4.00] suggests that the expert's score is likely within this range. The original score of 3 falls within this interval, indicating that it's plausible but not definitively the highest possible score.

3. **Adjustment Consideration**: While the generated response correctly identified the situation as a parade rather than a motorcade, it could have provided a more detailed explanation. However, given the interval and the conciseness of the response, a minor adjustment to 3 remains appropriate.

4. **Final Decision**: Retain the score of 3, as it aligns with the confidence interval and adequately reflects the response's quality."
42,2,4,2,1.8753441882345214,2.0,[2.23894428],3.0,"</think>

Final Score: 2

**Explanation:**

1. **Confidence in Original Score**: High. The original score of 2 was based on the generated response making an unsupported assumption about the pets sleeping on the grass, which was not mentioned in the Situation.

2. **Interval Analysis**: The confidence interval provided is [2.00, 4.00]. The original score of 2 falls within this interval. The interval is moderately wide, suggesting some uncertainty, but the original score is at the lower bound.

3. **Adjustment Consideration**: Retain the original score. The generated response incorrectly assumes the pets are sleeping on the grass without evidence, leading to an incorrect conclusion. This justifies a lower score.

4. **Final Decision**: The score remains 2, as the generated response's unsupported assumption and incorrect conclusion warrant a lower quality rating."
43,4,5,5,4.990642300743275,5.0,[4.88062826],5.0,"</think>

Final Score: 5

**Explanation:**

1. **Confidence in Original Score**: High. The generated response accurately addresses the question by directly linking the situation to the claim without unnecessary assumptions. It is clear and correct.

2. **Interval Consideration**: The confidence interval [4.00, 5.00] suggests that the score is likely within this range. My original score of 5 falls within this interval, indicating high confidence in the evaluation.

3. **Adjustment Action**: Retain. The response is concise, directly answers the question, and supports the claim effectively. No adjustments are needed.

4. **Final Score**: 5. The response is clear, correct, and effectively supports the claim."
44,2,4,2,1.7065294479371005,2.0,[2.2658633],1.0,"</think>

Final Score: 2

**Explanation:**

1. **Confidence in Original Score**: High. The generated response incorrectly interprets the Situation by stating that we cannot assume the woman is talking on the phone, despite the Situation explicitly stating she is. This misunderstanding leads to the wrong answer of 'No,' whereas the correct answer should be 'Yes.'

2. **Interval Consideration**: The confidence interval provided is [2.00, 4.00]. My original score of 2 falls within this interval, indicating that it is plausible. The interval suggests that the expert's score is likely within this range, supporting the idea that the generated response has significant flaws but is not the lowest possible score.

3. **Adjustment Action**: Retain the original score. The reasoning remains sound: the generated response misinterprets the Situation, leading to an incorrect conclusion. While the interval allows for a higher score, the fundamental error in the response justifies the lower score.

4. **Final Score**: 2. The generated response demonstrates a clear misunderstanding of the Situation, leading to an incorrect answer. While it partially addresses the question, the core error significantly impacts its quality."
45,4,5,4,4.017313094655947,4.0,[4.09205758],4.0,"</think>

Final Score: 4

**Explanation:**

1. **Confidence in Original Score**: High. The generated response correctly identifies that the girl is swinging in the air and thus not laying in the pool, leading to the correct answer of 'No.' The reasoning is clear and directly addresses the question.

2. **Interval Consideration**: The confidence interval provided is [4.00, 5.00]. The original score of 4 falls within this interval, indicating that it is a plausible score according to the expert judgment.

3. **Adjustment Action**: Retain the original score. The reasoning in the generated response is accurate and clear, though it could be slightly more concise. However, the score of 4 appropriately reflects the quality of the response.

4. **Final Score**: 4. The response is correct and well-justified, though it could be more concise. The score of 4 is appropriate given the confidence interval and the quality of the response."
46,3,5,4,3.9996857615542467,4.0,[4.00374604],4.0,"</think>

Final Score: 4

**Explanation:**

1. **Confidence in Original Score**: High. The generated response correctly identifies that the premise supports the claim by noting the boys are playing football. However, it unnecessarily adds information about safety and responsibility, which is not required for the question.

2. **Interval Consideration**: The confidence interval is [3.00, 5.00], which is relatively wide. The original score of 4 falls within this interval, supporting the decision to retain it.

3. **Adjustment Action**: Retain the original score. The response is clear and correct but could be more concise. The added information, while not incorrect, does not enhance the answer's relevance to the question.

4. **Final Score**: 4. The response effectively answers the question but includes unnecessary details, slightly reducing its quality."
47,3,5,4,3.9123136514190264,4.0,[3.92762624],4.0,"4

**Explanation:**
The generated response correctly answers ""Yes,"" which is accurate. However, it lacks an explanation, which is a minor drawback. Considering the confidence interval [3.00, 5.00], the original score of 4 is within the interval and reflects the response's correctness despite its brevity. Thus, the score remains 4.
</think>

{""own response"": ""Yes, the Claim is supported by the Situation. The Situation states that a girl is 'swinging high in the air,' which implies that she is on a swing. Therefore, the Claim is accurate."", ""qualitative analysis"": ""The generated response correctly answers 'Yes' but lacks an explanation. While the answer is correct, providing reasoning would enhance clarity and understanding."", ""overall quality"": 4}"
48,3,5,4,3.99044869498357,4.0,[3.96676438],4.0,"</think>

Final Score: 4

**Explanation:**

1. **Confidence in Original Score**: High. The generated response correctly identifies that the Claim is not supported by the Situation. However, it could be more detailed by explaining why the Claim is not supported, such as pointing out the lack of information about Pokemon cards or his girlfriend in the Situation. Despite this, the answer is accurate and clear.

2. **Interval Consideration**: The confidence interval provided is [3.00, 5.00], which is a wide interval. The original score of 4 falls within this interval, indicating that it is plausible. The interval suggests that the expert's score is likely to be within this range, which aligns with the initial evaluation.

3. **Adjustment Action**: Retain the original score with minor adjustments. The generated response is accurate but could be more detailed. However, the answer is clear and correct, so a score of 4 remains appropriate.

4. **Final Score**: 4. The generated response is accurate and clear, but it could be more detailed. The score of 4 reflects the response's correctness while acknowledging room for improvement in detail."
49,4,5,4,4.016957099393039,4.0,[4.02190134],3.0,"</think>

Final Score: 4

**Explanation:**

1. **Confidence in Original Score**: High. The generated response correctly identifies that the answer is ""No"" and provides a relevant explanation about the street performer. However, it could be more detailed by explicitly stating the absence of a child dancing inside.

2. **Interval Consideration**: The confidence interval [4.00, 5.00] suggests that the score is likely within this range. My original score of 4 falls within this interval, indicating alignment with the expected expert judgment.

3. **Adjustment Action**: Retain the original score. The response is clear and correct, though slightly less detailed. Given the interval, a score of 4 is appropriate as it reflects the response's accuracy and clarity without overstepping into a higher score that might require more comprehensive analysis.

4. **Final Score**: 4. The response effectively addresses the question with a correct answer and sufficient explanation, warranting a score within the provided interval."
50,4,5,4,4.429433215686913,4.0,[4.03827313],5.0,"</think>

Final Score: 4

**Explanation:**

1. **Confidence in Original Score**: High. The generated response accurately identifies the lack of information to confirm or deny the claim, which is crucial for the evaluation.

2. **Interval Consideration**: The confidence interval [4.00, 5.00] suggests that the expert's score is likely within this range. My original score of 4 falls within this interval, indicating alignment with the expected expert judgment.

3. **Adjustment Action**: Retain. The response is well-justified and clear, though it could be slightly more concise. However, the score of 4 remains appropriate as it reflects the response's accuracy and thoroughness.

4. **Final Score**: 4. The response effectively addresses the question, providing a clear and accurate assessment within the given information."
51,3,3,3,3.0001611218667676,3.0,[3.13561449],4.0,"**Explanation:**

Final Score: 3
Explanation: My confidence in the original score of 3 is high because the generated response correctly answers ""Yes"" but lacks detailed justification. The confidence interval [3.00, 3.00] confirms that 3 is the most plausible score. The narrow interval aligns with my evaluation, so I retain the original score."
52,3,5,4,3.9925702811624433,4.0,[4.00092342],4.0,"</think>

Final Score: 4

**Explanation:**

1. **Confidence in Original Score**: High. The generated response correctly identifies that the child is reaching to touch the propeller, supporting the Claim. However, it includes unnecessary details about the setting, which could confuse the reader.

2. **Interval Consideration**: The confidence interval [3.00, 5.00] suggests that the score is likely within this range. My original score of 4 falls comfortably within this interval, indicating alignment with potential expert judgment.

3. **Adjustment Action**: Retain the original score. The response is correct but could be more concise. The inclusion of extraneous details slightly detracts from clarity but does not warrant a lower score.

4. **Final Score**: 4. The response is accurate and addresses the question, though it could be improved by omitting irrelevant information."
53,4,5,5,4.997727384459722,5.0,[4.6650049],5.0,"**Explanation:**

Final Score: 5
Explanation: My confidence in the original score of 5 is high because the generated response accurately and concisely supports the claim. The confidence interval [4.00, 5.00] includes my score, and the narrow interval suggests high reliability. The response is clear and correct, so I retain the score of 5."
54,3,5,4,3.9908137290140075,4.0,[3.98679956],4.0,"</think>

Final Score: 4

**Explanation:**

1. **Confidence in Original Score**: High. The generated response correctly identifies that the lady is near a group of people because she is walking in a crowd. However, it unnecessarily introduces the detail about her hair color, which is not relevant to the Claim. This adds unnecessary complexity to the explanation.

2. **Interval Consideration**: The confidence interval provided is [3.00, 5.00], which is a wide interval. The original score of 4 falls within this interval, indicating that it is plausible. The interval suggests that the expert's score is likely to be between 3 and 5, which aligns with the initial assessment.

3. **Adjustment Action**: Retain the original score. The reasoning behind the score is sound, and the interval supports the possibility of a score within this range. The minor issue with the unnecessary detail does not significantly impact the overall quality of the response.

4. **Final Score**: 4. The response accurately answers the question but could be improved by removing irrelevant details."
55,4,5,5,4.965257894331444,5.0,[4.90974512],5.0,"</think>

Final Score: 5

**Explanation:**

1. **Confidence in Original Score**: High. The generated response accurately addresses the question by confirming that the woman is sitting outdoors, which directly supports the Claim. The response is concise and to the point without unnecessary assumptions.

2. **Interval Consideration**: The confidence interval provided is [4.00, 5.00]. My original score of 5 falls within this interval, indicating a high likelihood that the expert's score aligns with this assessment.

3. **Adjustment Action**: Retain the original score. The response is clear, correct, and fully supports the Claim without any ambiguity or errors.

4. **Rationale**: The generated response effectively answers the question by confirming the Claim based on the provided Situation. It is concise and directly addresses the core of the question without adding unnecessary details. Therefore, the score of 5 is appropriate and aligns with the confidence interval provided."
56,4,5,5,4.9551102556679325,5.0,[4.87872182],5.0,"</think>

Final Score: 5

**Explanation:**

1. **Confidence in Original Score**: High. The generated response correctly identifies that the boy is in the grass, not the sand, leading to the accurate conclusion that the Claim is not supported. The reasoning is clear and directly addresses the question without unnecessary assumptions.

2. **Interval Consideration**: The confidence interval provided is [4.00, 5.00]. My original score of 5 falls within this interval, indicating a high likelihood that the expert's score aligns with this assessment.

3. **Adjustment Action**: Retain the original score. The reasoning is sound, and the response is concise and accurate. There is no need for adjustment as the evaluation is thorough and the conclusion is correct.

4. **Final Score**: 5. The generated response effectively communicates the reasoning and answer clearly, making it a high-quality response."
57,3,4,3,3.4717824087992994,3.0,[3.1610588],3.0,"</think>

Final Score: 3

**Explanation:**

1. **Confidence in Original Score**: Medium. The initial score of 3 was based on the generated response's correct conclusion but noted unnecessary metaphorical interpretations.

2. **Interval Consideration**: The confidence interval [3.00, 4.00] suggests the score is likely within this range. The original score of 3 falls within this interval, indicating alignment with potential expert judgment.

3. **Adjustment Action**: Retain the original score. The reasoning remains sound: the response correctly answers ""No"" but adds unnecessary complexity. The score of 3 reflects this balance.

4. **Final Score**: 3. The response is correct but could be clearer, justifying the score within the provided interval."
58,4,5,4,4.184594881412522,4.0,[4.05597527],5.0,"</think>

Final Score: 4

**Explanation:**

1. **Confidence in Original Score**: High. The generated response correctly identifies that the situation does not support the claim, providing a clear and concise answer.

2. **Interval Consideration**: The confidence interval [4.00, 5.00] suggests that the expert's score is likely within this range. The original score of 4 falls within this interval, indicating alignment with expert judgment.

3. **Adjustment Action**: Retain. The response is accurate and well-justified, with only minor room for improvement, such as explicitly mentioning the absence of animals in the situation.

4. **Final Score**: 4. The response is clear, correct, and well-supported, warranting a high score within the provided interval."
59,3,4,4,3.503182761298376,4.0,[3.91107562],4.0,"</think>

Final Score: 4

**Explanation:**

1. **Confidence in Original Score**: High. The generated response correctly identified that the answer is ""No"" because the situation involves waiting for a ride, not a movie. However, the brevity of the response was noted as a potential weakness.

2. **Interval Consideration**: The confidence interval provided is [3.00, 4.00]. The original score of 4 falls within this interval, which suggests that it is a plausible score. The interval is relatively narrow, indicating that the score is likely to be accurate.

3. **Adjustment Action**: Retain the original score with minor adjustments. The response is correct but could be improved with a more detailed explanation. However, the lack of detail does not significantly detract from the correctness of the answer.

4. **Final Score**: 4. The response is correct and clear, though it could benefit from a more detailed explanation. The score of 4 reflects its correctness while acknowledging the room for improvement in clarity and detail."
60,3,4,3,3.183855856917944,3.0,[3.12938739],2.0,"</think>

Final Score: 3

**Explanation:**

1. **Confidence in Original Score**: My confidence in the original score of 3 is medium. I recognized that the generated response was somewhat correct but could be more direct in its conclusion.

2. **Interval Analysis**: The provided confidence interval is [3.00, 4.00]. My original score of 3 falls within this interval, which suggests that it is plausible. The interval is relatively narrow, indicating that the score is likely to be either 3 or 4.

3. **Adjustment Consideration**: Upon re-examining the generated response, I considered whether it merited a higher score. The response correctly acknowledges the uncertainty but could have been more explicit in rejecting the claim. However, it does not provide enough clarity to warrant a 4.

4. **Final Decision**: I decided to retain the original score of 3, as it accurately reflects the response's cautious nature and lack of directness in conclusion."
61,4,5,4,4.01518534151819,4.0,[4.13391765],5.0,"</think>

**Final Score: 4**

**Explanation:**

1. **Confidence in Original Score**: High. The generated response correctly identifies the absence of ladies and the activity mentioned in the Claim, leading to the accurate conclusion that the Claim is not supported.

2. **Interval Consideration**: The confidence interval [4.00, 5.00] suggests that the expert's score is likely within this range. The original score of 4 falls within this interval, indicating alignment with the expected expert judgment.

3. **Adjustment Action**: Retain the original score. The response is clear and correct, though it could be slightly more concise. However, it sufficiently addresses the key points without unnecessary details.

4. **Final Score**: 4. The response is accurate and well-justified, warranting a high score within the provided interval."
62,3,5,4,3.9626556987095682,4.0,[3.92761329],3.0,"**Explanation:**
</think>

Final Score: 4

Explanation:
The generated response correctly identifies that the Claim is supported by the Situation. However, it lacks a detailed explanation, which slightly reduces its quality. Considering the confidence interval [3.00, 5.00], the score of 4 is appropriate as it reflects the response's correctness with room for improvement in thoroughness."
63,3,5,4,3.9059435236231366,4.0,[3.99752234],5.0,"**Explanation:**

Final Score: 4
Explanation: My confidence in the original score of 4 is high because the generated response correctly answers the question but lacks detailed justification. The interval [3.00, 5.00] is wide, allowing for scores 3, 4, or 5. Since the response is correct but could be improved with more details, 4 remains appropriate."
64,4,5,4,4.070052404654234,4.0,[4.10038997],5.0,"</think>

Final Score: 4

**Explanation:**

1. **Confidence in Original Score**: High. The generated response correctly identifies that throwing tomatoes typically indicates a food fight and answers 'Yes.' However, it could be more detailed by explaining why throwing tomatoes is indicative of a food fight, such as referencing common scenarios or cultural contexts where this activity occurs.

2. **Interval Consideration**: The confidence interval provided is [4.00, 5.00], which is narrow. My original score of 4 falls within this interval, indicating that it is plausible. The interval suggests that the expert's score is likely to be either 4 or 5.

3. **Adjustment Action**: Retain the original score with minor adjustments. The response is clear and correct, but it could be improved by adding more context or details to support the conclusion.

4. **Final Score**: 4. The response is correct and clear, but it could be enhanced with additional details to strengthen the justification."
65,3,5,4,3.991274725293806,4.0,[3.98282794],5.0,"**Explanation:**

Final Score: 4
Explanation: My confidence in the original score of 4 is high because the generated response correctly answers ""No"" and provides a relevant explanation. The interval [3.00, 5.00] is wide, allowing for scores 3, 4, or 5. Since the response is correct but could be clearer, 4 remains appropriate."
66,4,5,5,4.971016610370498,5.0,[4.86306543],4.0,"</think>

Final Score: 5

**Explanation:**

1. **Confidence in Original Score**: High. The generated response accurately identifies that the pregnant lady is making music by singing on stage, directly supporting the Claim without unnecessary assumptions.

2. **Interval Consideration**: The confidence interval [4.00, 5.00] suggests that the expert's score is likely within this range. My original score of 5 falls within this interval, indicating high confidence in the evaluation.

3. **Adjustment Action**: Retain. The response is concise, directly addresses the question, and effectively supports the Claim, justifying the high score.

4. **Final Score**: 5. The response is clear, correct, and effectively supports the Claim, aligning with the highest quality score."
67,4,5,5,4.972325748574804,5.0,[4.90569148],5.0,"**Explanation:**

Final Score: 5
Explanation: My confidence in the original score of 5 is high because the generated response accurately and concisely supports the claim. The confidence interval [4.00, 5.00] includes the original score, and the narrow interval suggests high reliability. The response directly links weaving to working with cloth without unnecessary details, justifying the high score."
68,4,5,4,4.094126515840799,4.0,[4.11612365],5.0,"</think>

Final Score: 4

**Explanation:**

1. **Confidence in Original Score**: High. The generated response accurately identifies that the premise does not mention canoeing and correctly concludes ""No."" The reasoning is clear and directly addresses the question.

2. **Interval Consideration**: The confidence interval [4.00, 5.00] suggests that the expert's score is likely within this range. My original score of 4 falls within this interval, indicating alignment with the expected expert judgment.

3. **Adjustment Action**: Retain the original score. The response is accurate and clear, though slightly verbose. The score of 4 appropriately reflects its quality.

4. **Final Score**: 4. The response is correct and well-justified, warranting a high score within the interval."
69,3,5,4,4.004472622731555,4.0,[4.00016144],5.0,"</think>

Final Score: 4

**Explanation:**

1. **Confidence in Original Score**: High. The generated response correctly identifies that the man is selling corn, not throwing it, leading to the accurate conclusion of ""No."" The reasoning is clear and directly addresses the question.

2. **Interval Consideration**: The confidence interval [3.00, 5.00] suggests that the expert's score is likely within this range. The original score of 4 falls comfortably within this interval, indicating alignment with potential expert judgment.

3. **Adjustment Action**: Retain. The response is accurate and well-reasoned, with only a minor phrasing issue that does not significantly impact clarity or correctness.

4. **Final Score**: 4. The response effectively addresses the question with a correct answer and clear reasoning, justifying a high score within the provided interval."
70,3,4,4,3.5452123626037064,4.0,[3.92218658],3.0,"</think>

Final Score: 4

**Explanation:**

1. **Confidence in Original Score**: High. The generated response correctly answers ""No,"" indicating the Claim is not supported by the Situation. However, it lacks an explanation, which slightly diminishes the quality.

2. **Interval Consideration**: The confidence interval is [3.00, 4.00]. The original score of 4 falls within this interval, suggesting it aligns with expert judgment.

3. **Adjustment Action**: Retain the original score. The response is correct, and while the lack of explanation is noted, the answer's correctness justifies the score within the interval.

4. **Final Score**: 4. The response accurately answers the question, and the interval supports this score as plausible."
71,4,5,5,4.979250821653295,5.0,[4.86127615],5.0,"</think>

Final Score: 5

**Explanation:**

1. **Confidence in Original Score**: High. The generated response accurately addresses the question by confirming that the man in the black shirt is playing golf, which directly supports the claim. The response is concise and to the point without unnecessary assumptions.

2. **Interval Consideration**: The confidence interval provided is [4.00, 5.00]. My original score of 5 falls within this interval, indicating a high likelihood that the expert's score aligns with this assessment.

3. **Adjustment Action**: Retain the original score. The response is clear, correct, and efficiently answers the question without any flaws or ambiguities.

4. **Final Score**: 5. The generated response is both clear and correct, fully supporting the claim as per the situation provided."
72,4,5,4,4.04590010447555,4.0,[4.11562054],4.0,"</think>

Final Score: 4

**Explanation:**

1. **Confidence in Original Score**: High. The generated response correctly identifies that the dog is jumping to catch an object, supporting the Claim. However, it could be more concise by directly referencing the toy as the object without adding unnecessary details about the dog's appearance.

2. **Interval Consideration**: The confidence interval provided is [4.00, 5.00], which is narrow. My original score of 4 falls within this interval, indicating that it is plausible. The interval suggests that the expert's score is likely to be either 4 or 5.

3. **Adjustment Action**: Retain the original score with minor adjustment. While the response is correct, it could be more concise, which slightly impacts the quality score. Therefore, maintaining a score of 4 is appropriate.

4. **Final Score**: 4. The response is clear and correct but could be improved by being more concise."
73,3,5,4,3.87264283368404,4.0,[3.96314351],5.0,"</think>

**Final Score: 4**

**Explanation:**

1. **Confidence in Original Score**: High. The generated response correctly identifies that the young people are playing music and concludes ""No"" to the claim about water polo. However, it lacks a detailed explanation linking the instruments to music.

2. **Interval Consideration**: The confidence interval [3.00, 5.00] suggests the score is likely within this range. The original score of 4 falls within this interval, indicating alignment with potential expert judgment.

3. **Adjustment Action**: Retain the original score. The response is concise and accurate, though it could be improved with more detail. However, it sufficiently addresses the question without errors.

4. **Final Score**: 4. The response is clear and correct, though it could benefit from a more detailed explanation."
74,3,5,4,3.9196331676557747,4.0,[4.00629064],4.0,"</think>

Final Score: 4

**Explanation:**

1. **Confidence in Original Score**: High. The generated response correctly answers ""Yes"" and aligns with the premise that preparing hot air balloons implies being outside.

2. **Interval Consideration**: The interval [3.00, 5.00] is wide, allowing for scores 3, 4, or 5. The original score of 4 falls within this range, supporting its validity.

3. **Adjustment Action**: Retain. The response is accurate and concise, though it could benefit from explicitly linking the activity to the outdoor setting for clarity.

4. **Final Score**: 4. The response is correct and clear, justifying the score within the interval."
75,4,5,4,4.31702292344562,4.0,[4.18449912],5.0,"</think>

Final Score: 4

**Explanation:**

1. **Confidence in Original Score**: High. The generated response correctly identifies that the man is inside a supermarket based on the given Situation. It directly addresses the question without unnecessary assumptions or tangents.

2. **Interval Consideration**: The confidence interval provided is [4.00, 5.00]. The original score of 4 falls within this interval, indicating that it is a plausible score according to the expert judgment.

3. **Adjustment Action**: Retain. The response is concise and effective, though it could benefit from explicitly mentioning the presence of the shopping cart and the action of studying shelves, which further support the Claim. However, these minor omissions do not significantly detract from the overall clarity and correctness of the response.

4. **Final Score**: 4. The response is clear and correct, with only minor areas for improvement, making a score of 4 appropriate."
