1,2,3,4,5
-0.0336535349999999,-3.4086535,-11.512925464970229,-11.512925464970229,-11.512925464970229
-2.3037958,-0.42879575,-1.6787958,-6.553796,-11.512925464970229
-5.8429728,-1.9679726,-0.34297264,-2.9679728,-9.217973
-2.940351,-0.0653511199999999,-4.565351,-11.512925464970229,-11.512925464970229
-4.529232,-0.1542318299999999,-2.0292318,-7.279232,-11.512925464970229
-3.6987047,-0.0737046099999999,-3.0737047,-10.198705,-11.512925464970229
-8.707877,-2.582877,-0.33287695,-1.5828769,-6.207877
-9.154566,-4.1545663,-0.5295661,-1.904566,-7.0295663
-0.2026655399999999,-1.7026656,-6.7026653,-11.327665,-11.512925464970229
-7.017065,-0.7670651,-0.6420650999999999,-4.767065,-11.512925464970229
-9.226077,-3.6010768,-0.47607678,-2.8510768,-9.351077
-3.290806,-0.16580604,-2.165806,-7.040806,-10.790806
-11.512925464970229,-4.5875845,-0.58758444,-0.83758444,-6.5875845
-6.4399376,-1.8149375,-0.4399374999999999,-3.5649376,-10.439938
-0.17827977,-2.3032799,-5.92828,-10.42828,-11.512925464970229
-8.212361,-3.3373613,-0.33736143,-2.2123613,-7.9623613
-0.8905915600000001,-1.7655916,-4.8905916,-9.515592,-11.512925464970229
-10.451885,-4.576885,-0.5768852000000001,-1.2018852,-6.326885
-8.461293,-3.5862937,-0.46129367,-1.8362937,-6.7112937
-2.9450817,-0.070081815,-4.1950817,-11.512925464970229,-11.512925464970229
-4.5528417,-1.0528414,-0.9278415,-5.3028417,-11.512925464970229
-3.2963421,-0.0463420379999999,-4.796342,-11.512925464970229,-11.512925464970229
-6.293392,-1.1683922,-0.41839212,-3.5433922,-8.293392
-0.9445362699999998,-0.69453627,-3.6945362,-9.819536,-11.512925464970229
-1.6669855,-0.6669854500000001,-2.0419855,-6.7919855,-11.512925464970229
-4.7478633,-0.8728631,-0.6228631,-4.9978633,-11.512925464970229
-3.99931,-1.1243101,-1.1243101,-4.99931,-11.2493105
-11.512925464970229,-8.021223,-2.6462233,-0.27122334,-2.1462233
-7.5339313,-2.4089313,-0.4089312999999999,-3.5339313,-10.783932
-0.9743927,-0.4743927,-8.099393,-11.512925464970229,-11.512925464970229
-0.5615216499999999,-1.0615216,-5.0615215,-11.186522,-11.512925464970229
-5.6005697,-1.2255696,-0.47556964,-4.9755697,-11.512925464970229
-5.4431305,-1.1931305,-0.69313055,-4.8181305,-11.512925464970229
-8.9135065,-3.5385067,-0.6635067,-2.9135067,-8.7885065
-7.507251,-2.632251,-0.3822510199999999,-3.007251,-9.507251
-3.0188665,-0.8938664,-1.1438664,-5.5188665,-11.512925464970229
-6.8340335,-2.2090335,-0.45903358,-3.7090335,-9.709034
-7.208746,-0.833746,-0.5837459999999999,-4.958746,-11.512925464970229
-9.739936,-3.6149359,-0.6149359,-0.8649359,-4.489936
-7.7587857,-2.633786,-0.2587859,-2.758786,-9.133786
-3.5978217,-0.0978216899999999,-2.7228217,-9.097821,-11.512925464970229
-7.2176905,-3.7176902,-0.8426902,-2.2176902,-5.3426905
-9.517512,-5.5175123,-1.1425122,-1.0175122,-3.3925123
-9.541672,-2.7916722,-0.2916720999999999,-1.6666721,-5.916672
-4.5459824,-0.9209821,-0.9209821,-5.2959824,-11.512925464970229
-2.8313138,-0.0813139399999999,-3.9563138,-10.706314,-11.512925464970229
-8.6786175,-4.178618,-0.8036179,-2.428618,-7.678618
-6.9284315,-2.6784315,-0.5534314,-3.0534315,-8.3034315
-3.8749666,-0.87496656,-0.87496656,-4.6249666,-11.374967
-7.1680984,-2.7930987,-0.6680986000000001,-3.6680987,-9.543098
-9.046521,-4.046521,-0.2965210399999999,-1.5465211,-7.671521
-5.5162954,-1.5162952,-0.5162952500000001,-4.7662954,-11.512925464970229
-1.8993354,-0.39933544,-2.1493354,-7.6493354,-11.512925464970229
-4.95991,-1.2099102,-0.7099101,-3.8349102,-10.58491
-8.505842,-4.0058417,-0.6308418000000001,-1.6308417,-6.1308417
-9.978649,-4.353649,-0.6036491999999999,-2.2286491,-7.853649
-7.381952,-3.631952,-0.38195202,-1.381952,-5.256952
-4.7478557,-0.6228555,-0.8728555,-5.8728557,-11.512925464970229
-8.3536005,-3.4786003,-0.35360023,-2.7286003,-8.9786005
-8.054102,-1.4291016,-0.3041016000000001,-3.8041015,-9.429102
-11.512925464970229,-8.844946,-2.4699457,-0.2199456,-4.0949454
-6.329855,-2.2048547,-0.5798548000000001,-3.5798547,-9.579855
-0.44613907,-1.1961391,-5.321139,-10.446139,-11.512925464970229
-6.661595,-0.1615950499999999,-1.9115951,-9.411595,-11.512925464970229
-0.2040864,-2.8290863,-7.7040863,-11.512925464970229,-11.512925464970229
-4.7788787,-0.5288788,-1.0288788,-6.1538787,-11.512925464970229
-5.8139358,-2.188936,-0.5639359399999999,-3.063936,-8.563936
-1.5032611,-0.25326115,-6.628261,-11.512925464970229,-11.512925464970229
-2.5812,-0.0811884811664505,-6.0812,-11.512925464970229,-11.512925464970229
-3.5939887,-0.5939886,-1.3439887,-6.5939884,-11.512925464970229
-5.616553,-0.11655305,-2.241553,-9.491553,-11.512925464970229
-10.908147,-3.2206464,-0.22064644,-1.8456464,-9.095647
-0.1812695699999999,-3.3062696,-6.8062696,-11.512925464970229,-11.512925464970229
-4.085522,-0.960522,-1.2105219,-5.460522,-11.512925464970229
-4.1506395,-0.025639609,-4.6506395,-11.512925464970229,-11.512925464970229
-2.024524,-0.3995239999999999,-1.649524,-6.774524,-11.512925464970229
-9.324316,-1.8243159,-0.1993159,-3.949316,-11.324316
-1.157882,-0.907882,-3.282882,-8.407882,-11.512925464970229
-0.3585272,-1.3585272,-5.358527,-11.358527,-11.512925464970229
-4.1568265,-0.0318266859999999,-4.1568265,-11.512925464970229,-11.512925464970229
-3.043626,-0.7936260699999999,-1.9186261,-7.043626,-11.512925464970229
-6.6436086,-0.7686083999999999,-0.6436083999999999,-4.6436086,-11.512925464970229
-9.553106,-4.1781063,-0.4281065,-1.9281065,-7.5531063
-7.342305,-1.8423052,-0.21730517,-4.217305,-11.512925464970229
-7.4873824,-2.6123824,-0.3623823,-3.4873824,-11.112382
-7.9383183,-1.0633184,-0.43831834,-4.6883183,-11.512925464970229
-6.016062,-2.0160615,-0.6410615999999999,-4.016062,-9.891062
-7.407115,-2.2821147,-0.15711485,-3.4071147,-11.282115
-3.0685267,-0.6935268,-0.8185268,-5.0685267,-11.512925464970229
-11.512925464970229,-5.0512033,-0.3012034,-1.8012034,-9.176204
-5.6869445,-1.4369444,-0.43694434,-4.3119445,-10.811944
-11.512925464970229,-7.3885155,-1.7635154,-0.38851538,-4.1385155
-11.512925464970229,-2.8636546,-0.1136547199999999,-2.9886546,-11.512925464970229
-3.8835838,-0.8835837,-1.0085838,-5.1335835,-11.508584
-2.951939,-0.0769390599999999,-3.826939,-10.326939,-11.512925464970229
-2.4121513,-0.5371513,-1.4121513,-5.7871513,-11.512925464970229
-1.2236136,-0.34861362,-8.723614,-11.512925464970229,-11.512925464970229
-0.75314003,-1.50314,-3.87814,-8.25314,-11.512925464970229
-6.5136843,-0.63868433,-0.76368433,-5.3886843,-11.512925464970229
-3.6564052,-0.0314052399999999,-5.2814054,-11.512925464970229,-11.512925464970229
-8.135178,-3.2601776,-0.2601776999999999,-2.0101776,-8.135178
-7.189483,-0.3144831399999999,-1.3144832,-7.689483,-11.512925464970229
-5.0427756,-1.1677755,-0.5427754999999999,-4.4177756,-11.512925464970229
-5.932822,-0.1828223899999999,-1.8078223,-7.807822,-11.512925464970229
-0.7169627,-0.8419627,-4.216963,-10.466963,-11.512925464970229
-2.576514,-0.4515140699999999,-1.451514,-7.2015142,-11.512925464970229
-1.9363031,-0.93630314,-1.1863031,-4.311303,-8.936303
-7.4134316,-1.2884318,-0.4134318,-2.788432,-7.1634316
-3.639472,-0.5144721,-1.2644721,-6.389472,-11.512925464970229
-0.102783106,-2.4777832,-7.102783,-11.512925464970229,-11.512925464970229
-0.8073646,-0.9323646,-4.1823645,-9.807364,-11.512925464970229
-2.8143039,-0.064303905,-6.064304,-11.512925464970229,-11.512925464970229
-7.181733,-2.056733,-0.18173291,-3.806733,-11.512925464970229
-4.92038,-0.0453799179999999,-3.2953799,-11.42038,-11.512925464970229
-10.453692,-2.8286922,-0.20369217,-2.0786922,-9.703692
-3.5495327,-0.54953265,-1.0495327,-6.174533,-11.512925464970229
-4.398426,-0.023425877,-4.523426,-11.512925464970229,-11.512925464970229
-10.436335,-4.5613346,-0.3113344599999999,-1.5613345,-8.061335
-7.9840775,-3.8590772,-0.2340772999999999,-1.8590773,-7.2340775
-1.8633059,-0.48830596,-1.6133059,-6.613306,-11.512925464970229
-11.083673,-6.333672,-1.2086723,-0.4586722299999999,-3.8336723
-7.886347,-2.5113468,-0.1363469,-3.2613468,-11.386347
-7.9003496,-3.0253494,-0.5253494,-3.1503494,-9.27535
-9.624773,-5.499773,-0.99977285,-1.1247728,-4.124773
-10.344546,-4.719546,-0.2195458999999999,-1.7195458,-9.719546
-6.661589,-0.16158937,-1.9115894,-9.41159,-11.512925464970229
-2.8083367,-0.6833366999999999,-2.0583367,-7.1833367,-11.512925464970229
-8.188184,-3.6881835,-0.31318355,-1.9381835,-7.563184
-0.4384951299999999,-1.1884952,-3.6884952,-8.563495,-11.512925464970229
-5.693065,-0.31806535,-1.3180654,-6.568065,-11.512925464970229
-10.130508,-5.0055084,-0.6305085399999999,-1.2555085,-5.8805084
-3.5586505,-0.5586506,-1.0586506,-5.1836505,-11.512925464970229
-2.4423008,-0.6923007,-1.9423007,-6.817301,-11.512925464970229
-9.564624,-2.8146243,-0.3146242199999999,-1.5646242,-7.1896243
-10.114935,-4.239935,-0.86493516,-0.6149351600000001,-3.7399352
-0.5766068000000001,-0.8266068,-7.3266068,-11.512925464970229,-11.512925464970229
-0.39851943,-2.0235195,-5.5235195,-11.2735195,-11.512925464970229
-3.5667489,-0.066748805,-3.3167489,-10.066749,-11.512925464970229
-8.618592,-2.4935918,-0.3685918999999999,-1.4935919,-6.993592
-11.512925464970229,-6.8865724,-1.7615722,-0.51157224,-5.0115724
-4.5482655,-1.1732655,-0.92326546,-4.6732655,-11.173265
-2.3562975,-0.1062976099999999,-5.1062975,-11.512925464970229,-11.512925464970229
-2.3580198,-0.1080198139999999,-4.85802,-11.512925464970229,-11.512925464970229
-4.4207597,-0.045759648,-3.4207597,-11.512925464970229,-11.512925464970229
-5.6268153,-1.6268153,-0.62681526,-4.3768153,-11.376815
-0.5761019,-0.8261019,-8.826102,-11.512925464970229,-11.512925464970229
-4.325382,-0.07538239,-2.8253825,-9.325382,-11.512925464970229
-3.3963199,-0.6463199999999999,-1.64632,-6.39632,-11.512925464970229
-4.2973666,-0.0473664739999999,-3.4223664,-11.172366,-11.512925464970229
-2.949355,-0.0743549599999999,-3.949355,-11.512925464970229,-11.512925464970229
-9.103334,-1.9783342,-0.2283341399999999,-2.7283342,-7.978334
-8.097491,-3.2224915,-0.34749153,-2.5974915,-8.722491
-0.3810430199999999,-1.506043,-6.131043,-11.512925464970229,-11.512925464970229
-8.129301,-3.129301,-0.629301,-2.879301,-9.129301
-9.372359,-2.497359,-0.2473590399999999,-1.997359,-6.8723593
-11.512925464970229,-6.6337686,-1.2587686,-0.5087684999999998,-4.7587686
-11.462598,-3.0250983,-0.1500982999999999,-2.4000983,-9.525098
-1.5025599,-0.25255993,-7.37756,-11.512925464970229,-11.512925464970229
-2.6975553,-0.07255529,-5.947555,-11.512925464970229,-11.512925464970229
-11.477585,-5.7275844,-0.6025845,-0.8525845,-6.3525844
-0.14830755,-2.8983076,-6.0233073,-10.898308,-11.512925464970229
-2.6215982,-0.49659827,-1.4965982,-6.7465982,-11.512925464970229
-6.3007464,-0.92574644,-0.5507464399999998,-3.6757464,-10.050747
-1.2245104,-0.3495103999999999,-6.84951,-11.512925464970229,-11.512925464970229
-4.3674207,-0.2424206699999999,-1.6174207,-5.4924207,-10.11742
-1.9884288,-0.36342886,-2.3634288,-8.113429,-11.512925464970229
-7.6344657,-2.0094657,-0.50946575,-1.3844657,-4.2594657
-10.125928,-5.7509274,-0.8759275,-0.6259275,-5.0009274
-0.4760596799999999,-1.2260597,-3.6010597,-8.97606,-11.512925464970229
-11.512925464970229,-6.067174,-0.94217414,-1.1921742,-7.317174
-2.5988138,-0.7238138,-1.3488138,-5.973814,-11.512925464970229
-11.512925464970229,-5.4596252,-1.3346252,-0.33462524,-4.0846252
-6.161009,-0.78600866,-0.66100866,-3.6610086,-8.661009
-0.0492925269999999,-3.7992926,-8.049293,-11.512925464970229,-11.512925464970229
-3.9996371,-1.3746372,-0.49963722,-4.124637,-9.999638
-0.33320147,-1.3332014,-4.8332014,-10.458201,-11.512925464970229
-1.8353603,-0.8353603,-2.7103603,-7.5853605,-11.512925464970229
-1.9670625,-0.46706253,-1.7170625,-6.2170625,-11.512925464970229
-3.9197764,-0.6697763999999999,-0.9197764,-4.7947764,-11.512925464970229
-0.5500581,-1.0500581,-3.6750581,-7.9250584,-11.512925464970229
-4.1400003,-0.64000034,-0.89000034,-5.8900003,-11.512925464970229
-2.5979033,-0.0979032,-3.9729033,-11.512925464970229,-11.512925464970229
-10.54723,-5.1722293,-0.5472294699999999,-0.92222947,-7.5472293
-9.650364,-3.6503634,-0.1503634599999999,-2.6503634,-10.150364
-8.6077795,-4.3577795,-0.8577796,-1.9827796,-7.1077795
-3.2902794,-0.9152793,-1.1652794,-4.9152794,-11.512925464970229
-5.810138,-0.43513826,-1.0601382,-5.685138,-11.512925464970229
-11.127252,-6.0022516,-0.87725174,-0.6272517400000001,-5.6272516
-11.512925464970229,-5.1473837,-0.2723837199999999,-1.7723837,-9.397384
-3.7205436,-1.2205436,-0.9705437,-5.095544,-11.345544
-0.27874333,-1.9037433,-5.6537433,-11.028744,-11.512925464970229
-4.221572,-0.596572,-1.0965719,-5.346572,-11.512925464970229
-2.1288579,-0.12885779,-6.2538576,-11.512925464970229,-11.512925464970229
-8.357953,-1.7329531,-0.2329530899999999,-3.482953,-9.357953
-11.512925464970229,-7.20677,-1.5817697,-0.83176976,-3.9567697
-6.9561934,-0.5811936,-0.8311936,-5.4561934,-11.512925464970229
-10.091205,-4.3412046,-0.21620476,-2.3412046,-8.841205
-4.3521805,-0.1021804659999999,-2.4771805,-8.2271805,-11.512925464970229
-8.622274,-3.1222746,-0.2472745799999999,-3.2472746,-9.497274
-9.328012,-3.4530127,-0.2030126,-2.5780127,-9.453012
-0.80158603,-0.80158603,-2.8015862,-8.301586,-11.512925464970229
-9.882106,-4.6321054,-0.3821055599999999,-1.7571056,-7.3821054
-8.591139,-1.8411384,-0.2161384,-3.3411384,-8.841139
-11.512925464970229,-6.103151,-0.6031507999999999,-0.9781508,-7.478151
-11.512925464970229,-5.88246,-0.38246003,-1.38246,-7.50746
-2.3256056,-0.82560563,-1.8256056,-6.3256054,-11.512925464970229
-0.7382769,-0.9882769,-4.363277,-9.6132765,-11.512925464970229
-4.7770796,-1.4020798,-0.7770798000000001,-5.0270796,-11.27708
-0.2645284499999999,-1.6395285,-5.3895283,-10.639528,-11.512925464970229
-2.5616388,-0.4366387,-2.1866388,-7.061639,-11.512925464970229
-8.28736,-2.2873597,-0.28735974,-1.9123597,-8.41236
-5.872635,-1.2476346,-0.7476347000000001,-4.372635,-11.497635
-6.2775435,-1.7775435,-0.9025436,-4.0275435,-11.152544
-7.337751,-2.2127512,-0.8377511,-3.7127512,-10.962751
-9.559132,-2.9341311,-0.3091312599999999,-1.5591313,-6.059131
-11.512925464970229,-5.694189,-0.9441891,-1.1941891,-6.444189
-0.74487907,-1.494879,-4.3698792,-9.369879,-11.512925464970229
-10.406385,-2.2813857,-0.15638565,-3.1563857,-11.512925464970229
-9.809057,-2.6840575,-0.18405758,-2.3090575,-7.8090577
-9.315646,-2.065646,-0.19064583,-3.065646,-9.065646
-9.925815,-2.0508146,-0.17581454,-3.4258146,-10.925815
-6.4851327,-2.3601327,-0.48513258,-3.4851327,-9.735132
-4.4078097,-0.0328095699999999,-3.9078095,-11.512925464970229,-11.512925464970229
-8.167452,-2.7924523,-0.41745222,-3.2924523,-10.417452
-1.8799531,-0.7549532,-1.8799531,-6.3799534,-11.512925464970229
-3.7757013,-0.15070136,-2.1507013,-7.5257015,-11.512925464970229
-8.068419,-1.443419,-0.31841904,-3.318419,-10.630919
-11.314218,-5.9392176,-1.0642178,-1.0642178,-5.9392176
-3.3295722,-0.0795721559999999,-3.2045722,-9.329572,-11.512925464970229
-10.571682,-5.571682,-1.196682,-0.9466819,-5.821682
-9.650811,-3.0258114,-0.2758113399999999,-1.6508113,-7.525811
-6.219799,-0.8447989,-0.5947988999999999,-4.094799,-11.512925464970229
-0.71170735,-0.96170735,-2.7117074,-7.086707,-11.512925464970229
-8.147393,-3.2723927,-0.3973928,-2.6473927,-8.522393
-10.047194,-2.6721938,-0.29719386,-1.6721939,-9.297194
-11.512925464970229,-5.31504,-1.0650401,-0.44004005,-5.06504
-11.17642,-5.05142,-0.6764204500000001,-1.3014205,-7.30142
-3.913342,-0.0383418799999999,-4.038342,-11.512925464970229,-11.512925464970229
-6.7759986,-2.5259984,-0.2759984,-3.1509984,-9.525998
-4.7130647,-0.0880648599999999,-2.588065,-8.838065,-11.512925464970229
-8.533229,-3.4082294,-0.1582292499999999,-2.4082294,-8.283229
-11.512925464970229,-6.180996,-1.305996,-0.8059958999999999,-4.680996
-11.188316,-5.813316,-1.0633159,-0.5633158700000002,-5.313316
-11.512925464970229,-5.6249413,-0.6249414,-1.1249413,-7.1249413
-11.379426,-5.3794255,-0.5044256400000001,-1.2544256,-6.7544255
-11.512925464970229,-6.3618693,-0.8618692,-0.6118692000000001,-5.8618693
-10.743681,-4.743681,-0.3686809999999999,-1.368681,-6.993681
-11.512925464970229,-6.0964384,-1.0964385,-0.5964385000000001,-5.4714384
-3.051348,-0.801348,-1.176348,-4.8013477,-11.426348
-9.11958,-3.7445803,-0.24458039,-2.1195803,-8.61958
-8.781349,-4.1563497,-0.4063494499999999,-1.2813494,-6.0313497
-8.5891905,-3.464191,-0.3391909000000001,-1.714191,-7.839191
-9.001449,-3.0014489,-0.12644888,-3.2514489,-11.001449
-9.923351,-3.798351,-0.67335105,-0.79835105,-4.0483513
-11.279252,-6.154252,-1.2792518,-1.0292518,-5.404252
-6.5507274,-1.6757275,-0.4257275200000001,-4.4257274,-11.512925464970229
-4.6893997,-0.1893998699999999,-1.8143998,-7.8143997,-11.512925464970229
-7.608811,-2.608811,-0.35881102,-3.608811,-10.233811
-10.155499,-4.7805,-0.4054998499999999,-1.1554998,-7.6555
-11.512925464970229,-4.7338867,-0.4838865,-0.9838865,-6.9838867
-7.9002614,-1.7752614,-0.27526137,-2.6502614,-8.650261
-10.866014,-5.491013,-0.6160130999999999,-0.8660130999999999,-7.491013
-9.452922,-5.2029214,-0.95292145,-1.2029214,-4.8279214
-9.573126,-6.1981254,-1.5731254,-0.5731254,-3.9481254
-5.291416,-1.2914164,-0.54141635,-2.0414164,-4.791416
-9.573126,-6.1981254,-1.5731254,-0.5731254,-3.9481254
-10.175222,-5.175223,-0.5502228000000001,-0.9252228,-6.675223
-6.9151692,-1.665169,-0.29016903,-2.790169,-8.165169
-11.25252,-6.877519,-1.8775192,-0.87751925,-4.252519
-5.1189704,-0.11897057,-2.2439706,-8.868971,-11.512925464970229
-11.060628,-5.435628,-0.68562776,-1.1856277,-7.060628
-8.042787,-3.6677866,-0.6677866999999998,-2.7927866,-8.167787
-0.6813618000000001,-0.9313618,-3.8063617,-9.181362,-11.512925464970229
-4.814532,-0.93953186,-0.6895318599999999,-4.439532,-11.512925464970229
-4.5192966,-1.1442968,-0.64429677,-4.3942966,-10.394297
-3.7283945,-0.10339439,-2.6033945,-8.7283945,-11.512925464970229
-10.677501,-5.0525002,-0.8025003,-1.3025002,-6.6775002
-7.0469093,-2.6719093,-0.4219094,-2.7969093,-8.671909
-8.560976,-4.060976,-0.8109758,-1.9359758,-6.560976
-7.704427,-2.8294268,-0.45442674,-3.2044268,-8.954427
-0.7682635,-1.0182636,-2.3932636,-6.0182633,-10.768264
-11.512925464970229,-6.044174,-1.044174,-0.5441740000000002,-5.544174
-5.1799088,-1.3049089,-0.4299089,-3.679909,-10.054909
-5.6280055,-1.3780055,-0.50300556,-2.0030055,-5.3780055
-7.4271393,-2.4271393,-0.17713924,-2.9271393,-9.802139
-4.2928114,-0.79281133,-0.91781133,-5.4178114,-11.512925464970229
-2.2386081,-0.2386080199999999,-2.3636081,-8.988608,-11.512925464970229
-5.2315083,-0.23150809,-1.6065081,-7.2315083,-11.512925464970229
-7.98473,-2.35973,-0.2347299499999999,-3.48473,-11.48473
-11.203363,-5.203363,-0.7033631,-1.4533632,-7.328363
-2.3792505,-0.5042504000000001,-1.6292504,-6.5042505,-11.512925464970229
-3.9150925,-0.6650924999999999,-0.9150925,-5.6650925,-11.512925464970229
-1.9223186,-0.1723186099999999,-4.4223185,-11.512925464970229,-11.512925464970229
-5.7338696,-2.1088693,-0.7338694,-3.8588693,-10.10887
-10.442496,-4.5674963,-0.4424964199999999,-1.6924964,-7.8174963
-11.512925464970229,-6.5876412,-1.5876412,-0.7126412399999998,-5.0876412
-0.9750198,-0.47501984,-6.97502,-11.512925464970229,-11.512925464970229
-11.512925464970229,-7.562812,-2.4378119,-0.6878118500000001,-4.062812
-11.512925464970229,-8.455559,-2.830559,-0.2055591,-3.205559
-11.512925464970229,-8.455559,-2.830559,-0.2055591,-3.205559
-11.512925464970229,-8.69582,-2.8208194,-0.3208195,-2.9458194
-1.218966,-0.718966,-2.843966,-7.343966,-11.512925464970229
-11.512925464970229,-6.32436,-1.32436,-0.94936,-5.69936
-3.0542464,-0.054246426,-5.1792464,-11.512925464970229,-11.512925464970229
-5.7885513,-0.16355129,-1.9135513,-8.288551,-11.512925464970229
-11.512925464970229,-7.447546,-1.8225462,-0.1975461999999999,-4.072546
-11.512925464970229,-11.152158,-5.527158,-0.90215796,-0.52715796
-11.512925464970229,-5.858043,-0.98304325,-0.4830432499999999,-5.108043
-11.16524,-6.04024,-1.16524,-0.91524,-4.66524
-11.037439,-4.53744,-0.5374397,-0.9124397,-5.66244
-11.512925464970229,-11.512925464970229,-6.38857,-1.13857,-0.38856998
-11.512925464970229,-9.964138,-4.339138,-0.5891378,-0.8391378
-3.4223502,-0.0473500999999999,-4.29735,-11.512925464970229,-11.512925464970229
-11.512925464970229,-7.2076297,-2.20763,-0.83262986,-3.95763
-9.6392765,-3.2642765,-0.38927644,-1.2642765,-6.3892765
-11.512925464970229,-8.466555,-2.5915544,-0.5915543999999999,-3.3415544
-11.512925464970229,-5.813019,-1.4380186,-0.3130186199999999,-3.5630186
-11.512925464970229,-6.4516106,-1.3266104,-0.32661042,-4.4516106
-11.512925464970229,-4.326935,-0.3269348000000001,-1.3269348,-7.951935
-5.9783006,-0.22830059,-1.6033006,-7.9783006,-11.512925464970229
-5.776834,-1.151834,-0.40183395,-4.526834,-11.512925464970229
-9.172577,-4.0475764,-0.2975766399999999,-1.5475767,-6.5475764
-10.442267,-4.567268,-0.4422676999999999,-1.6922677,-8.192267
-10.690315,-4.8153152,-0.44031516,-1.6903151,-7.3153152
-11.502043,-6.127043,-1.2520425,-0.62704253,-5.502043
-10.557505,-5.3075047,-0.8075047,-0.8075047,-5.8075047
-9.742424,-4.242424,-0.4924242000000001,-1.7424242,-7.367424
-10.837489,-5.0874887,-0.7124888,-1.2124888,-6.5874887
-0.2985235199999999,-1.5485235,-4.7985234,-9.798524,-11.512925464970229
-11.512925464970229,-7.9410124,-1.8160121,-0.31601217,-4.6910124
-9.353825,-3.8538246,-0.4788247,-1.6038247,-6.7288246
-11.409386,-6.1593857,-1.2843857,-0.4093856999999999,-4.7843857
-11.512925464970229,-8.102795,-1.8527948,-0.22779477,-4.9777946
-10.411224,-5.0362244,-0.5362242000000002,-1.2862241,-6.5362244
-6.3814363,-2.0064363,-0.50643635,-3.2564363,-10.881436
-3.5404835,-0.0404834749999999,-4.5404835,-11.512925464970229,-11.512925464970229
-1.8130451,-0.3130451,-2.438045,-6.938045,-11.512925464970229
-5.6972523,-2.3222525,-0.3222525,-2.4472525,-7.3222523
-11.512925464970229,-7.469888,-2.719888,-0.71988803,-4.094888
-2.3524542,-0.10245423,-6.102454,-11.512925464970229,-11.512925464970229
-0.4195035699999999,-1.9195036,-4.9195037,-8.794503,-11.512925464970229
-6.045638,-0.920638,-0.5456380000000001,-3.920638,-9.920638
-11.009918,-6.134918,-1.3849182,-0.3849182,-3.7599182
-10.9077425,-3.9077425,-0.4077423799999999,-1.1577424,-7.5327425
-4.4655275,-0.090527646,-2.5905275,-9.590528,-11.512925464970229
-9.273119,-3.6481187,-0.27311873,-2.0231187,-8.273119
-10.255329,-4.880329,-0.8803291999999999,-1.1303291,-5.880329
-11.512925464970229,-6.4270816,-2.1770813,-0.17708142,-3.0520813
-10.336238,-4.711238,-0.4612377,-1.3362377,-7.086238
-8.383066,-3.5080657,-0.3830657,-2.3830657,-8.508066
-4.4539785,-1.3289785,-0.82897854,-3.8289785,-11.203979
-3.8982947,-0.0232946279999999,-5.8982944,-11.512925464970229,-11.512925464970229
-6.7650037,-2.0150037,-0.6400036000000001,-4.0150037,-10.765003
-6.497236,-1.8722359,-0.49723586,-3.2472358,-9.372236
-4.143492,-0.14349237,-2.1434925,-7.518492,-11.512925464970229
-9.460214,-4.5852137,-0.7102134,-1.3352134,-5.9602137
-3.0119836,-1.0119836,-1.5119836,-5.761984,-11.136984
-2.8707223,-0.12072221,-2.8707223,-7.8707223,-11.512925464970229
-9.483211,-4.1082106,-0.35821065,-1.7332107,-8.108211
-4.9181805,-0.16818048,-1.9181805,-7.4181805,-11.512925464970229
-1.316252,-0.316252,-5.8162518,-11.512925464970229,-11.512925464970229
-10.664182,-3.6641822,-0.4141820699999999,-1.1641821,-6.664182
-0.5233900499999999,-0.89839005,-8.27339,-11.512925464970229,-11.512925464970229
-11.512925464970229,-6.287226,-1.1622264,-0.41222638,-4.912226
-3.3451276,-1.0951276,-0.8451276,-3.8451276,-9.220127
-9.492007,-3.3670073,-0.117007226,-2.7420073,-10.242007
-7.5923243,-3.092324,-0.46732408,-2.342324,-7.8423243
-4.74029,-0.8652903,-0.6152903,-4.74029,-11.512925464970229
-2.5488236,-0.42382357,-2.2988236,-7.4238234,-11.512925464970229
-8.016579,-3.016579,-0.39157885,-2.516579,-9.391579
-5.462534,-1.712534,-0.5875338999999999,-3.587534,-9.587534
-2.0016236,-0.5016236300000001,-1.8766236,-7.0016236,-11.512925464970229
-2.958104,-0.0831038299999999,-3.583104,-10.458104,-11.512925464970229
-1.8268583,-0.2018582499999999,-3.8268583,-9.4518585,-11.512925464970229
-9.132384,-3.8823848,-0.5073846599999999,-2.3823848,-8.507384
-10.018325,-4.268325,-0.3933250299999999,-1.6433251,-7.768325
-4.331067,-1.3310673,-0.58106726,-3.8310673,-10.081067
-10.328456,-4.4534564,-0.32845628,-2.4534564,-10.453456
-5.1230273,-1.3730276,-0.7480275,-4.3730273,-10.998028
-8.666168,-3.6661682,-0.41616818,-1.7911682,-7.416168
-9.310223,-4.5602226,-0.81022257,-2.3102226,-7.9352226
-7.846821,-2.7218206,-0.22182062,-2.8468206,-9.971821
-0.0789058699999999,-2.5789058,-11.512925464970229,-11.512925464970229,-11.512925464970229
-6.37255,-2.24755,-0.6225500000000002,-3.49755,-9.49755
-11.512925464970229,-7.835068,-1.8350681,-0.33506808,-3.585068
-10.753353,-5.253353,-0.628353,-0.878353,-6.253353
-9.839323,-5.089323,-0.5893231599999998,-0.83932316,-7.089323
-9.351687,-3.9766872,-0.35168713,-1.9766872,-7.851687
-11.512925464970229,-4.9525814,-0.7025816,-0.7025816,-6.0775814
-9.843647,-3.8436465,-0.34364656,-2.7186465,-9.843647
-11.512925464970229,-5.9939365,-1.1189363,-0.4939363,-5.6189365
-7.3365455,-2.5865452,-0.3365453199999999,-2.4615452,-8.711545
-6.254858,-2.8798578,-0.7548578,-2.8798578,-7.504858
-1.1788607,-0.9288607,-3.6788607,-8.928861,-11.512925464970229
-10.980085,-5.855085,-0.7300851,-0.7300851,-5.980085
-11.512925464970229,-7.624066,-2.3740659,-0.749066,-4.124066
-8.697879,-3.9478788,-0.5728787999999999,-1.5728788,-6.697879
-10.627904,-4.127904,-0.25290388,-2.002904,-9.377904
-3.1607337,-0.4107338200000001,-1.4107338,-6.1607337,-11.512925464970229
-7.952477,-2.077477,-0.2024770499999999,-4.077477,-11.512925464970229
-6.2603335,-1.8853335,-0.88533354,-3.8853335,-10.885334
-10.688861,-4.9388614,-0.6888612500000001,-1.6888613,-6.8138614
-4.587506,-0.212506,-1.712506,-7.087506,-11.512925464970229
-8.195515,-2.195515,-0.19551496,-3.695515,-10.570515
-8.797819,-3.4228191,-0.29781908,-1.9228191,-8.297819
-9.108924,-2.9839242,-0.2339241,-2.9839242,-10.858924
-11.063032,-4.938032,-0.6880322,-1.6880322,-8.438032
-10.96597,-3.3409703,-0.21597022,-1.8409703,-8.84097
-5.5773315,-1.5773315,-0.32733154,-3.5773315,-9.952332
-8.768122,-1.518122,-0.26812196,-4.1431217,-11.512925464970229
-9.904636,-4.154636,-0.6546361000000002,-1.9046361,-8.404636
-7.551331,-1.9263308,-0.30133086,-2.1763308,-7.676331
-9.112454,-3.4874544,-0.48745447,-2.7374544,-9.237454
-9.555471,-3.180472,-0.43047187,-1.1804719,-6.930472
-6.8059344,-0.4309342500000001,-1.0559342,-6.8059344,-11.512925464970229
-3.810491,-0.0604909839999999,-3.310491,-9.810491,-11.512925464970229
-1.7116463,-0.46164635,-1.8366463,-6.4616466,-11.512925464970229
-10.278192,-4.9031916,-0.6531917500000001,-1.2781918,-6.4031916
-11.3370695,-4.3995695,-0.6495696,-0.7745696,-5.3995695
-3.3295133,-0.07951325,-3.2045133,-10.204514,-11.512925464970229
-8.1538725,-3.2788723,-0.40387228,-3.0288723,-9.2788725
-9.865393,-2.9903927,-0.3653927,-1.3653927,-7.7403927
-11.512925464970229,-9.082648,-3.3326483,-0.5826483,-3.8326483
-10.840542,-4.7155423,-0.46554232,-1.5905423,-8.465542
-2.7295823,-0.6045823,-1.1045823,-5.1045823,-11.512925464970229
-11.512925464970229,-7.3210464,-1.9460462,-0.4460462600000001,-4.8210464
-11.512925464970229,-7.5509725,-2.1759725,-0.1759723999999999,-3.0509725
-11.512925464970229,-4.8317256,-0.7067258,-0.7067258,-5.2067256
-11.512925464970229,-6.2494373,-1.3744372,-0.8744372,-5.8744373
-0.6345271,-0.7595271,-6.259527,-11.512925464970229,-11.512925464970229
-0.8983173399999999,-0.5233173399999999,-8.648317,-11.512925464970229,-11.512925464970229
-10.651185,-5.026185,-0.65118515,-1.2761852,-7.151185
-8.3862095,-3.386209,-0.5112089999999999,-2.511209,-8.7612095
-10.026237,-4.276236,-0.27623612,-1.526236,-7.776236
-7.842198,-2.8421977,-0.21719773,-2.3421977,-8.842197
-2.4443877,-0.44438767,-1.6943877,-6.6943874,-11.512925464970229
-6.4351206,-1.9351207,-0.3101206699999999,-2.8101206,-9.560121
-5.1541085,-0.7791084,-0.6541083999999999,-5.1541085,-11.512925464970229
-8.523651,-2.8986514,-0.1486512699999999,-2.7736514,-9.898651
-9.63016,-3.6301606,-0.1301604999999999,-2.3801606,-10.13016
-0.5241395999999999,-0.8991396,-6.8991394,-11.512925464970229,-11.512925464970229
-4.835494,-0.21049409,-1.710494,-6.835494,-11.512925464970229
-9.696418,-4.571418,-0.44641793,-1.1964179,-7.196418
-9.696418,-4.571418,-0.44641793,-1.1964179,-7.196418
-6.8748693,-2.3748693,-0.74986935,-4.1248693,-10.624869
-2.3422732,-0.34227335,-1.7172734,-6.842273,-11.512925464970229
-9.3532915,-3.228291,-0.10329109,-3.228291,-10.9782915
-8.672771,-3.1727715,-0.2977713999999999,-2.6727715,-9.547771
-0.6958616,-0.9458616,-3.3208616,-8.195862,-11.512925464970229
-11.323456,-6.3234553,-1.0734555,-0.4484554799999999,-5.4484553
-3.1373003,-0.3873002199999999,-1.3873003,-6.6373,-11.512925464970229
-3.535008,-0.28500804,-1.5350081,-7.035008,-11.512925464970229
-0.75242126,-1.0024213,-3.6274214,-9.002421,-11.512925464970229
-11.512925464970229,-7.12118,-1.6211799,-0.2461799699999999,-5.24618
-4.967585,-0.59258527,-0.84258527,-5.717585,-11.512925464970229
-8.874396,-3.124396,-0.1243961899999999,-2.874396,-10.749396
-0.6194050999999999,-0.9944051,-3.369405,-7.7444053,-11.512925464970229
-4.8720493,-1.1220496,-0.6220495,-4.6220493,-11.512925464970229
-1.6374131,-0.38741317,-2.1374133,-7.137413,-11.512925464970229
-11.512925464970229,-7.467087,-1.7170868,-0.21708682,-4.967087
-8.886578,-4.2615776,-0.6365777,-2.0115776,-6.5115776
-7.7540145,-2.6290143,-0.1290143399999999,-3.2540143,-10.879014
-0.0413746459999999,-3.9163747,-7.2913747,-11.512925464970229,-11.512925464970229
-5.20372,-0.3287201,-1.3287201,-7.32872,-11.512925464970229
-2.23978,-0.11478004,-6.23978,-11.512925464970229,-11.512925464970229
-7.1412077,-3.1412075,-0.7662075,-3.6412075,-9.391208
-11.512925464970229,-5.4575295,-0.8325295000000001,-0.5825295,-6.0825295
-7.618552,-2.4935522,-0.2435523299999999,-2.9935522,-9.743552
-4.9441605,-0.06916048,-2.8191605,-10.19416,-11.512925464970229
-9.473154,-4.598154,-0.59815407,-1.7231541,-6.473154
-6.0576644,-0.4326644799999999,-1.0576645,-6.4326644,-11.512925464970229
-7.6154237,-1.2404238,-0.3654237699999999,-4.1154237,-11.490424
-3.6932588,-0.06825888,-3.1932588,-9.943259,-11.512925464970229
-11.098669,-5.9736686,-1.0986687,-0.5986686999999999,-5.0986686
-9.724123,-4.9741235,-0.8491233999999999,-1.4741235,-5.9741235
-10.039395,-5.1643953,-0.9143955,-1.6643956,-5.7893953
-10.800509,-3.050509,-0.17550902,-2.175509,-9.800509
-10.392265,-6.0172653,-1.1422652,-0.7672652,-3.8922653
-7.5385876,-3.0385876,-0.2885876600000001,-2.9135876,-9.413588
-1.4071565,-0.2821563999999999,-6.9071565,-11.512925464970229,-11.512925464970229
-3.7789845,-0.6539846,-0.9039846,-5.6539845,-11.512925464970229
-11.500291,-6.000291,-1.1252909,-0.75029093,-5.625291
-7.2635083,-0.7635084,-0.6385084,-5.2635083,-11.512925464970229
-11.094971,-5.46997,-0.8449702,-1.0949702,-6.59497
-11.469203,-5.844203,-1.0942032,-0.8442032,-6.219203
-10.607659,-5.1076593,-0.6076594,-1.2326593,-6.4826593
-9.144179,-3.144179,-0.39417905,-1.2691791,-6.519179
-8.975973,-1.8509732,-0.2259732799999999,-3.1009734,-10.788473
-0.85309386,-1.1030939,-2.4780939,-6.728094,-11.512925464970229
-1.5071598,-0.25715983,-5.2571597,-11.512925464970229,-11.512925464970229
-8.932315,-2.5573149,-0.30731475,-1.6823148,-6.932315
-10.89534,-3.8328402,-0.45784026,-1.0828402,-4.9578404
-6.8947062,-1.894706,-0.2697060399999999,-3.519706,-10.769706
-11.512925464970229,-8.088375,-2.088375,-0.21337503,-3.588375
-3.6713252,-0.046325304,-3.9213252,-11.512925464970229,-11.512925464970229
-4.9149847,-0.2899849399999999,-1.414985,-6.5399847,-11.512925464970229
-2.851862,-0.726862,-1.476862,-6.226862,-11.512925464970229
-11.512925464970229,-6.727041,-1.7270405,-0.22704056,-3.7270405
-9.017303,-3.2673037,-0.5173036499999999,-1.0173037,-5.5173035
-11.512925464970229,-5.660075,-0.5350749999999999,-1.035075,-6.785075
-3.817918,-0.817918,-0.817918,-4.817918,-11.512925464970229
-11.512925464970229,-5.8254027,-1.3254029,-0.32540283,-4.7004027
-8.709823,-3.5848224,-0.20982236,-2.4598224,-8.334823
-11.039245,-5.664244,-0.66424435,-0.91424435,-6.289244
-0.32171455,-1.3217145,-4.8217144,-11.071714,-11.512925464970229
-10.701448,-5.7014484,-0.70144856,-0.95144856,-5.5764484
-2.3056667,-0.8056666,-1.4306667,-5.8056664,-11.512925464970229
-11.512925464970229,-6.133098,-1.6330981,-0.25809813,-3.5080981
-11.512925464970229,-7.4166646,-1.4166645,-0.6666645,-7.1666646
-10.708697,-4.458697,-0.20869696,-2.2086968,-9.083697
-4.0196095,-0.7696097,-0.7696097,-5.0196095,-11.512925464970229
-4.407825,-0.0328247959999999,-3.9078248,-11.512925464970229,-11.512925464970229
-2.6085439,-0.2335437999999999,-2.1085439,-7.858544,-11.512925464970229
-6.1273556,-2.5023553,-0.2523554299999999,-2.5023553,-7.5023556
-9.096388,-4.096388,-0.34638795,-1.471388,-6.846388
-5.015485,-1.2654847,-0.3904847,-3.8904848,-10.765485
-9.9228735,-3.422874,-0.42287388,-1.1728739,-5.922874
-2.9318817,-0.6818815999999999,-1.1818817,-5.0568814,-11.056882
-10.717619,-5.967619,-1.0926192,-0.46761915,-5.467619
-11.512925464970229,-8.052662,-1.9276623,-0.1776622399999999,-4.5526624
-11.512925464970229,-6.6797805,-0.9297806,-0.6797805999999998,-4.6797805
-9.722269,-4.2222695,-0.22226954,-1.9722695,-8.347269
-11.332084,-7.082084,-1.832084,-0.33208397,-3.082084
-11.391307,-6.016307,-1.016307,-0.5163070000000001,-5.266307
-6.85475,-2.9797502,-0.35475007,-1.97975,-7.22975
-4.674078,-1.0490781,-0.5490781,-4.174078,-10.549078
-3.8954086,-0.77040863,-0.77040863,-4.5204086,-11.512925464970229
-9.172197,-3.547197,-0.2971970699999999,-2.172197,-8.547197
-11.512925464970229,-5.7033873,-0.70338744,-1.0783875,-7.5783873
-11.512925464970229,-7.150397,-1.525397,-0.2753969700000001,-4.775397
-11.512925464970229,-6.030702,-0.9057022999999998,-0.6557022999999998,-5.530702
-11.512925464970229,-6.813257,-1.5632572,-0.5632572000000001,-4.563257
-8.137649,-2.7626483,-0.26264828,-3.3876483,-10.512649
-5.257336,-0.13233623,-2.1323361,-8.632337,-11.512925464970229
-11.512925464970229,-6.579594,-1.3295941,-0.5795941400000001,-4.329594
-11.401635,-6.5266356,-1.0266355,-0.7766355,-4.5266356
-11.407375,-6.1573753,-1.2823753,-0.9073753,-6.1573753
-11.512925464970229,-8.450928,-2.3259275,-0.20092757,-3.4509275
-11.512925464970229,-6.8179398,-1.5679399,-0.5679398999999999,-4.1929398
-11.512925464970229,-9.251506,-2.876506,-0.12650603,-4.376506
-11.512925464970229,-7.406641,-1.9066408,-0.5316408,-4.031641
-9.432422,-4.182421,-0.6824214,-1.4324214,-6.932421
-10.591666,-4.5916657,-0.4666657999999999,-1.8416657,-8.091666
-10.589819,-4.714819,-0.7148188,-1.5898187,-7.214819
-0.97431844,-0.47431844,-8.3493185,-11.512925464970229,-11.512925464970229
-5.1597605,-1.0347606,-0.5347606,-4.1597605,-11.512925464970229
-10.543791,-4.543791,-0.54379094,-1.7937909,-8.168791
-7.358931,-2.3589308,-0.6089309,-3.4839308,-10.358931
-2.6662252,-0.4162251699999999,-1.4162252,-5.916225,-11.512925464970229
-8.413599,-2.9135995,-0.6635994000000001,-3.5385995,-11.038599
-6.5730963,-2.1980965,-0.44809648,-3.1980965,-9.198096
-10.366593,-5.991593,-1.2415931,-0.4915930999999999,-3.7415931
-1.8111157,-0.18611568,-5.0611157,-11.512925464970229,-11.512925464970229
-11.503015,-3.6280146,-0.25301468,-1.6280147,-7.3780146
-8.930652,-4.0556517,-0.80565184,-2.430652,-7.4306517
-11.01995,-4.8949504,-0.6449503,-1.3949503,-6.8949504
-7.9383283,-1.063328,-0.4383280999999999,-4.6883283,-11.512925464970229
-9.531525,-2.4065247,-0.1565245799999999,-2.9065247,-11.512925464970229
-7.944162,-2.444162,-0.31916192,-2.819162,-9.819162
-9.489707,-3.8647072,-0.2397073,-1.7397074,-9.114707
-0.16027753,-1.9102775,-10.035277,-11.512925464970229,-11.512925464970229
-10.867874,-4.617874,-0.99287415,-0.4928741200000001,-4.742874
-9.513425,-4.6384244,-0.76342446,-1.0134244,-4.6384244
-5.8570266,-1.3570263,-0.4820264,-2.1070263,-7.4820266
-7.161915,-1.7869147,-0.4119146799999998,-1.7869147,-6.286915
-6.192709,-1.192709,-0.5677089999999999,-2.067709,-6.692709
-6.5385303,-1.2885303,-0.4135302999999999,-2.7885303,-10.03853
-11.277149,-5.527149,-1.0271494,-1.2771494,-7.027149
-0.69577473,-0.69577473,-5.9457746,-11.512925464970229,-11.512925464970229
-5.64713,-0.64712983,-0.77212983,-4.52213,-11.14713
-5.366063,-0.8660629,-0.6160629000000001,-3.3660629,-9.241063
-5.5287004,-1.1537002,-0.52870023,-2.4037004,-7.1537004
-11.512925464970229,-6.776137,-2.0261369,-0.5261368,-3.5261369
-11.086941,-4.274441,-0.6494405,-0.7744405,-5.899441
-0.2256120399999999,-1.600612,-8.600612,-11.512925464970229,-11.512925464970229
-5.717394,-0.5923937600000001,-0.84239376,-4.342394,-11.512925464970229
-0.6526958999999999,-1.9026959,-4.2776957,-8.027696,-11.512925464970229
-8.923373,-4.048373,-0.4233731299999999,-1.5483731,-7.048373
-4.5066805,-1.2566803,-0.8816803,-5.2566805,-11.512925464970229
-4.735557,-0.36055708,-1.2355571,-5.735557,-11.235558
-6.655705,-2.280705,-0.28070506,-2.655705,-9.655705
-8.918012,-3.7930114,-0.4180114599999999,-2.0430114,-8.418012
-5.96731,-2.21731,-0.7173099,-3.96731,-10.59231
-2.75308,-0.1280799,-2.87808,-8.37808,-11.512925464970229
-0.22635798,-1.6013579,-6.976358,-11.512925464970229,-11.512925464970229
-4.711421,-0.2114209699999999,-1.711421,-6.961421,-11.512925464970229
-5.339932,-0.5899318,-0.8399318,-4.714932,-9.0899315
-5.9386425,-0.9386423,-0.5636423,-3.3136423,-7.3136425
-4.689585,-0.18958521,-1.8145852,-7.439585,-11.512925464970229
-5.7419977,-1.4919975,-0.3669974999999999,-4.2419977,-11.366998
-2.8899655,-0.6399655300000001,-1.5149655,-5.7649655,-11.512925464970229
-8.098696,-2.9736953,-0.4736952999999999,-3.4736953,-10.723696
-0.75770223,-0.63270223,-9.257702,-11.512925464970229,-11.512925464970229
-8.301585,-3.8015847,-0.5515848399999999,-2.0515847,-7.3015847
-5.7315335,-0.48153335,-0.98153335,-5.4815335,-11.512925464970229
-3.077003,-0.0770029699999999,-3.577003,-9.952003,-11.512925464970229
-3.1012185,-0.1012185699999999,-2.9762185,-8.226218,-11.512925464970229
-6.2515917,-2.1265914,-0.50159144,-3.0015914,-8.501592
-7.666558,-3.6665578,-0.6665579000000001,-1.9165579,-6.416558
-10.997135,-3.8721356,-0.4971356,-0.99713564,-6.2471356
-0.2018709,-1.7018709,-7.701871,-11.512925464970229,-11.512925464970229
-8.853209,-3.7282088,-0.3532087,-1.7282087,-7.3532085
-5.140538,-2.015538,-0.5155379999999999,-3.140538,-8.640538
-7.7286806,-1.9786807,-0.35368076,-1.8536807,-5.9786806
-9.313038,-4.9380383,-0.6880383,-1.4380383,-4.1880383
-7.302158,-3.802158,-0.80215806,-2.552158,-6.302158
-0.38695315,-1.1369531,-9.511953,-11.512925464970229,-11.512925464970229
-3.0568058,-0.056805883,-4.806806,-11.512925464970229,-11.512925464970229
-0.10022198,-2.3502219,-11.512925464970229,-11.512925464970229,-11.512925464970229
-8.014564,-1.8895638,-0.2645637699999999,-2.5145638,-9.514564
-1.6132596,-0.2382596,-4.36326,-10.738259,-11.512925464970229
-7.950544,-3.7005439,-0.82554376,-2.3255439,-6.950544
-8.380006,-2.755006,-0.3800060499999999,-1.3800061,-7.255006
-9.029264,-3.0292645,-0.4042644499999999,-1.2792645,-5.1542645
-9.6600895,-5.535089,-1.285089,-1.035089,-4.910089
-6.0513353,-0.9263353,-0.5513353,-3.6763353,-9.051335
-0.0086193009999999,-4.7586193,-11.512925464970229,-11.512925464970229,-11.512925464970229
-5.2310734,-0.35607323,-1.2310733,-6.1060734,-11.512925464970229
-4.0382934,-1.4132932,-0.6632932400000001,-3.4132934,-8.913293
-9.063887,-3.0638862,-0.4388861999999999,-1.1888862,-5.563886
-10.167963,-3.667963,-0.4179629399999999,-1.1679629,-5.292963
-9.205848,-4.4558477,-0.5808476,-1.2058476,-5.4558477
-5.1412196,-1.5162196,-0.51621956,-3.6412196,-10.016219
-3.301696,-0.0516960169999999,-4.301696,-11.512925464970229,-11.512925464970229
-4.255666,-1.2556659,-1.0056659,-4.505666,-10.880666
-4.1763916,-0.1763916999999999,-1.9263917,-7.3013916,-11.512925464970229
-8.083141,-3.3331413,-0.58314145,-2.7081413,-8.583141
-6.4526567,-2.3276567,-0.7026567,-3.9526567,-9.952657
-4.662571,-0.6625707999999999,-0.7875708,-3.9125707,-9.787571
-5.040462,-0.5404621999999999,-0.9154622,-4.540462,-10.5404625
-3.47604,-0.3510398,-1.3510398,-5.10104,-10.72604
-8.032046,-1.6570464,-0.28204644,-2.9070463,-9.407046
-1.4016345,-1.1516345,-2.1516345,-5.401634,-9.651634
-9.470544,-2.5955439,-0.2205439399999999,-2.0955439,-8.470544
-4.692975,-2.0679753,-0.8179753,-3.4429753,-8.192975
-7.116187,-1.6161872,-0.3661871999999999,-2.241187,-7.116187
-7.9435253,-1.4435254,-0.31852546,-3.3185256,-9.193525
-10.252788,-3.0027878,-0.2527877699999999,-1.7527878,-7.8777876
-8.020171,-2.0201714,-0.2701713699999999,-2.2701714,-7.645171
-8.673934,-1.4239337,-0.2989337999999999,-4.048934,-11.512925464970229
-2.3511446,-0.10114456,-6.976145,-11.512925464970229,-11.512925464970229
-5.836872,-0.58687234,-0.83687234,-4.836872,-11.512925464970229
-6.0821457,-0.7071459,-0.7071459,-4.4571457,-11.512925464970229
-10.011296,-3.761296,-0.511296,-2.886296,-10.261296
-4.937414,-0.1874141399999999,-1.8124142,-7.687414,-11.512925464970229
-5.1956396,-0.32063985,-1.3206398,-6.3206396,-11.512925464970229
-10.131699,-4.631699,-0.6316991,-1.1316991,-6.631699
-11.512925464970229,-6.2761083,-1.0261085,-0.65110844,-6.4011083
-7.0938845,-2.7188847,-0.5938846999999999,-3.0938847,-8.843884
-10.262614,-4.137614,-0.2626139,-2.0126138,-8.887614
-5.688792,-0.93879205,-0.56379205,-3.313792,-9.563792
-11.233426,-6.108426,-1.2334261,-0.6084261,-5.108426
-11.512925464970229,-6.1250725,-1.0000726,-0.7500726,-5.5000725
-5.1074295,-0.2324294,-1.6074294,-6.9824295,-11.512925464970229
-6.1401954,-0.39019558,-1.1401956,-6.7651954,-11.512925464970229
-8.630089,-2.755089,-0.25508904,-2.880089,-10.130089
-6.6718464,-3.0468462,-0.6718461999999998,-3.1718462,-8.671846
-9.094945,-3.3449452,-0.2199451199999999,-2.7199452,-10.094945
-11.512925464970229,-6.146396,-1.021396,-0.89639604,-4.521396
-4.3757954,-0.12579514,-2.2507951,-8.125795,-11.512925464970229
-9.551187,-3.051187,-0.30118692,-1.5511869,-7.301187
-9.580853,-5.0808535,-0.8308537,-0.8308537,-4.4558535
-11.512925464970229,-7.599346,-1.849346,-0.22434607,-3.9743462
-9.991275,-4.9912753,-0.74127525,-1.4912753,-6.2412753
-0.043072157,-3.1680722,-9.668072,-11.512925464970229,-11.512925464970229
-9.796357,-5.171357,-0.9213571,-1.1713572,-4.421357
-5.412504,-0.28750408,-1.4125041,-6.287504,-11.512925464970229
-8.688951,-3.0639505,-0.43895045,-1.1889504,-5.5639505
-11.4998255,-5.8748255,-0.8748256999999999,-0.6248257000000002,-5.1248255
-5.1615396,-0.78653944,-0.66153944,-3.7865396,-9.286539
-4.1889153,-0.0639151499999999,-3.0639153,-10.188915,-11.512925464970229
-2.706623,-0.081623144,-4.456623,-11.512925464970229,-11.512925464970229
-4.6961923,-0.07119216,-2.8211923,-10.071192,-11.512925464970229
-9.175557,-2.1755567,-0.17555673,-3.0505567,-10.925557
-9.755719,-4.755719,-0.75571895,-1.130719,-5.880719
-5.254053,-2.129053,-0.6290532000000001,-2.879053,-9.129053
-7.661026,-1.5360261,-0.2860260999999999,-3.411026,-11.286026
-11.341843,-5.466842,-0.71684223,-0.8418422300000001,-6.466842
-11.512925464970229,-9.555157,-3.9301567,-0.18015666,-1.9301567
-9.832372,-3.082372,-0.2073718999999999,-1.957372,-8.957372
-6.256277,-2.881277,-0.38127714,-2.256277,-7.006277
-6.846526,-1.9715261,-0.22152619,-3.0965261,-9.846526
-7.8667517,-1.7417519,-0.24175185,-3.241752,-9.991752
-11.512925464970229,-7.023347,-2.148347,-0.1483468999999999,-3.898347
-11.512925464970229,-6.3949747,-1.0199747,-0.5199747699999999,-5.2699747
-11.389234,-6.5142336,-1.5142334,-0.7642334,-3.5142334
-6.174284,-1.7992841,-0.6742841,-4.299284,-11.299284
-7.5209427,-1.1459429,-0.39594287,-4.7709427,-11.512925464970229
-2.0179708,-0.14297071,-8.142971,-11.512925464970229,-11.512925464970229
-10.236834,-4.4868336,-0.4868334199999999,-1.2368335,-7.6118336
-9.518685,-3.1436856,-0.39368558,-1.2686856,-6.8936853
-8.78458,-3.5345807,-0.28458068,-1.9095807,-8.65958
-9.453754,-3.0787542,-0.2037541,-3.2037542,-11.453754
-10.394205,-5.0192056,-0.7692054,-1.2692053,-7.1442056
-11.512925464970229,-6.9102254,-1.4102254,-0.41022536,-6.6602254
-7.670374,-1.5453738,-0.29537377,-3.1703737,-9.920374
-0.027870687,-3.6528707,-7.7778707,-11.512925464970229,-11.512925464970229
-9.419949,-2.169948,-0.1699481899999999,-3.169948,-11.512925464970229
-9.293568,-2.2935674,-0.1685674999999999,-2.9185674,-9.168568
-10.7124815,-6.2124815,-1.3374815,-0.71248144,-4.3374815
-10.800854,-5.6758533,-1.0508535,-0.6758534300000001,-4.6758533
-9.153254,-5.028254,-0.90325385,-0.7782538500000001,-4.403254
-2.47561,-0.4756101,-1.3506101,-5.4756103,-11.512925464970229
-7.3558087,-0.98080885,-0.48080885,-5.1058087,-11.512925464970229
-2.5537171,-0.9287172,-1.5537171,-4.928717,-10.928718
-2.1450744,-0.14507432,-4.0200744,-11.145074,-11.512925464970229
-10.070305,-4.9453053,-0.8203053,-1.8203053,-7.0703053
-0.82892406,-0.5789240600000001,-5.828924,-11.512925464970229,-11.512925464970229
-9.283857,-3.908857,-0.53385717,-2.158857,-7.6588573
-4.369074,-1.119074,-1.119074,-4.994074,-11.512925464970229
-5.195886,-0.32088593,-1.3208859,-6.195886,-11.512925464970229
-11.512925464970229,-6.0673513,-0.94235116,-1.1923511,-7.1923513
-0.09688283,-3.0968828,-6.346883,-9.971883,-11.512925464970229
-10.343883,-5.0938826,-0.5938828,-1.7188828,-6.7188826
-2.8704658,-0.1204656599999999,-2.8704658,-8.995465,-11.512925464970229
-11.512925464970229,-8.729366,-2.6043663,-0.22936626,-2.7293663
-11.460321,-5.7103214,-0.8353212,-1.3353212,-6.7103214
-0.82734644,-0.57734644,-6.5773463,-11.512925464970229,-11.512925464970229
-9.719304,-4.094304,-0.5943041000000001,-2.344304,-8.844304
-3.1877146,-0.06271463,-3.9377146,-11.062715,-11.512925464970229
-5.186127,-0.1861269599999999,-1.811127,-7.186127,-11.512925464970229
-2.8158069,-0.0658068499999999,-5.565807,-11.512925464970229,-11.512925464970229
-5.4344153,-0.1844153099999999,-1.8094153,-8.184415,-11.512925464970229
-2.241475,-0.1164751799999999,-5.616475,-11.512925464970229,-11.512925464970229
-2.4740639,-0.0990639699999999,-4.599064,-11.512925464970229,-11.512925464970229
-6.3813934,-1.0063937,-0.5063935999999999,-3.5063937,-9.506393
-5.9327693,-0.1827690799999999,-1.8077691,-7.9327693,-11.512925464970229
-11.512925464970229,-6.361332,-1.2363319,-0.73633194,-5.986332
-7.2847724,-1.7847723,-0.2847722499999999,-2.5347722,-11.512925464970229
-11.512925464970229,-6.2726955,-1.2726954,-0.6476954000000001,-6.1476955
-6.5215154,-0.77151525,-0.64651525,-4.3965154,-11.512925464970229
-9.507189,-3.8821888,-0.8821888,-0.6321888,-3.3821888
-10.13639,-3.1988893,-0.3238893,-1.4488893,-6.9488893
-8.104769,-0.9797689,-0.47976884,-5.2297688,-11.512925464970229
-3.7790413,-0.0290413759999999,-5.1540413,-11.512925464970229,-11.512925464970229
-2.698747,-0.0737469049999999,-5.5737467,-11.512925464970229,-11.512925464970229
-10.964865,-5.5898643,-0.9648643,-0.9648643,-5.8398643
-10.015392,-5.015392,-0.6403918000000001,-0.8903918,-5.015392
-10.022616,-5.0226164,-0.7726164499999999,-1.2726164,-5.5226164
-11.025316,-3.775316,-0.2753159399999999,-1.525316,-8.775316
-10.88761,-4.762611,-1.2626107,-0.3876106999999999,-3.5126107
-8.019866,-2.0198662,-0.2698662299999999,-2.2698662,-8.644866
-11.257502,-6.5075016,-1.3825014,-0.6325013999999999,-3.8825014
-11.512925464970229,-8.124185,-2.624185,-0.12418501,-3.124185
-2.9944758,-1.2444758,-1.1194758,-4.744476,-9.994476
-7.361064,-0.98606384,-0.4860637999999999,-4.486064,-11.512925464970229
-9.798579,-4.5485787,-1.1735787,-0.4235787999999999,-3.6735787
-9.429967,-4.304967,-1.1799667,-0.4299667499999999,-3.5549667
-11.372975,-6.747976,-1.6229758,-0.6229757699999999,-4.497976
-8.169936,-1.7949361,-0.2949361,-2.4199362,-9.794936
-11.512925464970229,-4.463398,-0.5883981,-0.8383981,-7.088398
-10.715931,-3.3409305,-0.21593057,-1.8409306,-9.215931
-3.6596987,-0.03469867,-4.7846985,-11.512925464970229,-11.512925464970229
-11.093241,-6.093241,-1.2182411,-0.46824107,-3.718241
-10.454082,-5.829081,-1.0790812,-0.4540812,-4.454081
-10.404354,-3.3418536,-0.4668536999999999,-1.0918537,-6.2168536
-10.455057,-5.455057,-0.830057,-0.705057,-5.080057
-11.512925464970229,-7.4263124,-1.9263123,-0.17631236,-4.1763124
-9.020267,-3.770266,-0.6452662,-2.395266,-8.270267
-7.443818,-1.4438182,-0.31881824,-3.3188183,-8.693818
-3.3058965,-0.9308966,-0.8058966,-4.6808968,-11.180897
-8.213296,-1.3382963,-0.3382962999999999,-3.7132964,-10.088296
-4.084084,-0.33408424,-1.3340843,-5.584084,-11.512925464970229
-11.41105,-6.41105,-1.1610498,-0.4110498000000001,-5.41105
-11.467957,-7.092957,-1.9679569,-0.5929569000000001,-3.092957
-11.512925464970229,-6.8509803,-1.6009802,-0.3509801299999999,-3.97598
-10.40453,-4.9045296,-0.77952963,-1.1545296,-6.4045296
-5.185775,-0.18577468,-1.8107747,-7.810775,-11.512925464970229
-7.0434117,-2.5434117,-0.79341173,-4.1684117,-10.918411
-6.66672,-1.5417198,-0.29171976,-4.41672,-11.512925464970229
-10.270126,-5.0201263,-0.5201263,-1.3951263,-7.3951263
-8.736019,-4.3610187,-0.7360186599999999,-1.7360187,-6.1110187
-6.1944795,-2.0694795,-0.4444795000000001,-3.0694795,-9.69448
-2.6004324,-0.1004323499999999,-3.8504324,-10.225432,-11.512925464970229
-10.906666,-5.9066663,-1.2816662,-1.0316662,-5.0316663
-7.438562,-1.0635622,-0.4385620999999999,-4.688562,-11.512925464970229
-4.299504,-0.1745036,-1.9245036,-7.424504,-11.512925464970229
-10.738209,-5.738209,-0.9882088,-0.8632088,-5.738209
-4.898935,-0.3989347,-1.1489347,-5.398935,-11.512925464970229
-10.463645,-4.2136455,-0.7136453,-0.7136453,-5.2136455
-11.512925464970229,-7.4904213,-1.240421,-0.4904210999999999,-5.6154213
-3.9499676,-0.1999675199999999,-1.8249675,-7.1999674,-11.512925464970229
-8.135561,-2.635561,-0.2605611,-3.760561,-11.135561
-2.5843787,-0.0843787599999999,-5.2093787,-11.512925464970229,-11.512925464970229
-4.3421144,-0.09211467,-2.5921147,-9.092114,-11.512925464970229
-7.9318147,-3.0568144,-0.30681452,-2.0568144,-8.056814
-10.913596,-3.663596,-0.41359594,-1.1635959,-7.288596
-5.9807653,-0.35576513,-1.2307651,-5.3557653,-11.355765
-8.079607,-0.82960695,-0.57960695,-5.704607,-11.512925464970229
-11.245202,-3.870202,-0.37020215,-1.2452022,-7.370202
-11.512925464970229,-6.541012,-1.4160117,-0.29101166,-4.791012
-6.8350205,-0.8350206000000001,-0.5850205999999999,-4.8350205,-11.512925464970229
-0.4977941999999999,-1.1227942,-4.122794,-8.622794,-11.512925464970229
-11.512925464970229,-7.420272,-1.920272,-0.170272,-4.670272
-11.512925464970229,-4.8937335,-0.7687333,-0.6437333000000001,-5.6437335
-11.512925464970229,-4.768974,-0.768974,-0.643974,-5.893974
-11.512925464970229,-4.8353367,-0.5853369,-0.8353369,-6.5853367
-7.7703943,-2.0203943,-0.3953943999999999,-3.1453943,-11.145394
-7.053731,-2.803731,-0.30373088,-1.9287308,-7.178731
-8.704944,-3.204944,-0.45494387,-2.829944,-9.579944
-4.874992,-1.6249918,-0.6249917999999999,-3.374992,-9.749991
-4.380704,-2.1307037,-0.88070375,-3.2557037,-7.630704
-7.9188857,-2.293886,-0.1688859199999999,-3.043886,-11.043886
-6.4738193,-1.7238193,-0.47381923,-3.9738193,-11.348819
-10.752405,-5.002405,-0.50240535,-1.0024054,-7.752405
-9.274919,-3.5249186,-0.14991853,-2.5249186,-9.149919
-9.704466,-4.8294654,-0.9544654,-1.3294654,-6.2044654
-10.677351,-5.427351,-0.92735076,-0.80235076,-5.177351
-0.5023921,-1.252392,-4.1273923,-9.127392,-11.512925464970229
-6.618752,-1.9937521,-0.24375217,-3.1187522,-9.6187525
-10.191075,-4.8160753,-0.6910752700000001,-0.81607527,-6.3160753
-11.512925464970229,-8.690424,-2.8154244,-0.19042434,-3.3154244
-7.090929,-1.9659289,-0.34092888,-3.7159288,-11.215929
-8.671847,-3.5468476,-0.79684764,-2.6718476,-8.671847
-6.8043633,-3.1793635,-0.6793633999999998,-2.3043635,-8.054363
-7.4743276,-2.3493278,-0.5993277399999999,-3.8493278,-11.474328
-5.4438586,-0.31885847,-1.3188585,-6.6938586,-11.512925464970229
-8.452045,-1.9520454,-0.20204547,-3.2020454,-9.827045
-9.075376,-3.9503756,-0.5753755,-1.7003756,-7.4503756
-9.870905,-4.6209044,-0.6209045600000002,-1.3709046,-7.1209044
-9.210463,-2.9604626,-0.3354627,-1.4604627,-6.9604626
-8.730613,-2.4806132,-0.23061311,-2.1056132,-8.105613
-1.5060116,-0.2560115799999999,-5.5060115,-11.512925464970229,-11.512925464970229
-11.512925464970229,-6.513171,-1.5131712,-0.2631711400000001,-4.638171
-2.3941789,-0.3941788,-1.5191789,-5.769179,-11.512925464970229
-11.512925464970229,-5.0153155,-0.7653154,-0.6403153999999999,-6.8903155
-2.850371,-1.225371,-1.100371,-3.850371,-8.600371
-5.787608,-2.5376084,-0.5376083,-2.4126084,-7.662608
-10.631136,-3.506136,-0.2561358499999999,-1.6311358,-8.506136
-9.953816,-2.828817,-0.20381682,-2.078817,-8.703816
-5.5358005,-0.28580055,-1.4108006,-7.2858005,-11.512925464970229
-7.734634,-2.9846337,-0.3596337399999999,-2.3596337,-8.484633
-4.1596155,-0.6596157600000001,-0.78461576,-5.2846155,-11.512925464970229
-8.674304,-3.5493042,-0.29930416,-2.0493042,-7.799304
-6.7556005,-1.7556007,-0.3806006599999999,-3.7556007,-11.005601
-8.43002,-3.9300203,-0.55502045,-1.4300205,-6.1800203
-8.528778,-3.653778,-0.1537779699999999,-2.403778,-9.153778
-8.359565,-3.6095645,-0.2345644799999999,-1.7345645,-7.6095643
-6.9289494,-2.3039494,-0.30394933,-2.8039494,-9.678949
-7.204331,-1.4543308,-0.3293308299999999,-4.579331,-11.512925464970229
-7.3656173,-1.9906173,-0.7406172,-4.2406173,-11.512925464970229
-11.512925464970229,-6.882637,-1.257637,-0.38263702,-5.132637
-8.828673,-4.0786734,-0.2036732899999999,-1.8286732,-8.328673
-8.391996,-1.7669964,-0.26699632,-2.7669964,-7.8919964
-9.843596,-4.718596,-0.5935960399999999,-0.96859604,-7.218596
-2.3237708,-0.32377085,-2.1987708,-8.0737705,-11.512925464970229
-7.0836396,-2.5836399,-0.3336397999999999,-2.2086399,-8.20864
-1.7625912,-0.63759124,-2.2625914,-7.0125914,-11.512925464970229
-1.2235171,-0.34851703,-9.598517,-11.512925464970229,-11.512925464970229
-10.143009,-5.268009,-0.7680092,-1.2680092,-7.018009
-9.200859,-4.325859,-0.82585895,-1.825859,-7.200859
-2.8281922,-0.57819235,-1.3281924,-5.453192,-11.512925464970229
-1.1374946,-0.38749462,-7.3874946,-11.512925464970229,-11.512925464970229
-3.9829621,-0.107962154,-2.4829621,-8.482963,-11.512925464970229
-10.176889,-5.05189,-0.6768897000000001,-0.9268897,-6.80189
-8.385153,-1.6351528,-0.26015288,-3.3851528,-10.260153
-4.649771,-1.2747711,-0.3997710599999999,-3.524771,-9.899771
-11.512925464970229,-8.474963,-2.474963,-0.34996298,-4.724963
-7.467909,-3.5929086,-0.8429087,-2.2179086,-6.342909
-11.427862,-7.302862,-2.552862,-0.802862,-3.677862
-11.512925464970229,-7.498909,-1.7489088,-0.24890879,-4.998909
-7.9382834,-3.0632834,-0.31328332,-2.5632834,-9.188283
-1.0357096,-0.5357097000000001,-2.9107096,-8.285709,-11.512925464970229
-7.162717,-2.4127169,-0.28771698,-2.6627169,-9.287717
-3.0880437,-0.9630438,-1.2130438,-4.4630437,-11.512925464970229
-11.512925464970229,-6.355487,-1.2304871,-0.4804871,-5.605487
-7.747658,-1.9976578,-0.3726578399999999,-1.7476578,-7.122658
-8.421753,-4.046753,-0.54675275,-1.6717527,-6.421753
-10.41828,-6.0432796,-1.4182796,-0.6682796999999999,-3.5432796
-9.931172,-5.181173,-0.8061727,-0.6811726999999999,-5.306173
-7.5711756,-3.1961753,-0.82117534,-2.5711753,-8.196176
-10.315664,-4.940665,-0.6906646000000001,-1.1906645,-5.815665
-3.1309023,-0.6309023,-1.2559023,-5.3809023,-11.512925464970229
-7.9411917,-3.9411917,-0.44119158,-2.0661917,-6.8161917
-3.9295218,-0.3045218,-1.4295218,-5.6795216,-11.512925464970229
-10.910335,-5.9103346,-1.2853346,-0.91033465,-5.4103346
-11.512925464970229,-7.1625695,-1.5375695,-0.28756955,-5.2875695
-4.637054,-0.13705397,-2.137054,-7.887054,-11.512925464970229
-9.481534,-3.6065335,-0.6065336000000001,-0.8565336,-5.8565335
-5.0896044,-1.3396041,-0.7146041999999999,-4.5896044,-11.512925464970229
-2.8140252,-0.06402519,-6.1890254,-11.512925464970229,-11.512925464970229
-5.472058,-0.72205776,-0.72205776,-3.7220578,-9.347057
-2.1355371,-0.1355370299999999,-4.760537,-11.512925464970229,-11.512925464970229
-9.05245,-4.3024507,-0.8024505,-1.6774504,-6.3024507
-5.062422,-0.43742177,-1.0624218,-6.062422,-11.512925464970229
-6.042855,-1.667855,-0.5428549599999999,-4.292855,-11.167855
-8.275491,-2.4004905,-0.27549055,-3.4004905,-11.150491
-9.480428,-2.4804275,-0.23042746,-2.1054275,-8.480428
-0.11355022,-2.2385502,-7.23855,-11.512925464970229,-11.512925464970229
-9.860202,-3.1102014,-0.3602014,-1.3602014,-6.7352014
-7.811337,-3.0613372,-0.4363371699999999,-2.6863372,-8.436337
-8.161417,-2.9114172,-0.53641725,-1.0364172,-5.161417
-11.512925464970229,-7.131601,-1.8816007,-0.88160074,-4.006601
-5.195106,-1.6951063,-0.3201062,-4.070106,-10.1951065
-2.8182864,-0.0682865,-5.0682864,-11.512925464970229,-11.512925464970229
-8.272091,-3.6470912,-0.7720912,-3.0220912,-7.8970914
-5.142229,-1.1422293,-0.5172293000000001,-4.142229,-11.512925464970229
-11.512925464970229,-7.7177444,-2.3427446,-0.7177445,-3.3427446
-9.75907,-2.8840709,-0.2590707499999999,-1.7590708,-10.00907
-10.045684,-2.5456839,-0.17068374,-2.5456839,-10.920684
-11.512925464970229,-8.742957,-2.6179566,-0.36795667,-4.6179566
-10.065352,-5.5653524,-1.0653524,-0.56535244,-5.0653524
-11.512925464970229,-9.005841,-3.5058408,-0.1308408399999999,-2.3808408
-8.999379,-1.6243794,-0.24937941,-3.7493794,-11.249379
-4.2344255,-1.8594257,-0.48442563,-2.8594255,-7.6094255
-8.711461,-3.8364615,-0.3364614499999999,-1.4614614,-7.4614615
-11.512925464970229,-9.499122,-3.7491212,-0.124121204,-2.3741212
-11.512925464970229,-7.810031,-2.5600312,-0.4350311,-3.3100312
-8.855333,-2.4803333,-0.2303334499999999,-2.1053333,-9.855333
-11.024618,-5.274618,-0.7746182,-0.7746182,-6.149618
-8.970648,-1.8456483,-0.22064826,-3.2206483,-11.512925464970229
-8.39463,-1.1446307,-0.3946306699999999,-4.8946304,-11.512925464970229
-3.0896509,-0.0896508199999999,-3.2146509,-9.839651,-11.512925464970229
-4.9831266,-0.23312664,-1.6081266,-7.1081266,-11.512925464970229
-3.163382,-1.038382,-1.413382,-5.163382,-11.288382
-5.3554235,-0.23042339,-1.6054235,-8.230423,-11.512925464970229
-6.902844,-2.527844,-0.27784407,-2.652844,-8.152844
-7.41642,-3.79142,-0.7914199,-1.79142,-6.16642
-6.028069,-0.77806896,-0.6530689599999999,-4.028069,-10.590569
-8.496513,-1.9965129,-0.2465128999999999,-2.496513,-9.496513
-0.0036133782,-5.6286135,-11.512925464970229,-11.512925464970229,-11.512925464970229
-9.341463,-4.591463,-0.5914629999999998,-1.5914631,-6.591463
-5.4666233,-0.7166233,-0.7166233,-3.9666233,-10.779123
-7.7182727,-2.5932727,-0.4682726300000001,-1.2182727,-5.8432727
-7.7561927,-3.7561927,-0.38119262,-1.7561927,-6.8811927
-4.9483933,-1.8233936,-0.5733935,-3.4483936,-9.073394
-7.2152214,-3.2152216,-0.59022164,-1.9652216,-5.9652214
-3.5667546,-0.06675448,-3.3167546,-9.941754,-11.512925464970229
-0.7722007,-0.7722007,-3.8972006,-8.772201,-11.512925464970229
-7.775289,-1.7752889,-0.2752889699999999,-2.650289,-8.900289
-9.6723,-4.672301,-0.7973007,-1.6723007,-7.172301
-8.654997,-3.2799969,-0.2799968,-3.2799969,-9.904997
-8.023289,-2.8982882,-0.2732882499999999,-2.2732882,-8.773289
-8.275777,-2.525777,-0.4007770699999999,-1.4007771,-5.650777
-10.901918,-6.0269184,-1.1519184,-0.5269185000000001,-4.5269184
-8.858927,-2.8589272,-0.10892713,-3.1089272,-11.512925464970229
-0.0056558446999999,-6.255656,-10.255656,-11.512925464970229,-11.512925464970229
-5.2698317,-0.39483145,-1.1448314,-5.8948317,-11.457332
-8.16624,-2.66624,-0.16624004,-2.66624,-9.91624
-10.150984,-5.7759843,-1.0259843,-0.6509841999999999,-3.6509843
-11.211554,-4.399054,-0.6490539000000001,-0.7740539,-5.524054
-3.3167338,-0.0667338599999999,-3.5667338,-10.441734,-11.512925464970229
-7.6368675,-3.1368675,-0.3868675,-2.5118675,-8.011868
-4.6829195,-0.0579193349999999,-3.0579193,-10.4329195,-11.512925464970229
-1.8993652,-0.52436525,-1.8993652,-5.5243654,-11.512925464970229
-4.086942,-0.0869420699999999,-2.711942,-9.711942,-11.512925464970229
-5.207665,-0.2076648299999999,-1.7076648,-7.207665,-11.512925464970229
-5.346667,-1.5966668,-0.34666678,-3.5966668,-10.471666
-9.966362,-4.591362,-0.7163621,-1.5913621,-7.966362
-6.997713,-1.3727131,-0.3727130599999999,-2.872713,-8.372713
-4.1282363,-0.5032364000000001,-1.0032364,-4.3782363,-9.878237
-7.6599817,-1.7849817,-0.28498176,-2.5349817,-7.7849817
-0.2908049799999999,-1.915805,-3.6658049,-7.540805,-11.512925464970229
-8.450738,-2.8257384,-0.20073839,-2.4507384,-9.575738
-2.9325907,-0.18259083,-2.1825907,-7.057591,-11.512925464970229
-2.2169719,-0.2169718599999999,-2.4669719,-6.716972,-10.216971
-9.720531,-2.8455315,-0.22053142,-1.9705315,-7.9705315
-4.0869546,-0.08695474,-2.7119548,-9.461955,-11.512925464970229
-6.226978,-0.35197794,-1.226978,-6.476978,-11.512925464970229
-1.5036367,-0.2536366999999999,-6.378637,-11.512925464970229,-11.512925464970229
-2.2383213,-0.11332131,-7.6133213,-11.512925464970229,-11.512925464970229
-9.504869,-2.6298697,-0.25486964,-1.8798697,-8.504869
-11.512925464970229,-7.6229963,-2.3729963,-0.62299645,-3.1229963
-10.396633,-5.1466327,-0.6466327299999999,-1.1466327,-6.2716327
-10.264769,-4.014769,-0.26476908,-2.014769,-9.139769
-9.67229,-3.4222898,-0.42228988,-1.1722898,-6.17229
-11.512925464970229,-6.828151,-1.4531512,-0.5781512000000001,-3.8281512
-7.3238535,-1.0738534,-0.4488534,-3.9488535,-11.512925464970229
-8.271206,-3.6462061,-0.27120623,-1.6462063,-7.7712064
-7.9031024,-1.1531023,-0.4031022799999999,-4.1531024,-11.512925464970229
-11.512925464970229,-7.989447,-2.1144469,-0.2394469799999999,-3.3644469
-11.512925464970229,-7.989447,-2.1144469,-0.2394469799999999,-3.3644469
-10.821549,-5.4465494,-0.9465493,-1.1965493,-5.8215494
-9.139528,-2.5145283,-0.26452836,-1.8895284,-8.264528
-7.7307754,-2.6057754,-0.73077536,-3.9807754,-10.730776
-8.56751,-3.1925097,-0.19250967,-2.4425097,-8.81751
-0.95067495,-0.57567495,-3.325675,-9.075675,-11.512925464970229
-8.28037,-2.4053698,-0.15536968,-3.4053698,-11.15537
-5.0720086,-1.0720085,-0.6970085,-4.5720086,-11.512925464970229
-2.0195732,-0.14457317,-6.269573,-11.512925464970229,-11.512925464970229
-9.639927,-4.139927,-0.514927,-2.264927,-8.514927
-2.0226748,-0.3976747699999999,-2.0226748,-7.0226746,-11.512925464970229
-1.6017774,-0.22677739,-6.6017776,-11.512925464970229,-11.512925464970229
-7.0922823,-2.0922823,-0.46728227,-3.0922823,-9.717282
-7.3078394,-2.1828392,-0.1828391799999999,-3.5578392,-11.432839
-6.4470973,-1.6970972,-0.5720972,-4.1970973,-11.512925464970229
-5.862219,-1.737219,-0.362219,-3.487219,-9.862219
-0.0943933399999999,-4.2193933,-7.3443933,-11.344394,-11.512925464970229
-8.527927,-1.1529274,-0.4029274599999999,-4.1529274,-11.512925464970229
-5.8325977,-0.8325978,-0.5825978,-6.0825977,-11.512925464970229
-4.128633,-0.5036329,-1.0036329,-5.753633,-11.512925464970229
-3.7852857,-0.5352858,-1.0352857,-5.660286,-11.512925464970229
-0.48413816,-1.6091381,-4.984138,-9.3591385,-11.512925464970229
-9.371563,-2.7465632,-0.2465632899999999,-1.8715633,-7.8715634
-5.4631963,-0.5881963000000001,-0.8381963,-4.8381963,-11.512925464970229
-4.020344,-0.1453438299999999,-2.1453438,-8.145344,-11.512925464970229
-5.853688,-0.22868788,-1.6036879,-7.853688,-11.512925464970229
-9.266742,-2.7667415,-0.2667414499999999,-1.7667415,-8.266742
-10.926105,-5.5511045,-0.8011048,-1.3011048,-5.9261045
-10.611704,-5.1117034,-0.6117034999999998,-0.8617035,-6.2367034
-0.286579,-1.786579,-6.036579,-10.911579,-11.512925464970229
-6.9697237,-2.8447235,-0.3447235199999999,-2.0947235,-7.5947237
-7.7576313,-2.0076315,-0.25763148,-2.3826315,-9.757631
-11.512925464970229,-6.9042363,-2.1542366,-0.15423653,-3.6542366
-9.872125,-4.122124,-0.3721242999999999,-2.1221242,-8.622125
-5.8368754,-0.58687556,-0.8368755600000001,-4.8368754,-11.512925464970229
-0.6328074999999999,-0.7578075,-8.507808,-11.512925464970229,-11.512925464970229
-8.24744,-3.1224408,-0.12244076,-2.8724408,-10.99744
-4.60267,-0.97767025,-0.97767025,-4.72767,-11.512925464970229
-10.993293,-3.9932923,-0.49329245,-0.99329245,-7.4932923
-9.314202,-2.8142028,-0.31420273,-1.5642028,-8.064202
-8.816201,-3.5662014,-0.31620145,-1.9412014,-8.191201
-8.9179325,-4.667932,-0.91793203,-1.167932,-5.417932
-9.3997,-3.0247002,-0.39970008,-1.2747,-6.6497
-11.512925464970229,-9.802816,-4.0528164,-0.1778165299999999,-1.9278165
-10.314865,-4.8148656,-0.5648656000000001,-1.0648656,-6.5648656
-1.3886831,-0.38868308,-2.638683,-6.7636833,-10.763683
-8.775577,-2.4005768,-0.2755768,-1.9005768,-7.5255766
-7.0998487,-0.3498486299999999,-1.2248486,-7.4748487,-11.512925464970229
-11.512925464970229,-8.689146,-3.564146,-0.18914615,-1.9391462
-10.249679,-3.7496789,-0.4996789,-0.9996789,-6.374679
-9.070474,-4.4454737,-0.6954738,-1.0704738,-5.6954737
-2.7119017,-0.086901546,-4.0869017,-10.961902,-11.512925464970229
-4.9899435,-1.9899437,-0.7399437,-2.9899437,-7.7399435
-7.82846,-2.5784602,-0.2034602999999999,-3.2034602,-10.328461
-6.4198575,-0.9198576000000002,-0.5448576,-3.9198575,-11.169858
-4.7003903,-0.3253903399999999,-1.3253903,-5.8253903,-11.512925464970229
-8.882441,-2.3824408,-0.25744075,-2.0074408,-8.757441
-11.512925464970229,-5.7494235,-0.7494233,-0.7494233,-6.4994235
-8.053517,-2.178517,-0.1785170099999999,-4.053517,-11.512925464970229
-4.673235,-0.5482351000000001,-0.9232351,-4.173235,-10.298235
-11.512925464970229,-6.1993227,-1.0743227,-0.94932276,-5.6993227
-3.8943815,-0.7693816399999999,-0.7693816399999999,-5.5193815,-11.512925464970229
-11.512925464970229,-5.2078395,-0.8328394,-0.5828394,-6.5828395
-5.4173417,-1.0423418,-0.5423418000000001,-2.7923417,-8.292342
-5.492161,-1.1171607,-0.4921606999999999,-2.8671608,-7.617161
-11.512925464970229,-5.7786245,-0.6536243599999999,-0.90362436,-6.7786245
-7.2849917,-1.9099919,-0.2849919,-3.534992,-10.909992
-11.512925464970229,-6.8925166,-1.7675166,-0.5175165999999999,-4.3925166
-5.6307163,-0.13071649,-2.1307166,-8.630716,-11.512925464970229
-4.5669937,-1.3169938,-0.81699383,-4.4419937,-10.941994
-10.888578,-5.2635784,-0.88857865,-1.7635787,-7.2635784
-6.455242,-1.0802419,-0.4552419499999999,-3.705242,-11.512925464970229
-11.486588,-5.4865875,-0.7365877,-1.4865878,-7.6115875
-7.383223,-2.758223,-0.2582231799999999,-2.508223,-7.508223
-11.250591,-6.1255913,-1.000591,-0.50059104,-5.7505913
-11.512925464970229,-7.397108,-1.897108,-0.52210796,-4.772108
-8.793697,-3.5436974,-0.7936973,-1.7936974,-8.418697
-6.0281777,-1.9031779,-0.4031778299999999,-3.0281777,-9.528178
-6.5913024,-1.4663025,-0.3413024799999999,-4.4663024,-11.512925464970229
-8.8604145,-3.985414,-0.3604140999999999,-1.735414,-7.485414
-11.512925464970229,-7.5485964,-1.7985964,-0.42359635,-4.2985964
-11.512925464970229,-5.6683254,-0.79332566,-0.79332566,-5.9183254
-7.699509,-2.1995091,-0.824509,-4.449509,-11.512925464970229
-9.451267,-3.9512668,-0.7012669,-2.3262668,-7.826267
-3.5956743,-0.8456742,-0.8456742,-5.220674,-11.512925464970229
-0.2519634699999999,-1.5019635,-10.501964,-11.512925464970229,-11.512925464970229
-8.773888,-2.8988876,-0.14888775,-2.6488876,-10.398888
-5.7952013,-2.1702013,-0.4202014,-2.5452013,-7.9202013
-5.7319145,-0.85691434,-0.6069143400000001,-3.6069143,-9.1069145
-4.293517,-0.0435169079999999,-3.5435169,-11.512925464970229,-11.512925464970229
-7.8346524,-3.7096524,-0.7096523,-1.7096523,-5.7096524
-7.941288,-2.066288,-0.316288,-1.941288,-7.441288
-11.512925464970229,-9.014319,-3.2643194,-0.13931942,-2.3893194
-0.52538556,-1.0253856,-3.5253856,-8.525386,-11.512925464970229
-10.170716,-2.5457163,-0.1707162099999999,-2.5457163,-9.795716
-6.8316183,-2.081618,-0.20661815,-3.081618,-10.956618
-6.893117,-1.893117,-0.393117,-1.768117,-5.893117
-9.550617,-3.0506167,-0.30061683,-1.5506169,-9.175617
-7.9536867,-1.3286867,-0.32868674,-4.2036867,-11.512925464970229
-0.57556224,-1.2005622,-4.5755625,-9.4505625,-11.512925464970229
-2.46468,-0.0896799099999999,-7.2146797,-11.512925464970229,-11.512925464970229
-3.6156518,-0.8656519,-1.2406518,-5.115652,-11.512925464970229
-5.257321,-0.13232067,-2.1323206,-8.75732,-11.512925464970229
-10.150725,-3.0257256,-0.27572563,-1.6507256,-7.650726
-3.4241753,-0.049175188,-4.1741753,-11.512925464970229,-11.512925464970229
-11.512925464970229,-6.567268,-1.0672679,-0.8172679000000002,-5.567268
-9.361781,-2.6117814,-0.23678134,-1.9867814,-8.611781
-11.512925464970229,-7.796049,-2.546049,-0.1710490999999999,-2.546049
-11.500471,-5.250471,-0.8754712000000001,-1.3754711,-7.750471
-4.145104,-0.27010402,-1.520104,-6.145104,-11.512925464970229
-5.4794173,-0.3544173,-1.2294173,-6.3544173,-11.512925464970229
-6.7162285,-1.0912284,-0.46622837,-3.3412285,-8.5912285
-11.512925464970229,-5.8938637,-1.5188638,-0.26886377,-4.2688637
-9.005153,-2.6301527,-0.2551526700000001,-1.8801527,-7.7551527
-8.329515,-3.5795157,-0.5795157599999999,-2.2045157,-8.329515
-2.3563042,-0.10630415,-5.106304,-11.512925464970229,-11.512925464970229
-3.8325634,-0.70756334,-1.2075634,-5.4575634,-11.512925464970229
-2.9762983,-0.85129845,-1.3512985,-5.6012983,-11.512925464970229
-2.7801204,-0.78012043,-1.0301204,-5.0301204,-10.530121
-7.682369,-1.8073692,-0.3073692999999999,-2.3073692,-7.557369
-2.7801204,-0.78012043,-1.0301204,-5.0301204,-10.530121
-2.7801204,-0.78012043,-1.0301204,-5.0301204,-10.530121
-4.5580926,-1.8080926,-0.55809253,-3.1830926,-8.183092
-9.649002,-4.649002,-0.524002,-1.3990021,-6.524002
-3.6298575,-0.25485745,-1.6298574,-6.0048575,-11.512925464970229
-3.5330951,-0.28309512,-1.5330951,-6.5330954,-11.512925464970229
-11.161349,-4.9113493,-0.91134906,-0.53634906,-5.1613493
-11.512925464970229,-5.605625,-0.7306251,-0.9806251,-6.480625
-11.27993,-4.9049296,-0.4049297600000001,-1.4049298,-7.9049296
-9.524879,-3.0248795,-0.39987952,-1.2748795,-6.5248795
-8.139874,-1.8898749,-0.2648748999999999,-2.514875,-7.764875
-5.97175,-1.9717498,-0.47174984,-3.4717498,-9.84675
-4.1703615,-0.0453613549999999,-3.5453613,-10.2953615,-11.512925464970229
-5.5219517,-0.1469516199999999,-2.0219517,-8.271952,-11.512925464970229
-6.334958,-0.7099579,-0.7099579,-4.209958,-10.522458
-10.7897,-4.5396996,-0.91469973,-0.5396997299999999,-5.1646996
-4.937721,-0.1877209799999999,-1.812721,-7.187721,-11.512925464970229
-5.3583584,-0.8583583,-0.6083583,-3.6083584,-9.483358
-6.2790146,-0.5290146,-0.9040146,-5.5290146,-11.512925464970229
-6.623047,-1.3730469,-0.3730468800000001,-2.8730469,-8.748047
-11.512925464970229,-5.675039,-0.8000388,-1.3000388,-6.425039
-0.94562626,-1.0706263,-3.4456263,-8.445626,-11.512925464970229
-9.339337,-2.3393369,-0.2143369299999999,-2.3393369,-10.339337
-6.748068,-1.373068,-0.3730679800000001,-2.8730679,-7.998068
-6.6232233,-1.3732231,-0.37322313,-2.873223,-7.9982233
-11.512925464970229,-3.6275506,-0.25255066,-1.6275506,-8.752551
-7.8142242,-1.4392242,-0.3142243,-3.4392242,-10.876724
-3.5523596,-0.0523595179999999,-3.8023596,-10.55236,-11.512925464970229
-2.6998277,-0.0748275999999999,-5.3248277,-11.512925464970229,-11.512925464970229
-5.655674,-1.4056737,-0.6556737399999999,-4.155674,-11.030674
-11.461454,-5.0864544,-0.8364541499999999,-0.58645415,-5.4614544
-9.733683,-4.9836826,-0.6086829,-0.8586829,-6.6086826
-10.116498,-4.7414985,-0.7414983,-1.4914982,-7.2414985
-10.446064,-5.571064,-0.9460642,-1.1960642,-5.821064
-10.786995,-5.1619954,-0.9119954,-1.6619954,-6.9119954
-10.278511,-4.403511,-0.7785108,-0.6535108,-4.778511
-9.558049,-2.9330487,-0.3080488,-1.5580488,-6.6830487
-0.2814813,-1.4064813,-8.031482,-11.512925464970229,-11.512925464970229
-9.181855,-4.5568557,-0.6818555000000001,-1.5568554,-6.1818557
-11.512925464970229,-7.1721497,-1.7971494,-0.5471494,-3.1721494
-11.178894,-6.803894,-1.5538938,-0.67889386,-2.6788938
-10.391464,-5.516464,-0.6414640500000001,-1.391464,-6.766464
-10.569734,-6.3197336,-1.3197336,-0.4447335599999999,-4.3197336
-7.8008914,-1.5508914,-0.30089146,-3.0508914,-10.425892
-9.949944,-4.8249435,-0.5749435,-1.1999435,-6.0749435
-1.1372083,-0.3872083399999999,-8.012208,-11.512925464970229,-11.512925464970229
-7.7265534,-3.3515534,-0.6015535,-2.1015534,-7.2265534
-7.5394773,-1.6644776,-0.28947753,-2.7894776,-9.914477
-7.043963,-3.4189627,-0.7939628,-2.7939627,-7.043963
-4.9184575,-0.16845761,-1.9184576,-7.0434575,-11.512925464970229
-10.171001,-5.1710014,-0.6710016,-1.0460017,-6.0460014
-8.182628,-2.9326274,-0.30762735,-3.0576274,-9.307628
-5.1098924,-0.4848924599999999,-0.9848925,-5.3598924,-11.512925464970229
-0.87331975,-1.8733197,-4.4983196,-9.62332,-11.512925464970229
-8.346562,-4.9715624,-0.84656245,-1.2215624,-4.8465624
-6.579215,-2.829215,-0.45421508,-2.329215,-7.329215
-11.120365,-7.1203647,-1.8703649,-0.74536484,-3.120365
-11.512925464970229,-8.25898,-2.3839798,-0.3839798300000001,-2.3839798
-11.512925464970229,-6.366827,-1.491827,-0.7418271,-4.866827
-8.092281,-2.2172809,-0.3422809799999999,-1.717281,-6.842281
-5.3195944,-0.3195942,-1.3195941,-6.5695944,-11.512925464970229
-0.75767773,-0.63267773,-9.507678,-11.512925464970229,-11.512925464970229
-6.7628117,-0.6378116600000001,-0.76281166,-5.5128117,-11.512925464970229
-7.941922,-1.6919223,-0.3169223,-2.4419222,-9.441922
-8.988681,-1.8636807,-0.23868069,-2.8636806,-10.238681
-8.23683,-1.9868293,-0.23682934,-2.6118293,-9.61183
-8.298454,-3.6734543,-0.42345434,-2.5484543,-8.048454
-7.3706665,-1.8706663,-0.37066627,-1.8706663,-6.8706665
-10.654835,-5.5298347,-1.0298345,-1.2798345,-5.6548347
-0.7603976,-0.6353975999999999,-5.8853974,-11.512925464970229,-11.512925464970229
-10.809181,-4.9341817,-0.5591817000000001,-1.5591817,-8.184181
-11.512925464970229,-7.179494,-2.054494,-0.80449384,-3.554494
-11.512925464970229,-8.485446,-2.610446,-0.7354461,-3.735446
-11.271135,-4.458635,-0.7086349,-0.7086349,-5.583635
-8.637983,-4.1379833,-0.6379835600000001,-2.0129836,-6.7629833
-3.1876981,-0.06269806,-3.9376981,-11.512925464970229,-11.512925464970229
-2.465709,-0.0907089399999999,-6.3407087,-11.512925464970229,-11.512925464970229
-2.934265,-0.05926481,-5.4342647,-11.512925464970229,-11.512925464970229
-10.55869,-2.6836903,-0.1836901999999999,-2.3086903,-9.80869
-10.969695,-5.969695,-1.2196952,-0.8446952000000001,-4.469695
-10.970557,-3.2205572,-0.22055724,-1.8455572,-10.595557
-4.530266,-1.0302658,-0.5302657500000001,-4.030266,-10.780266
-8.491354,-3.4913542,-0.36635432,-2.1163542,-7.2413545
-5.813541,-0.93854094,-0.5635409399999999,-3.313541,-8.438541
-10.338408,-2.963409,-0.2134088299999999,-1.9634088,-9.213408
-4.5903277,-1.5903276,-0.5903275999999998,-3.5903277,-8.715327
-10.81415,-3.4391499,-0.31414998,-1.43915,-8.06415
-3.8851662,-0.8851663,-1.0101663,-4.885166,-11.512925464970229
-11.512925464970229,-6.933905,-2.0589054,-0.6839053,-3.9339054
-11.512925464970229,-8.840959,-3.340958,-0.21595822,-1.8409582
-11.512925464970229,-7.5152893,-1.8902894,-0.39028943,-3.8902893
-6.557206,-0.4322063,-1.0572063,-6.182206,-11.512925464970229
-6.119404,-2.3694036,-0.61940366,-3.2444036,-9.119404
-7.015199,-0.76519924,-0.64019924,-5.015199,-11.512925464970229
-11.512925464970229,-5.3629265,-0.73792654,-1.2379265,-6.8629265
-8.418687,-3.6686866,-0.7936866,-2.6686866,-7.918687
-11.27055,-5.02055,-0.64554995,-1.89555,-8.02055
-5.5680695,-0.31806934,-1.3180693,-6.9430695,-11.512925464970229
-10.166076,-4.1660757,-0.2910754699999999,-1.9160755,-8.291076
-11.512925464970229,-5.8544064,-0.7294065,-0.7294065,-6.3544064
-11.512925464970229,-5.359507,-0.6095071999999999,-1.1095072,-7.484507
-5.791959,-1.6669588,-0.41695878,-3.0419588,-9.666959
-11.512925464970229,-7.3553824,-1.8553827,-0.6053825999999999,-5.3553824
-8.47735,-3.7273507,-0.6023506,-2.3523507,-7.2273507
-8.553876,-3.5538764,-0.5538763000000001,-2.4288764,-7.9288764
-8.747271,-2.872271,-0.37227097,-1.372271,-7.497271
-11.512925464970229,-6.8969493,-1.2719493,-0.3969493499999999,-5.7719493
-5.934028,-1.5590283,-0.68402827,-4.434028,-11.434029
-6.1413383,-2.016338,-0.6413381700000002,-4.0163383,-10.516338
-0.6270276000000001,-2.0020275,-5.1270275,-9.5020275,-11.512925464970229
-2.4687357,-0.09373578,-5.3437357,-11.512925464970229,-11.512925464970229
-10.557908,-4.6829076,-0.30790773,-2.0579078,-8.682908
-5.1062355,-1.1062353,-0.6062352999999999,-4.6062355,-11.512925464970229
-8.646583,-3.6465828,-0.77158284,-3.0215828,-9.396583
-10.701181,-5.701181,-1.0761809,-0.95118093,-5.701181
-11.512925464970229,-7.2180667,-1.3430666,-0.3430666,-6.8430667
-7.7409945,-0.9909946,-0.4909946,-4.1159945,-11.115994
-1.5645792,-0.31457922,-2.8145792,-7.189579,-10.502079
-11.250734,-5.375735,-0.6257347500000001,-1.1257348,-7.625735
-11.512925464970229,-6.075254,-0.9502539599999998,-0.70025396,-5.700254
-11.512925464970229,-6.9230056,-1.2980058,-0.54800576,-6.6730056
-10.020061,-3.145061,-0.270061,-1.645061,-7.520061
-10.531546,-4.781546,-0.4065461199999999,-1.4065461,-6.906546
-5.4562144,-0.20621462,-1.7062147,-7.5812144,-11.512925464970229
-3.316733,-0.0667329599999999,-3.566733,-10.816733,-11.512925464970229
-0.5613987400000001,-1.0613987,-4.1863985,-9.5613985,-11.512925464970229
-8.272358,-3.6473575,-0.7723576,-3.0223575,-8.272358
-4.9593177,-0.2093178299999999,-1.7093178,-7.0843177,-11.512925464970229
-10.296819,-3.4218183,-0.42181838,-1.1718184,-6.4218183
-10.845986,-5.345987,-0.8459867,-1.0959867,-6.345987
-8.231921,-3.8569207,-0.73192084,-2.1069207,-7.3569207
-8.548954,-4.173954,-0.54895383,-1.5489538,-5.048954
-6.7970195,-0.9220193,-0.5470193,-3.7970192,-10.172019
-1.2080669,-0.5830669399999999,-2.583067,-7.333067,-11.512925464970229
-6.229015,-2.1040149,-0.8540148,-3.7290149,-9.354014
-4.953279,-1.078279,-0.828279,-4.703279,-11.2032795
-11.512925464970229,-7.459656,-2.0846558,-0.5846557000000001,-3.9596558
-5.114687,-0.73968697,-0.73968697,-3.239687,-8.239687
-9.037552,-2.2875519,-0.28755185,-1.9125519,-7.537552
-3.7879982,-0.7879983,-1.4129983,-5.912998,-11.512925464970229
-5.438605,-0.93860495,-0.93860495,-5.563605,-11.512925464970229
-5.977821,-0.10282084,-2.3528209,-9.60282,-11.512925464970229
-6.352566,-0.22756557,-1.6025655,-7.852566,-11.512925464970229
-6.784867,-3.0348668,-0.78486675,-3.2848668,-8.784866
-1.054115,-0.42911506,-7.8041153,-11.512925464970229,-11.512925464970229
-7.7086267,-1.9586265,-0.3336265699999999,-1.9586265,-6.8336267
-1.1370589,-0.38705885,-8.637059,-11.512925464970229,-11.512925464970229
-9.813317,-4.938318,-0.8133177,-1.1883178,-4.938318
-9.558234,-2.9332337,-0.3082337999999999,-1.5582337,-6.5582337
-6.982665,-2.982665,-0.4826651,-2.607665,-8.607665
-9.167759,-4.2927594,-0.5427592999999998,-2.0427594,-7.6677594
-7.071228,-3.071228,-0.44622794,-2.571228,-7.321228
-6.4429016,-1.1929017,-0.44290176,-2.9429018,-8.692902
-11.512925464970229,-5.9169555,-0.7919553,-0.7919553,-6.1669555
-0.69373727,-0.69373727,-7.443737,-11.512925464970229,-11.512925464970229
-6.977483,-2.6024828,-0.60248286,-3.1024828,-9.477483
-5.020544,-1.270544,-0.6455440500000001,-4.020544,-11.020544
-3.9285393,-0.05353932,-3.4285393,-10.928539,-11.512925464970229
-6.824784,-2.324784,-0.4497839800000001,-3.574784,-10.449784
-11.512925464970229,-7.1667323,-1.5417324,-0.54173243,-4.2917323
-10.07344,-3.1984398,-0.3234398399999999,-1.4484398,-7.5734396
-11.035649,-3.7856498,-0.4106497,-1.1606497,-7.16065
-11.512925464970229,-5.0820055,-1.0820053,-0.4570053,-3.8320053
-11.512925464970229,-8.3833475,-2.2583473,-0.25834718,-4.008347
-11.512925464970229,-6.1534104,-1.0284104,-0.52841043,-6.1534104
-4.2103953,-0.8353953,-0.8353953,-4.8353953,-11.512925464970229
-11.512925464970229,-7.5329204,-1.9079204,-0.4079202999999999,-4.0329204
-1.1383642,-0.3883642,-6.5133643,-11.512925464970229,-11.512925464970229
-11.512925464970229,-7.1667323,-1.5417324,-0.54173243,-4.2917323
-11.512925464970229,-9.3005,-3.4254997,-0.8004997,-2.6754997
-9.877627,-3.0026271,-0.2526270400000001,-1.752627,-8.502627
-9.689523,-3.9395227,-0.43952286,-2.3145227,-8.814523
-7.8674784,-1.2424786,-0.36747858,-3.9924786,-11.512925464970229
-8.187559,-2.4375591,-0.1875590099999999,-3.3125591,-10.937559
-5.4425917,-1.0675917,-0.5675916000000001,-4.8175917,-11.512925464970229
-7.8084555,-2.1834555,-0.1834554699999999,-3.4334555,-11.512925464970229
-3.871136,-0.37113595,-1.496136,-6.9961357,-11.512925464970229
-3.4311604,-0.0561604349999999,-3.8061604,-10.68116,-11.512925464970229
-9.033865,-3.2838645,-0.15886456,-2.9088645,-9.783865
-11.512925464970229,-6.235899,-1.2358992,-0.7358992,-6.360899
-0.69456434,-0.69456434,-6.5695643,-11.512925464970229,-11.512925464970229
-2.5158086,-0.7658085,-1.7658086,-7.0158086,-11.512925464970229
-5.6435738,-0.3935735799999999,-1.1435735,-5.7685738,-11.512925464970229
-7.3152823,-2.3152823,-0.8152823,-4.1902823,-11.065282
-10.620951,-4.8709507,-0.8709507,-1.8709507,-7.1209507
-6.986594,-2.611594,-0.3615940000000001,-2.611594,-8.611594
-2.8963647,-0.5213646,-1.1463647,-5.6463647,-11.512925464970229
-4.7811427,-1.0311428,-0.7811428300000001,-4.7811427,-11.512925464970229
-6.5117593,-1.5117593,-0.5117591999999999,-5.0117593,-11.512925464970229
-0.82690275,-0.57690275,-6.951903,-11.512925464970229,-11.512925464970229
-4.8748364,-0.8748366,-0.6248366000000001,-4.6248364,-11.512925464970229
-10.305542,-5.180542,-0.55554223,-1.0555422,-5.555542
-6.6398134,-0.7648133,-0.6398133,-5.1398134,-11.512925464970229
-11.512925464970229,-6.180754,-1.3057544,-0.68075436,-4.680754
-10.645874,-2.895874,-0.14587402,-2.520874,-9.770874
-10.078111,-5.078111,-0.953111,-1.3281109,-5.953111
-6.103867,-0.4788672600000001,-0.9788673,-5.978867,-11.512925464970229
-0.26497817,-1.7649782,-5.1399784,-10.264978,-11.512925464970229
-11.512925464970229,-5.4146233,-0.4146234699999999,-1.1646235,-8.289623
-7.734543,-0.98454297,-0.48454294,-4.609543,-11.512925464970229
-11.512925464970229,-7.7938023,-2.9188023,-0.1688021399999999,-2.2938023
-5.7826233,-2.0326235,-0.65762347,-3.4076235,-8.907623
-11.114992,-4.239992,-0.48999202,-0.989992,-6.614992
-0.5767011000000001,-0.8267011,-7.201701,-11.512925464970229,-11.512925464970229
-6.004746,-0.25474584,-1.5047458,-8.0047455,-11.512925464970229
-8.151938,-0.90193856,-0.5269385599999998,-5.6519384,-11.512925464970229
-11.512925464970229,-5.839655,-0.714655,-0.714655,-6.464655
-6.0275984,-2.5275986,-0.4025985999999999,-2.1525986,-6.7775984
-5.1685348,-1.1685346,-0.54353464,-4.2935348,-11.512925464970229
-6.917293,-1.1672931,-0.41729307,-3.542293,-11.417294
-7.9535923,-3.4535923,-0.57859224,-1.9535923,-7.3285923
-9.945515,-5.1955147,-0.8205148000000001,-1.0705148,-5.6955147
-10.240738,-5.615738,-0.7407378,-0.7407378,-5.615738
-0.6423372999999999,-0.7673373,-4.6423373,-10.017338,-11.512925464970229
-10.660573,-5.410573,-0.7855729,-0.7855729,-4.285573
-4.885845,-0.26084536,-1.5108454,-6.635845,-11.512925464970229
-10.970705,-4.095705,-0.5957052,-0.8457052,-5.845705
-9.691471,-2.4414713,-0.19147128,-2.4414713,-9.066471
-11.512925464970229,-6.646343,-1.2713435,-0.39634347,-4.896343
-8.184596,-3.6845963,-0.30959636,-2.1845963,-7.1845965
-6.9630594,-2.5880594,-0.5880595000000001,-3.4630594,-9.338059
-10.398349,-4.148349,-0.2733490199999999,-2.023349,-8.523349
-9.592047,-4.2170467,-0.5920470000000001,-2.342047,-8.217047
-11.512925464970229,-7.722827,-2.097827,-0.3478269999999999,-4.347827
-8.127751,-1.7527511,-0.2527511399999999,-3.002751,-9.377751
-11.512925464970229,-4.1165977,-0.4915978,-0.9915978,-6.8665977
-11.512925464970229,-5.7367215,-1.2367215,-0.36172155,-4.6117215
-11.512925464970229,-5.4485664,-0.6985667,-0.6985667,-6.8235664
-7.0130973,-0.7630971,-0.6380971,-5.3880973,-11.512925464970229
-10.06394,-2.8139396,-0.1889396,-2.1889396,-9.18894
-11.512925464970229,-5.9431176,-0.5681175599999999,-1.0681176,-8.568117
-11.512925464970229,-8.7937565,-2.4187567,-0.16875663,-3.2937567
-11.512925464970229,-9.064248,-2.6892478,-0.18924786,-3.3142478
-7.1680264,-2.2930264,-0.2930265399999999,-3.7930264,-10.918027
-9.952905,-5.452904,-0.9529043,-1.3279042,-5.452904
-7.4373226,-2.4373226,-0.6873227399999999,-4.0623226,-11.437323
-4.029008,-0.0290076789999999,-4.529008,-11.512925464970229,-11.512925464970229
-8.515612,-3.8906114,-0.3906114,-1.8906114,-7.2656116
-3.0591238,-0.05912381,-4.559124,-11.512925464970229,-11.512925464970229
-7.335474,-2.9604738,-0.2104737999999999,-2.4604738,-9.460474
-6.8255396,-0.7005397,-0.7005397,-5.0755396,-11.512925464970229
-7.1094565,-2.7344563,-0.7344563600000001,-3.4844563,-9.484456
-8.066669,-3.19167,-0.5666698000000001,-3.06667,-9.566669
-11.040998,-6.0409985,-0.79099846,-0.6659984599999998,-6.5409985
-8.405364,-3.405364,-0.28036398,-2.780364,-9.030364
-0.97778404,-0.47778407,-5.602784,-11.512925464970229,-11.512925464970229
-7.4919286,-3.2419288,-0.4919287299999999,-2.3669288,-8.741929
-10.7085,-5.3334994,-0.5834994300000002,-1.0834994,-6.3334994
-7.604549,-3.354549,-0.2295490499999999,-1.854549,-8.229549
-8.038658,-2.9136581,-0.6636580000000001,-3.5386581,-10.288658
-6.330123,-1.8301227,-0.5801227699999999,-4.330123,-11.205123
-5.252968,-1.3779676,-0.6279676600000001,-4.377968,-11.512925464970229
-8.134327,-3.134327,-0.25932693,-2.384327,-8.759327
-7.512221,-0.7622209,-0.6372209000000001,-5.512221,-11.512925464970229
-5.6855283,-0.4355281,-1.060528,-5.6855283,-11.512925464970229
-11.512925464970229,-5.6428647,-0.6428647,-1.1428647,-7.0178647
-6.516647,-0.6416470000000001,-0.766647,-4.891647,-11.512925464970229
-7.7781696,-1.1531695,-0.40316948,-4.1531696,-11.15317
-9.493088,-3.4930873,-0.24308735,-1.8680873,-8.243088
-11.512925464970229,-7.4001727,-1.9001726,-0.6501726,-4.5251727
-10.107248,-4.3572483,-0.8572481,-1.9822481,-8.357248
-3.8508492,-1.225849,-0.97584903,-4.225849,-10.725849
-10.839623,-5.714623,-0.96462303,-0.96462303,-5.839623
-11.512925464970229,-8.50542,-2.6304197,-0.13041979,-3.6304197
-11.512925464970229,-6.877081,-1.8770809,-0.5020808600000001,-3.127081
-7.48652,-3.6115198,-0.6115197500000001,-1.9865198,-6.36152
-6.925708,-2.8007078,-0.6757079399999999,-2.5507078,-8.425708
-11.164952,-5.1649523,-0.66495246,-1.1649525,-7.5399523
-8.938237,-3.3132374,-0.31323746,-2.6882374,-10.313237
-0.033657458,-3.4086576,-11.512925464970229,-11.512925464970229,-11.512925464970229
-11.512925464970229,-5.139418,-0.7644181,-0.6394181,-7.014418
-10.35413,-3.22913,-0.3541300299999999,-1.35413,-7.85413
-10.660734,-4.0982347,-0.5982346499999999,-0.84823465,-5.2232347
-7.4474173,-1.5724173,-0.32241732,-2.6974173,-9.572417
-11.032466,-5.032466,-1.157466,-0.40746602,-4.282466
-11.512925464970229,-10.853857,-5.228857,-0.3538571999999999,-1.2288572
-10.906701,-5.156701,-1.1567011,-0.4067010300000001,-4.281701
-1.6168993,-0.24189919,-4.116899,-9.9918995,-11.512925464970229
-11.038906,-3.6639063,-0.41390628,-1.1639063,-6.913906
-3.8605125,-0.110512495,-2.4855125,-8.235513,-11.512925464970229
-11.512925464970229,-11.512925464970229,-6.384314,-0.6343139000000001,-0.7593139
-11.512925464970229,-7.1727157,-2.0477157,-0.17271566,-3.5477157
-6.5231843,-0.77318424,-0.64818424,-4.2731843,-10.523184
-5.083109,-0.95810914,-0.5831091400000001,-2.9581091,-9.458109
-7.566095,-1.0660949,-0.4410949000000001,-4.441095,-11.512925464970229
-0.82646775,-0.57646775,-7.5764675,-11.512925464970229,-11.512925464970229
-6.9179225,-2.6679225,-0.5429225999999999,-3.2929225,-9.667923
-6.7692795,-2.1442795,-0.5192795399999999,-3.2692795,-9.6442795
-1.6079062,-0.4829062,-2.607906,-7.8579063,-11.512925464970229
-4.553786,-1.0537858,-0.8037858,-5.053786,-11.512925464970229
-7.1527443,-2.6527443,-0.4027443499999999,-3.1527443,-9.652744
-9.019304,-3.519304,-0.76930404,-3.144304,-9.894304
-11.031424,-5.031423,-0.5314232,-1.1564232,-7.406423
-2.3383608,-0.3383609,-1.7133609,-6.713361,-11.512925464970229
-8.0017805,-3.3767807,-0.3767807,-2.5017807,-8.1267805
-7.229464,-2.3544643,-0.22946423,-3.3544643,-10.354465
-5.692926,-1.6929257,-0.3179257199999999,-3.4429257,-10.317925
-10.437418,-3.7499175,-0.4999175399999999,-0.9999175,-6.2499175
-4.0220685,-0.7720683,-0.7720683,-4.7720685,-11.512925464970229
-1.4663886,-0.4663885499999999,-3.0913885,-9.216389,-11.512925464970229
-6.946194,-1.5711944,-0.32119438,-5.071194,-11.512925464970229
-6.975034,-0.3500342,-1.2250342,-7.350034,-11.512925464970229
-3.2163453,-0.5913453699999999,-1.0913453,-5.4663453,-11.512925464970229
-1.809711,-0.1847109799999999,-5.309711,-11.512925464970229,-11.512925464970229
-7.9435396,-1.4435395,-0.3185395,-3.3185396,-8.94354
-4.161264,-0.036263987,-3.911264,-11.512925464970229,-11.512925464970229
-6.2705135,-0.64551365,-0.77051365,-4.5205135,-10.020514
-9.614612,-5.2396116,-1.1146116,-1.1146116,-4.6146116
-9.188939,-2.1889389,-0.18893893,-2.8139389,-10.063939
-0.9756249,-0.4756249,-6.475625,-11.512925464970229,-11.512925464970229
-9.70591,-2.58091,-0.20590992,-2.20591,-8.70591
-11.512925464970229,-6.4929056,-1.2429054,-0.4929054,-5.2429056
-7.3422866,-1.7172866,-0.3422866,-2.2172866,-7.2172866
-8.7617235,-3.3867235,-0.2617236,-2.3867235,-8.8867235
-5.903496,-0.6534959000000001,-0.7784959,-4.028496,-8.903496
-8.585331,-3.960331,-0.5853309,-2.460331,-8.210331
-3.4207518,-0.0457519029999999,-4.420752,-11.512925464970229,-11.512925464970229
-1.6024075,-0.22740749,-6.2274075,-11.512925464970229,-11.512925464970229
-4.0733576,-0.19835763,-1.8233576,-6.5733576,-11.512925464970229
-2.6100764,-0.1100764799999999,-3.4850764,-9.985077,-11.512925464970229
-5.103712,-0.603712,-0.853712,-3.853712,-9.228712
-0.90055966,-0.5255596599999999,-6.0255594,-11.512925464970229,-11.512925464970229
-5.5412955,-0.7912954,-0.6662954,-3.5412955,-8.416295
-4.7820063,-0.657006,-0.782006,-4.1570063,-9.657006
-8.536903,-4.411903,-0.7869031000000001,-1.5369031,-5.536903
-0.055416796,-2.9304168,-7.5554166,-11.512925464970229,-11.512925464970229
-7.4460673,-3.4460676,-0.8210674999999998,-2.4460676,-7.0710673
-1.5224943,-0.2724943000000001,-3.8974943,-9.897494,-11.512925464970229
-1.3326378,-0.33263782,-3.9576378,-9.582638,-11.512925464970229
-6.016227,-0.39122674,-1.1412268,-6.266227,-11.512925464970229
-5.835932,-0.58593154,-0.83593154,-4.960932,-11.512925464970229
-0.0548935639999999,-2.9298935,-11.512925464970229,-11.512925464970229,-11.512925464970229
-3.200315,-0.075315066,-3.450315,-9.950315,-11.512925464970229
-3.8481023,-0.47310242,-1.2231025,-5.7231026,-11.512925464970229
-2.7738345,-0.52383447,-1.2738345,-5.773834,-11.512925464970229
-4.4640884,-0.2140886599999999,-1.7140887,-6.8390884,-11.512925464970229
-6.7983494,-2.6733496,-0.6733496,-3.7983496,-9.798349
-5.3311768,-2.5811768,-0.7061769,-3.2061768,-7.3311768
-5.6449337,-1.7699339,-0.6449339,-3.894934,-9.894934
-0.7578998,-0.6328998,-8.1329,-11.512925464970229,-11.512925464970229
-5.170116,-0.9201159,-0.6701158999999999,-5.170116,-11.512925464970229
-0.16151655,-1.9115165,-6.6615167,-11.512925464970229,-11.512925464970229
-2.326612,-0.3266121099999999,-1.8266121,-7.201612,-11.512925464970229
-1.8297054,-0.20470539,-3.7047055,-10.204705,-11.512925464970229
-6.2266006,-1.6016006,-0.35160065,-3.6016006,-10.101601
-6.0226016,-1.8976014,-0.3976014,-3.1476014,-8.647601
-1.2512114,-0.75121146,-2.1262114,-5.7512116,-11.501211
-4.199427,-0.9494271,-0.9494271,-5.574427,-11.512925464970229
-3.179991,-0.0549910629999999,-4.4299912,-11.512925464970229,-11.512925464970229
-4.752463,-1.2524627,-0.62746274,-4.002463,-11.002462
-4.8134985,-0.1884986799999999,-1.8134987,-7.4384985,-11.512925464970229
-11.512925464970229,-7.2701235,-1.5201235,-0.3951235,-5.6451235
-10.187576,-5.062576,-0.6875759,-1.0625758,-6.937576
-11.087857,-3.7753568,-0.27535686,-1.5253569,-8.525357
-7.05372,-2.17872,-0.1787199399999999,-3.05372,-10.4287195
-10.742013,-5.1170125,-0.61701256,-0.99201256,-7.2420125
-10.303468,-4.0534673,-0.17846747,-1.9284675,-9.553468
-7.902216,-3.027216,-0.27721605,-2.277216,-8.777216
-11.512925464970229,-5.722246,-0.5972461,-0.8472461,-6.847246
-1.4065745,-0.2815745,-7.7815742,-11.512925464970229,-11.512925464970229
-7.8931985,-2.1431985,-0.2681985499999999,-2.1431985,-8.143199
-11.512925464970229,-8.084552,-1.9595513,-0.5845514,-5.8345513
-11.307816,-6.432816,-1.432816,-0.80781597,-4.932816
-5.7297845,-1.3547847,-0.3547847,-4.6047845,-11.512925464970229
-7.4570312,-0.83203137,-0.5820313700000002,-5.2070312,-11.512925464970229
-0.6765425999999999,-1.1765425,-3.3015425,-7.6765428,-11.512925464970229
-10.533661,-4.9086614,-0.5336612000000001,-1.0336611,-6.1586614
-11.340858,-5.840859,-1.2158587,-0.59085876,-5.090859
-3.8259077,-0.57590765,-0.95090765,-5.3259077,-11.512925464970229
-11.267122,-4.6421223,-0.26712248,-1.5171225,-8.767122
-10.154554,-4.6545544,-0.5295545,-1.0295545,-6.4045544
-8.642845,-2.1428454,-0.2678452999999999,-2.1428454,-8.892845
-10.7820015,-4.157002,-0.15700185,-2.157002,-9.4070015
-10.522851,-6.1478515,-1.0228513,-0.52285135,-4.1478515
-7.1862516,-2.4362516,-0.18625173,-2.6862516,-9.811252
-8.684259,-3.1842592,-0.3092591999999999,-2.8092592,-9.059259
-11.512925464970229,-7.1749244,-1.6749244,-0.42492437,-4.4249244
-11.015396,-5.5153956,-0.6403956399999999,-0.89039564,-5.8903956
-6.5539956,-2.3039958,-0.30399576,-2.8039958,-8.428996
-5.310541,-1.4355412,-0.43554115,-3.8105412,-10.060541
-6.5819097,-1.3319098,-0.3319097999999999,-4.8319097,-11.512925464970229
-7.014792,-2.6397922,-0.3897921699999999,-2.8897922,-9.264792
-9.234197,-3.9841964,-0.4841965,-1.9841965,-8.109197
-11.174961,-5.5499616,-0.79996145,-1.2999614,-6.6749616
-1.9122307,-0.9122308,-3.0372307,-8.5372305,-11.512925464970229
-10.148805,-4.6488047,-0.6488047,-1.8988047,-8.523805
-9.163455,-2.7884548,-0.41345477,-1.2884548,-6.663455
-11.187144,-5.4371448,-0.6871446,-0.9371446,-6.4371448
-8.668939,-3.0439382,-0.16893817,-2.5439382,-9.293939
-1.5116879,-0.2616879,-4.6366878,-11.136688,-11.512925464970229
-11.456501,-5.581501,-0.5815009499999999,-1.081501,-7.331501
-7.4130487,-1.9130487,-0.4130486999999999,-1.6630487,-7.5380487
-11.512925464970229,-6.6264124,-1.6264124,-0.7514124499999999,-5.2514124
-10.267387,-3.767387,-0.14238694,-2.392387,-10.267387
-0.17982431,-1.8048244,-9.554824,-11.512925464970229,-11.512925464970229
-8.681072,-3.1810718,-0.5560718999999998,-3.3060718,-10.431072
-6.769071,-1.7690711,-0.5190710399999999,-4.269071,-11.269071
-1.9024154,-0.5274154,-2.4024153,-7.5274153,-11.512925464970229
-2.5086758,-0.1336757999999999,-3.1336758,-8.633676,-11.512925464970229
-10.850869,-3.6633692,-0.4133691999999999,-1.1633692,-7.663369
-2.9458306,-0.8208305,-1.8208306,-6.3208303,-11.512925464970229
-6.824298,-1.0742978,-0.44929782,-3.949298,-11.512925464970229
-6.205508,-0.70550805,-0.70550805,-4.580508,-11.512925464970229
-11.512925464970229,-5.9843554,-1.8593553,-0.23435535,-2.9843554
-10.819925,-5.6949253,-0.94492525,-1.1949253,-6.1949253
-8.537377,-3.9123769,-0.4123769699999999,-1.537377,-6.912377
-9.349698,-2.7246978,-0.3496979,-1.4746978,-7.474698
-11.512925464970229,-6.7491426,-1.6241426,-0.7491427,-5.7491426
-11.512925464970229,-7.715645,-2.3406448,-0.2156448199999999,-3.8406448
-8.547793,-2.6727939,-0.4227938,-1.2977939,-6.047794
-7.697932,-3.1979318,-0.44793168,-2.1979318,-7.322932
-10.050577,-4.175577,-0.4255769300000001,-1.8005769,-8.175577
-2.9342628,-0.05926268,-5.4342628,-11.512925464970229,-11.512925464970229
-0.4400910999999999,-1.6900911,-4.815091,-8.565091,-11.512925464970229
-6.5354085,-0.91040844,-0.53540844,-4.5354085,-10.535408
-4.0659466,-0.0659463599999999,-3.0659463,-9.815947,-11.512925464970229
-4.16695,-0.041950036,-3.66695,-11.16695,-11.512925464970229
-1.4082832,-0.28328326,-6.158283,-11.512925464970229,-11.512925464970229
-8.551662,-3.1766624,-0.6766623,-2.9266624,-9.051662
-7.4245014,-2.0495014,-0.2995013299999999,-2.0495014,-7.4245014
-10.894481,-5.3944807,-0.64448076,-1.1444807,-6.5194807
-2.3339849,-0.83398485,-1.4589849,-6.083985,-11.512925464970229
-9.8259535,-4.4509535,-0.32595345,-1.4509535,-8.5759535
-6.734486,-1.4844861,-0.3594861,-2.609486,-7.484486
-8.875314,-2.8753138,-0.3753138199999999,-1.3753138,-5.6253138
-11.128402,-3.253402,-0.12840204,-2.503402,-10.503402
-5.192873,-2.067873,-0.5678729,-3.442873,-9.067873
-5.0171347,-2.0171347,-0.7671346,-3.3921347,-9.017135
-8.53391,-3.6589098,-0.2839098299999999,-2.0339098,-8.15891
-0.6328177,-0.7578177,-8.507817,-11.512925464970229,-11.512925464970229
-6.4981055,-1.3731056,-0.37310567,-2.8731058,-10.685606
-11.512925464970229,-6.5299354,-1.4049351,-0.40493515,-4.1549354
-6.0775766,-0.7025765,-0.7025765,-4.9525766,-11.512925464970229
-10.330276,-3.705276,-0.4552759,-1.0802759,-6.455276
-11.395137,-5.457637,-1.4576367,-0.3326367,-3.0826368
-11.512925464970229,-5.6850986,-1.4350986,-0.3100986,-3.6850986
-8.8223715,-2.6973712,-0.3223712699999999,-1.5723712,-7.6973715
-2.0320048,-0.90700483,-1.4070048,-5.532005,-11.032005
-11.1209135,-3.870913,-0.4959130999999999,-0.9959131,-7.245913
-6.3516207,-1.1016207,-0.4766206999999999,-3.1016207,-10.101621
-11.512925464970229,-5.6821556,-1.4321556,-0.30715555,-3.8071556
-7.585295,-1.8352952,-0.33529514,-2.0852952,-7.585295
-9.992851,-4.7428513,-0.7428515,-1.4928515,-6.6178513
-3.5900755,-0.0900755499999999,-2.8400755,-9.0900755,-11.512925464970229
-5.4581194,-1.7081192,-0.45811915,-3.8331192,-9.833119
-6.3700166,-1.6200166,-0.6200165,-4.8700166,-11.512925464970229
-11.512925464970229,-5.6735897,-0.79858994,-1.29859,-7.6735897
-11.049433,-4.924433,-0.6744330500000001,-1.424433,-7.424433
-10.795663,-4.545663,-0.420663,-1.795663,-8.295663
-10.769719,-3.1447196,-0.2697194999999999,-1.6447195,-8.394719
-10.795663,-4.545663,-0.420663,-1.795663,-8.295663
-11.512925464970229,-6.5383434,-1.4133434,-0.41334343,-5.5383434
-11.512925464970229,-6.6522794,-1.0272791,-0.5272792,-6.2772794
-3.5494294,-0.7994293,-1.0494293,-5.1744294,-11.512925464970229
-10.559597,-4.559597,-0.1845968,-1.9345968,-9.309597
-11.512925464970229,-5.67367,-0.7986697000000001,-1.2986697,-7.54867
-11.392093,-5.2670927,-0.6420925999999999,-1.5170926,-7.5170927
-11.512925464970229,-5.691073,-0.81607276,-0.94107276,-6.566073
-10.782098,-4.157098,-0.15709782,-2.1570978,-10.032098
-11.512925464970229,-6.2475123,-0.87251246,-0.62251246,-5.3725123
-2.2393482,-0.1143482199999999,-6.4893484,-11.512925464970229,-11.512925464970229
-0.6084431,-0.8584431,-4.3584433,-9.733443,-11.512925464970229
-6.5758333,-0.7008331,-0.7008331,-5.0758333,-11.512925464970229
-1.9301152,-0.18011524,-3.9301152,-10.180116,-11.512925464970229
-5.285838,-1.4108379,-0.4108379200000001,-4.035838,-10.410838
-1.3137378,-0.31373778,-7.688738,-11.512925464970229,-11.512925464970229
-6.273584,-0.77358377,-0.64858377,-4.273584,-10.648583
-4.6451283,-1.1451281,-0.77012813,-4.1451283,-10.395128
-11.512925464970229,-7.238062,-1.8630621,-0.4880621,-3.4880621
-0.97197443,-1.4719744,-4.3469744,-8.471974,-11.512925464970229
-10.349898,-3.974898,-0.2248980999999999,-2.224898,-9.099898
-5.853449,-1.728449,-0.853449,-4.103449,-10.353449
-9.676611,-3.8641112,-0.8641111,-0.6141111,-4.114111
-11.512925464970229,-6.8939576,-1.2689577,-0.39395776,-5.2689576
-7.3601313,-2.9851315,-0.3601315,-2.3601315,-8.610131
-1.4259921,-0.55099213,-2.675992,-8.050992,-11.512925464970229
-2.894194,-0.8941939500000001,-1.3941939,-5.144194,-11.394194
-4.3016973,-0.051697146,-3.3016973,-11.176697,-11.512925464970229
-10.776793,-4.2767925,-0.40179256,-1.1517925,-7.0267925
-11.512925464970229,-6.0167823,-1.1417823,-0.39178234,-6.0167823
-5.32486,-0.074860014,-2.69986,-10.19986,-11.512925464970229
-11.512925464970229,-4.90586,-0.5308600999999998,-0.9058601,-8.15586
-6.8499537,-0.34995347,-1.2249534,-7.7249537,-11.512925464970229
-8.9450035,-5.445003,-1.4450033,-0.6950032,-3.6950033
-9.371105,-4.6211047,-0.74610484,-1.4961048,-5.4961047
-4.8233457,-0.94834566,-0.5733456600000001,-3.1983457,-9.198345
-4.743465,-1.4934648,-0.3684647999999999,-3.1184647,-8.493464
-9.1837225,-2.3087225,-0.18372254,-2.6837225,-10.6837225
-9.90593,-5.4059296,-1.0309297,-0.7809297,-4.4059296
-11.344242,-7.4692426,-2.5942426,-0.7192425,-2.8442426
-10.176196,-3.426196,-0.1761961299999999,-2.051196,-7.801196
-0.6330933,-0.7580933,-7.6330934,-11.512925464970229,-11.512925464970229
-10.639316,-3.0143156,-0.13931549,-2.5143156,-11.014316
-6.3767557,-2.2517557,-0.6267558,-3.3767557,-9.626756
-6.4877033,-3.2377036,-0.73770356,-2.2377036,-6.8627033
-5.89506,-0.6450600999999999,-0.7700601000000001,-4.64506,-11.512925464970229
-8.979167,-1.7291669,-0.22916682,-3.6041667,-11.512925464970229
-7.453997,-1.703997,-0.328997,-2.328997,-7.828997
-6.5976176,-1.9726177,-0.2226177499999999,-2.9726176,-10.222618
-11.512925464970229,-6.2531185,-1.0031188,-0.5031187499999998,-5.7531185
-7.74499,-1.2449899,-0.3699897999999999,-3.8699899,-11.512925464970229
-4.999361,-2.124361,-0.87436116,-3.249361,-8.249361
-3.1457121,-0.6457121,-0.8957121,-5.520712,-11.512925464970229
-8.427436,-3.5524364,-0.6774363,-2.1774364,-8.302436
-11.512925464970229,-7.2101207,-2.0851204,-0.8351205,-4.9601207
-9.525414,-3.9004142,-0.2754142599999999,-1.9004142,-8.400414
-1.9209177,-0.1709178,-4.545918,-11.512925464970229,-11.512925464970229
-6.354007,-2.6040068,-0.3540068,-2.4790068,-8.479007
-6.2387033,-1.988703,-0.36370304,-3.113703,-9.613703
