1,2,3,4,5,coherence
-4.84E-06,-11.51292546,-11.51292546,-11.51292546,-11.51292546,1
-6.70E-07,-11.51292546,-11.51292546,-11.51292546,-11.51292546,4
-1.94E-07,-11.51292546,-11.51292546,-11.51292546,-11.51292546,2
-0.20202932,-9.827029,-8.577029,-11.452029,-7.952029,5
-0.2522352,-11.377235,-10.627235,-11.51292546,-8.252235,1
-0.12713651,-10.877136,-10.127136,-11.51292546,-8.877136,1
-0.000998633,-7.7509985,-11.1259985,-11.51292546,-11.51292546,1
-0.012138031,-6.887138,-9.637138,-11.51292546,-11.51292546,1
-0.003719081,-7.628719,-9.878719,-11.51292546,-11.51292546,1
-0.014740888,-9.889741,-9.139741,-11.51292546,-9.014741,1
-0.32304603,-7.698046,-5.323046,-8.698046,-5.823046,1
-0.32304603,-7.698046,-5.323046,-8.698046,-5.823046,1
-0.000497629,-7.625498,-11.51292546,-11.51292546,-11.51292546,1
-0.000717077,-7.250717,-11.51292546,-11.51292546,-11.51292546,1
-0.000717077,-7.250717,-11.51292546,-11.51292546,-11.51292546,1
-3.13E-07,-11.51292546,-11.51292546,-11.51292546,-11.51292546,1
-1.94E-07,-11.51292546,-11.51292546,-11.51292546,-11.51292546,1
-3.13E-07,-11.51292546,-11.51292546,-11.51292546,-11.51292546,1
-0.06288368,-10.062883,-8.687883,-11.437883,-8.437883,1
-0.06288368,-10.062883,-8.687883,-11.437883,-8.437883,1
-0.06288368,-10.062883,-8.687883,-11.437883,-8.437883,1
-2.3028688,-2.3028688,-0.9278687,-1.8028687,-1.4278687,1
-1.509289,-2.634289,-1.384289,-2.384289,-1.009289,1
-1.4880533,-2.2380533,-1.3630533,-2.4880533,-1.1130533,1
-11.51292546,-2.8364253,-0.08642538,-3.8364253,-11.51292546,2
-11.477945,-2.6029458,-0.102945715,-3.8529458,-11.51292546,3
-11.51292546,-3.3216083,-0.07160838,-3.5716083,-11.51292546,4
-5.92E-05,-10.875059,-11.51292546,-11.51292546,-11.51292546,1
-1.18E-05,-11.375011,-11.51292546,-11.51292546,-11.51292546,1
-0.004091935,-11.51292546,-11.51292546,-11.51292546,-11.51292546,1
-0.004091459,-11.51292546,-11.51292546,-11.51292546,-11.51292546,1
-0.006727214,-11.51292546,-11.51292546,-11.51292546,-11.51292546,1
-3.2403784,-1.9903784,-0.49037835,-1.8653784,-2.8653784,1
-1.8063364,-1.8063364,-0.6813364,-2.5563364,-2.4313364,1
-1.3370159,-1.8370159,-0.83701587,-3.3370159,-2.2120159,1
-8.705448,-0.0804481,-2.5804482,-11.51292546,-11.51292546,1
-8.41337,-0.038370218,-3.2883701,-11.51292546,-11.51292546,5
-9.388054,-0.1380538,-2.138054,-11.51292546,-11.51292546,4
-0.000210573,-9.000211,-11.375211,-11.51292546,-11.51292546,1
-0.000770675,-7.3757706,-9.500771,-11.51292546,-11.51292546,1
-0.000556963,-7.875557,-10.250557,-11.51292546,-11.51292546,1
-11.51292546,-7.8830743,-0.008074062,-5.2580743,-11.51292546,3
-11.51292546,-7.7554126,-0.005412573,-5.8804126,-11.51292546,1
-11.51292546,-7.6281238,-0.003123883,-6.2531238,-11.51292546,3
-11.51292546,-7.6413226,-0.016322562,-4.2663226,-11.51292546,2
-11.51292546,-8.024716,-0.024716837,-3.7747169,-11.51292546,5
-11.51292546,-7.6413226,-0.016322562,-4.2663226,-11.51292546,3
-11.51292546,-11.063506,-1.3135061,-0.31350613,-8.563506,3
-11.51292546,-7.4520392,-0.20203933,-1.7020394,-10.57704,4
-11.51292546,-7.452037,-0.20203699,-1.702037,-10.577037,3
-3.560504,-0.060504004,-3.810504,-11.51292546,-11.51292546,1
-2.8392527,-0.089252755,-4.089253,-11.51292546,-11.51292546,3
-2.8392527,-0.089252755,-4.089253,-11.51292546,-11.51292546,2
-11.51292546,-6.5057325,-0.005732414,-5.5057325,-11.51292546,2
-11.51292546,-6.5057325,-0.005732414,-5.5057325,-11.51292546,4
-11.51292546,-6.5059533,-0.005953095,-5.5059533,-11.51292546,3
-0.000710763,-11.51292546,-11.51292546,-11.51292546,-11.51292546,1
-0.00117201,-11.51292546,-11.51292546,-11.51292546,-11.51292546,1
-0.00117201,-11.51292546,-11.51292546,-11.51292546,-11.51292546,1
-11.51292546,-11.51292546,-6.260121,-0.010120691,-5.010121,2
-11.51292546,-11.51292546,-6.259535,-0.00953484,-5.009535,3
-11.51292546,-11.51292546,-6.260121,-0.010120691,-5.010121,4
-0.003206592,-11.51292546,-11.51292546,-11.51292546,-10.878206,1
-0.00866551,-11.51292546,-11.51292546,-11.51292546,-10.258665,1
-0.00866551,-11.51292546,-11.51292546,-11.51292546,-10.258665,1
-1.7772031,-1.1522031,-0.90220314,-2.527203,-3.527203,1
-2.8095634,-1.1845634,-0.8095634,-1.8095634,-3.6845634,1
-3.0061085,-1.3811085,-0.7561085,-1.6311085,-3.3811085,1
-3.13E-07,-11.51292546,-11.51292546,-11.51292546,-11.51292546,1
0,-11.51292546,-11.51292546,-11.51292546,-11.51292546,1
-3.13E-07,-11.51292546,-11.51292546,-11.51292546,-11.51292546,1
-2.65E-05,-11.51292546,-11.51292546,-11.51292546,-11.51292546,1
-2.01E-05,-11.51292546,-11.51292546,-11.51292546,-11.51292546,1
-2.65E-05,-11.51292546,-11.51292546,-11.51292546,-11.51292546,1
-11.51292546,-11.51292546,-2.8130724,-0.06307251,-11.51292546,2
-11.51292546,-11.51292546,-2.5811837,-0.08118358,-11.51292546,4
-11.51292546,-11.51292546,-2.5811837,-0.08118358,-11.51292546,3
-11.51292546,-7.762393,-0.3873929,-1.1373929,-10.387393,3
-11.51292546,-6.9441953,-0.31919533,-1.3191953,-9.819196,5
-11.51292546,-8.724474,-0.47447354,-0.97447354,-10.599474,3
-1.18E-05,-11.500011,-11.51292546,-11.51292546,-11.51292546,1
-2.80E-05,-10.625028,-11.51292546,-11.51292546,-11.51292546,5
-2.80E-05,-10.625028,-11.51292546,-11.51292546,-11.51292546,2
-4.036979,-0.03697939,-4.036979,-11.51292546,-11.51292546,1
-2.816671,-0.06667085,-5.441671,-11.51292546,-11.51292546,5
-2.8161616,-0.06616162,-5.5661616,-11.51292546,-11.51292546,2
-0.000663472,-8.000664,-10.500664,-11.51292546,-11.51292546,5
-0.010157159,-6.635157,-8.510158,-11.51292546,-10.760158,1
-0.000663472,-8.000664,-10.500664,-11.51292546,-11.51292546,1
-5.51E-07,-11.51292546,-11.51292546,-11.51292546,-11.51292546,3
-4.32E-07,-11.51292546,-11.51292546,-11.51292546,-11.51292546,2
-3.13E-07,-11.51292546,-11.51292546,-11.51292546,-11.51292546,2
-0.004084693,-11.51292546,-11.51292546,-11.51292546,-11.51292546,1
-0.008627106,-11.51292546,-11.51292546,-11.51292546,-11.51292546,1
-0.008627106,-11.51292546,-11.51292546,-11.51292546,-11.51292546,1
-0.000124039,-9.000124,-11.51292546,-11.51292546,-11.51292546,1
-0.000560181,-7.5005603,-11.51292546,-11.51292546,-11.51292546,4
-0.000560181,-7.5005603,-11.51292546,-11.51292546,-11.51292546,1
0,-11.51292546,-11.51292546,-11.51292546,-11.51292546,1
-3.13E-07,-11.51292546,-11.51292546,-11.51292546,-11.51292546,1
-1.94E-07,-11.51292546,-11.51292546,-11.51292546,-11.51292546,2
-6.1568236,-2.1568234,-0.15682343,-4.0318236,-9.281823,3
-7.500475,-2.875475,-0.12547502,-3.625475,-8.875475,4
-6.651941,-2.4019408,-0.15194084,-4.151941,-9.401941,3
-10.138417,-1.1384171,-0.3884171,-6.5134172,-11.51292546,2
-7.5127287,-0.3877289,-1.1377289,-8.137729,-11.51292546,2
-9.350388,-0.9753877,-0.47538766,-6.8503876,-11.51292546,3
-11.51292546,-9.25335,-0.25335008,-1.50335,-11.51292546,2
-11.51292546,-9.763615,-0.38861454,-1.1386145,-11.51292546,4
-11.51292546,-10.101363,-0.47636363,-0.97636366,-11.51292546,2
-0.1366848,-2.886685,-4.136685,-8.636684,-9.511684,1
-0.53829706,-1.288297,-2.2882972,-6.413297,-9.038297,1
-3.2919805,-1.0419805,-0.5419805,-4.5419807,-8.291981,1
-11.51292546,-11.51292546,-1.1404415,-0.3904415,-11.51292546,1
-11.51292546,-11.51292546,-0.8267969,-0.5767969,-11.51292546,4
-11.51292546,-11.51292546,-1.31437,-0.31437007,-11.51292546,3
-11.51292546,-7.321406,-0.071405955,-3.071406,-11.51292546,3
-11.51292546,-7.4096475,-0.034647427,-3.7846475,-11.51292546,2
-11.51292546,-6.886325,-0.011324965,-4.761325,-11.51292546,4
-0.01819724,-4.018197,-11.018197,-11.51292546,-11.51292546,1
-0.01819724,-4.018197,-11.018197,-11.51292546,-11.51292546,3
-0.014186189,-4.2641864,-11.389186,-11.51292546,-11.51292546,2
-11.51292546,-8.607935,-3.982935,-0.10793497,-2.482935,1
-11.51292546,-10.077073,-4.9520726,-0.07707283,-2.7020729,1
-11.268425,-7.643425,-3.5184247,-0.14342485,-2.2684247,1
-10.701557,-0.20155758,-1.7015576,-11.51292546,-11.51292546,2
-9.579109,-0.07910943,-2.5791094,-11.51292546,-11.51292546,5
-8.5790825,-0.07908289,-2.579083,-11.51292546,-11.51292546,4
-11.51292546,-5.0086994,-0.25869957,-1.5086995,-9.633699,2
-11.51292546,-7.5765333,-0.5765333,-0.8265333,-9.576533,5
-11.51292546,-9.877356,-1.5023551,-0.25235516,-8.002356,3
-11.51292546,-11.51292546,-7.1275992,-0.00259908,-7.3775992,3
-11.51292546,-11.51292546,-8.256605,-0.006605122,-5.756605,4
-11.51292546,-11.51292546,-7.880953,-0.005952618,-6.505953,5
-0.005357552,-10.630358,-9.755358,-11.51292546,-10.380358,1
-0.008734415,-10.258735,-9.758735,-11.51292546,-10.758735,1
-0.006776119,-11.006776,-10.506776,-11.51292546,-11.131776,1
-8.530425,-2.1554248,-0.15542479,-4.4054246,-11.51292546,1
-11.51292546,-6.3967648,-0.27176473,-1.5217648,-9.896765,1
-6.919572,-1.1695718,-0.41957176,-5.169572,-11.51292546,1
-1.706036,-0.331036,-2.331036,-5.956036,-7.706036,1
-1.6941881,-0.31918815,-2.444188,-6.069188,-7.819188,1
-0.90171224,-0.65171224,-2.6517122,-6.4017124,-7.1517124,1
-11.51292546,-11.51292546,-1.5025244,-0.25252435,-10.252524,2
-11.51292546,-11.51292546,-1.7028491,-0.2028491,-10.202849,4
-11.51292546,-11.502773,-1.5027736,-0.2527736,-10.377773,4
-0.07902881,-10.704029,-9.579029,-11.51292546,-10.329029,1
-0.048937857,-10.048938,-8.548938,-11.51292546,-9.548938,1
-0.07925426,-9.829254,-8.704254,-11.51292546,-9.204254,1
-11.51292546,-10.454754,-0.57975376,-0.82975376,-11.51292546,2
-11.51292546,-11.51292546,-1.7032117,-0.20321168,-11.51292546,4
-11.51292546,-11.51292546,-1.7069255,-0.20692547,-11.081925,3
-11.51292546,-4.273446,-0.023446025,-7.148446,-11.51292546,2
-9.165125,-1.5401253,-0.29012522,-9.040125,-11.51292546,3
-11.51292546,-4.023986,-0.023985628,-7.273986,-11.51292546,3
-2.80E-05,-11.51292546,-11.51292546,-11.51292546,-11.51292546,1
-2.58E-05,-11.51292546,-11.51292546,-11.51292546,-11.51292546,1
-2.47E-05,-11.51292546,-11.51292546,-11.51292546,-11.51292546,3
-0.062266015,-2.812266,-8.812266,-11.51292546,-11.51292546,1
-0.018219601,-4.0182195,-10.26822,-11.51292546,-11.51292546,4
-0.049030818,-3.0490308,-8.549031,-11.51292546,-11.51292546,3
-3.77E-06,-11.51292546,-11.51292546,-11.51292546,-11.51292546,1
-3.17E-06,-11.51292546,-11.51292546,-11.51292546,-11.51292546,1
-2.46E-06,-11.51292546,-11.51292546,-11.51292546,-11.51292546,1
-5.8525367,-4.7275367,-2.7275367,-3.9775367,-6.4775367,1
-6.9947767,-2.4947767,-0.6197768,-0.9947768,-4.7447767,1
-5.8525367,-4.7275367,-2.7275367,-3.9775367,-6.4775367,1
-0.49195176,-8.241952,-4.866952,-6.991952,-4.741952,1
-0.007178141,-10.882178,-8.882178,-11.132178,-8.757178,1
-0.003493043,-11.503493,-9.628493,-11.51292546,-8.753493,1
-3.756836,-0.506836,-1.0068359,-5.631836,-9.506836,1
-3.9993289,-0.4993289,-0.9993289,-5.999329,-10.249329,4
-4.9888215,-0.9888215,-0.48882154,-5.1138215,-9.363822,3
-0.026187424,-3.7761874,-6.5261874,-11.51292546,-11.51292546,1
-0.07502169,-2.8250217,-4.8250217,-9.825022,-10.825022,1
-0.056465022,-3.056465,-5.056465,-10.181465,-11.056465,1
-11.51292546,-3.0533082,-0.05330833,-8.0533085,-11.51292546,2
-11.51292546,-1.5035279,-0.25352788,-9.253528,-11.51292546,4
-11.51292546,-3.0499518,-0.049951717,-7.4249516,-11.51292546,3
-11.51292546,-11.51292546,-3.607233,-0.60723305,-5.607233,3
-11.51292546,-11.37044,-3.2454393,-0.24543926,-5.495439,1
-11.51292546,-10.389969,-2.6399693,-0.3899693,-6.0149693,1
-2.7243366,-0.8493366,-1.0993366,-2.0993366,-2.9743366,5
-4.5557156,-1.9307156,-1.4307156,-0.9307155,-1.5557156,1
-2.7243366,-0.8493366,-1.0993366,-2.0993366,-2.9743366,1
-11.51292546,-7.9305663,-1.8055663,-0.18056636,-7.6805663,1
-11.51292546,-8.036019,-1.911019,-0.16101892,-7.661019,1
-11.51292546,-7.930512,-1.8055121,-0.18051203,-7.805512,1
-0.048602477,-11.51292546,-11.51292546,-11.51292546,-11.51292546,1
-0.048602477,-11.51292546,-11.51292546,-11.51292546,-11.51292546,1
-0.008738547,-11.5087385,-10.6337385,-11.51292546,-10.6337385,1
-11.51292546,-9.253196,-0.25319606,-1.503196,-11.51292546,2
-11.51292546,-9.638622,-0.38862228,-1.1386223,-11.51292546,5
-11.51292546,-10.842806,-0.8428055,-0.5928055,-11.342806,3
-0.002478509,-6.0024786,-11.51292546,-11.51292546,-11.51292546,5
-0.005253322,-5.2552533,-11.130254,-11.51292546,-11.51292546,1
-0.003201005,-5.753201,-11.51292546,-11.51292546,-11.51292546,2
-11.51292546,-10.33828,-1.7132801,-0.21328007,-8.33828,2
-11.51292546,-11.51292546,-3.5344882,-0.034488164,-7.159488,4
-11.51292546,-11.21315,-1.7131498,-0.21314974,-8.96315,4
-11.51292546,-11.51292546,-3.2974572,-0.04745731,-6.797457,1
-11.51292546,-11.51292546,-4.5210423,-0.021042548,-6.5210423,1
-11.51292546,-11.51292546,-4.2885346,-0.03853484,-6.5385346,1
-1.3164922,-0.31649223,-5.816492,-11.51292546,-11.51292546,1
-2.132867,-0.132867,-5.132867,-11.51292546,-11.51292546,4
-1.140041,-0.39004096,-5.765041,-11.51292546,-11.51292546,2
-2.82E-05,-10.500029,-11.51292546,-11.51292546,-11.51292546,5
-2.24E-05,-10.750022,-11.51292546,-11.51292546,-11.51292546,3
-1.22E-05,-11.375012,-11.51292546,-11.51292546,-11.51292546,4
-6.817801,-0.06780115,-3.5678012,-11.51292546,-11.51292546,1
-6.526217,-0.02621681,-4.026217,-11.51292546,-11.51292546,5
-6.8514724,-0.10147215,-2.6014721,-11.476472,-11.51292546,2
-0.06580853,-7.0658083,-6.8158083,-9.690808,-6.3158083,1
-0.019452615,-7.6444526,-7.5194526,-10.894453,-8.269453,1
-0.06970265,-5.8197026,-5.5697026,-9.569703,-7.0697026,1
-11.51292546,-4.670738,-0.1707382,-1.9207382,-6.920738,4
-11.51292546,-7.197776,-0.697776,-0.697776,-5.572776,2
-11.51292546,-6.317576,-0.31757572,-1.3175757,-6.817576,3
-0.018334772,-10.393334,-9.643334,-11.51292546,-9.518334,1
-0.004344549,-11.129345,-10.379345,-11.51292546,-9.879345,1
-0.00434431,-11.129344,-10.379344,-11.51292546,-9.879344,1
-4.37E-06,-11.51292546,-11.51292546,-11.51292546,-11.51292546,3
-4.37E-06,-11.51292546,-11.51292546,-11.51292546,-11.51292546,5
-3.29E-06,-11.51292546,-11.51292546,-11.51292546,-11.51292546,3
-11.51292546,-11.51292546,-9.136356,-0.011356788,-4.511357,2
-11.51292546,-11.51292546,-9.0143585,-0.014358941,-4.264359,4
-11.51292546,-11.51292546,-9.398378,-0.023378713,-3.7733786,5
-11.51292546,-2.5805514,-0.08055149,-7.4555516,-11.51292546,2
-11.51292546,-2.130821,-0.13082108,-8.130821,-11.51292546,2
-11.51292546,-2.8227594,-0.07275936,-7.822759,-11.51292546,3
-5.44E-06,-11.51292546,-11.51292546,-11.51292546,-11.51292546,1
-1.68E-05,-11.51292546,-11.51292546,-11.51292546,-11.51292546,1
-1.15E-05,-11.51292546,-11.51292546,-11.51292546,-11.51292546,1
-4.32E-07,-11.51292546,-11.51292546,-11.51292546,-11.51292546,4
-4.32E-07,-11.51292546,-11.51292546,-11.51292546,-11.51292546,1
-4.32E-07,-11.51292546,-11.51292546,-11.51292546,-11.51292546,2
-0.00139976,-11.51292546,-11.51292546,-11.51292546,-11.1264,1
-0.000421498,-11.51292546,-11.51292546,-11.51292546,-11.51292546,1
-0.006751374,-11.51292546,-11.51292546,-11.51292546,-11.51292546,1
-6.281965,-0.031964667,-3.5319648,-11.031964,-11.51292546,2
-4.534261,-0.034261372,-3.7842615,-10.659262,-11.51292546,1
-4.9010096,-0.026009392,-4.0260096,-10.90101,-11.51292546,2
-11.51292546,-11.51292546,-2.3519619,-0.10196186,-11.51292546,2
-11.51292546,-11.51292546,-2.5798604,-0.07986054,-11.079861,3
-11.51292546,-11.51292546,-1.912944,-0.16294396,-11.51292546,4
-9.077855,-1.702855,-0.20285495,-6.827855,-11.51292546,4
-9.077855,-1.702855,-0.20285495,-6.827855,-11.51292546,5
-9.078666,-1.7036654,-0.20366542,-6.5786653,-11.51292546,3
-11.51292546,-6.2551026,-0.005102473,-5.7551026,-11.51292546,3
-11.51292546,-6.257227,-0.007226785,-5.257227,-11.51292546,4
-11.51292546,-6.009795,-0.009795403,-5.009795,-11.51292546,3
-3.0040796,-0.87907964,-0.75407964,-2.8790796,-4.75408,1
-5.0008507,-1.5008504,-0.62585044,-1.5008504,-4.3758507,1
-3.5303864,-1.4053863,-0.6553863,-1.7803863,-3.2803864,1
-7.920755,-0.42075488,-1.1707549,-8.670754,-11.51292546,2
-7.426112,-0.3011123,-1.5511123,-9.676112,-11.51292546,2
-7.566793,-0.44179308,-1.1917931,-9.191793,-11.51292546,3
-11.51292546,-11.51292546,-1.5024252,-0.25242516,-7.877425,2
-11.51292546,-11.012447,-1.1374471,-0.3874471,-8.012447,4
-11.51292546,-11.51292546,-1.5024252,-0.25242516,-7.877425,2
-0.07949365,-9.7044935,-9.0794935,-10.9544935,-7.8294935,1
-2.26E-05,-11.51292546,-11.51292546,-11.51292546,-11.51292546,1
-0.07945149,-9.704452,-8.829452,-10.704452,-8.079452,1
-0.008645294,-4.758645,-11.51292546,-11.51292546,-11.51292546,1
-0.005245141,-5.255245,-11.51292546,-11.51292546,-11.51292546,4
-0.004098347,-5.5040984,-11.51292546,-11.51292546,-11.51292546,2
-0.001703152,-6.3767033,-11.51292546,-11.51292546,-11.51292546,1
-0.001703152,-6.3767033,-11.51292546,-11.51292546,-11.51292546,4
-5.17E-05,-9.8750515,-11.51292546,-11.51292546,-11.51292546,1
-11.51292546,-3.5308266,-0.030826544,-6.9058266,-11.51292546,2
-11.51292546,-4.7614455,-0.011445302,-6.0114455,-11.51292546,4
-11.51292546,-3.2890246,-0.039024614,-7.039025,-11.51292546,5
-9.09E-07,-11.51292546,-11.51292546,-11.51292546,-11.51292546,1
-2.22E-06,-11.51292546,-11.51292546,-11.51292546,-11.51292546,1
-9.09E-07,-11.51292546,-11.51292546,-11.51292546,-11.51292546,1
-8.919888,-4.5448875,-1.7948873,-0.29488736,-2.5448873,1
-8.364325,-4.739324,-2.114324,-0.3643242,-1.7393242,1
-11.51292546,-8.193483,-3.6934834,-0.06848332,-3.1934834,1
-1.4451272,-0.4451273,-2.1951272,-7.6951275,-11.51292546,1
-0.39895484,-1.1489549,-4.648955,-10.898954,-11.51292546,1
-0.40851638,-1.1585164,-4.1585164,-10.408516,-11.51292546,1
-11.51292546,-3.773646,-0.023646059,-7.898646,-11.51292546,2
-11.51292546,-3.0487638,-0.04876382,-8.673764,-11.51292546,4
-11.51292546,-3.773646,-0.023646059,-7.898646,-11.51292546,2
-0.035847962,-3.535848,-6.160848,-10.910848,-11.51292546,1
-0.04408876,-3.2940888,-6.169089,-10.919088,-11.51292546,4
-0.000513595,-7.7505136,-11.51292546,-11.51292546,-11.51292546,1
-11.51292546,-10.099178,-0.47417817,-0.9741782,-11.51292546,3
-11.51292546,-10.72495,-0.9749497,-0.4749497,-10.59995,4
-11.51292546,-11.013068,-1.1380682,-0.3880682,-10.638068,4
-1.0078135,-0.5078135,-3.5078135,-9.882813,-11.51292546,1
-2.4981062,-0.24810621,-1.9981062,-7.873106,-11.51292546,5
-0.8614037,-0.6114037,-3.6114037,-9.361403,-11.51292546,1
-11.51292546,-11.51292546,-5.2587276,-0.008727675,-8.008728,4
-11.51292546,-11.51292546,-5.2587276,-0.008727675,-8.008728,2
-11.51292546,-11.51292546,-4.5163803,-0.016380372,-8.76638,3
-11.51292546,-11.51292546,-2.579531,-0.07953086,-9.704531,3
-11.51292546,-10.629547,-1.5045472,-0.25454724,-9.004547,4
-11.51292546,-11.51292546,-2.3506968,-0.1006968,-9.975697,3
-11.51292546,-11.51292546,-2.816938,-0.066937916,-9.941937,4
-11.51292546,-11.51292546,-0.84278566,-0.59278566,-11.51292546,5
-11.51292546,-11.51292546,-2.671857,-0.17185715,-10.921857,3
-2.849522,-0.099522166,-3.349522,-11.51292546,-11.51292546,3
-2.849522,-0.099522166,-3.349522,-11.51292546,-11.51292546,5
-2.849522,-0.099522166,-3.349522,-11.51292546,-11.51292546,3
-3.8547096,-0.4797096,-1.1047096,-3.6047096,-6.6047096,1
-7.8598924,-3.6098924,-0.35989228,-2.6098924,-6.6098924,1
-5.959242,-2.584242,-0.33424205,-3.084242,-7.459242,1
-11.357722,-3.6077225,-0.8577226,-0.6077226,-5.4827228,1
-11.51292546,-4.075791,-1.0757906,-0.4507907,-5.325791,2
-11.51292546,-3.4771595,-0.72715944,-0.72715944,-5.9771595,1
-0.000519074,-8.000519,-10.625519,-11.51292546,-11.51292546,1
-0.000541831,-8.375542,-11.125542,-11.51292546,-11.51292546,1
-0.004743518,-5.8797436,-7.7547436,-11.51292546,-11.51292546,1
-11.51292546,-7.295405,-2.420405,-1.4204049,-4.420405,1
-11.51292546,-7.5446825,-2.5446823,-0.79468226,-4.0446825,1
-11.51292546,-6.980309,-2.3553088,-0.60530883,-3.6053088,5
-0.001496172,-8.126496,-10.501496,-11.51292546,-11.51292546,5
-0.004550577,-7.7545505,-10.129551,-11.51292546,-11.51292546,1
-0.025614748,-6.1506147,-8.400615,-11.51292546,-11.51292546,1
-8.167976,-4.9179764,-1.4179766,-2.4179766,-5.9179764,1
-11.251494,-6.0014944,-1.1264944,-0.87649435,-5.3764944,1
-8.167976,-4.9179764,-1.4179766,-2.4179766,-5.9179764,1
-11.51292546,-11.51292546,-4.5113072,-0.011307172,-8.511307,3
-11.51292546,-11.51292546,-4.019573,-0.019573264,-9.019573,4
-11.51292546,-11.51292546,-4.019573,-0.019573264,-9.019573,4
-11.51292546,-9.067026,-1.3170266,-0.3170266,-7.3170266,4
-11.51292546,-7.695648,-0.6956484,-0.6956484,-7.695648,4
-11.51292546,-9.067026,-1.3170266,-0.3170266,-7.3170266,4
-2.58E-06,-11.51292546,-11.51292546,-11.51292546,-11.51292546,3
-3.13E-07,-11.51292546,-11.51292546,-11.51292546,-11.51292546,1
-1.94E-07,-11.51292546,-11.51292546,-11.51292546,-11.51292546,1
-11.51292546,-4.268755,-0.018755104,-6.143755,-11.51292546,2
-11.51292546,-2.8153598,-0.065359935,-7.81536,-11.51292546,3
-11.51292546,-2.5794184,-0.07941845,-7.8294187,-11.51292546,2
-0.005407354,-11.51292546,-10.130407,-11.51292546,-9.130407,1
-0.004951001,-10.3799515,-9.0049515,-11.51292546,-8.8799515,1
-0.003027745,-10.878028,-9.503028,-11.51292546,-9.128028,1
-11.51292546,-11.51292546,-2.1285055,-0.12850551,-9.503506,4
-11.51292546,-11.51292546,-3.0495598,-0.049559947,-9.17456,4
-11.51292546,-11.51292546,-1.9112806,-0.16128059,-9.786281,3
-8.382012,-2.6320121,-0.5070121,-1.1320121,-5.7570124,1
-8.3076315,-2.557631,-0.43263108,-1.307631,-5.807631,1
-8.741812,-2.8668118,-0.49181172,-1.1168118,-5.4918118,1
-11.51292546,-10.833953,-0.83395326,-0.58395326,-11.51292546,3
-11.51292546,-11.51292546,-1.162884,-0.41288397,-11.51292546,4
-11.51292546,-10.832192,-0.83219266,-0.58219266,-11.51292546,2
0,-11.51292546,-11.51292546,-11.51292546,-11.51292546,1
-1.15E-06,-11.51292546,-11.51292546,-11.51292546,-11.51292546,1
-7.90E-07,-11.51292546,-11.51292546,-11.51292546,-11.51292546,1
-0.001041264,-7.6260414,-11.51292546,-11.51292546,-11.51292546,1
-0.001041264,-7.6260414,-11.51292546,-11.51292546,-11.51292546,3
-0.002496229,-6.7524962,-11.51292546,-11.51292546,-11.51292546,2
-2.10E-06,-11.51292546,-11.51292546,-11.51292546,-11.51292546,2
-2.10E-06,-11.51292546,-11.51292546,-11.51292546,-11.51292546,4
-7.90E-07,-11.51292546,-11.51292546,-11.51292546,-11.51292546,2
-0.000731855,-7.750732,-10.250731,-11.51292546,-11.51292546,5
-0.000736489,-7.7507367,-10.125736,-11.51292546,-11.51292546,1
-0.000216292,-8.7502165,-11.3752165,-11.51292546,-11.51292546,1
-4.2742634,-0.024263162,-4.6492634,-11.51292546,-11.51292546,1
-4.2742634,-0.024263162,-4.6492634,-11.51292546,-11.51292546,2
-4.7728376,-0.022837516,-4.2728376,-11.51292546,-11.51292546,3
-11.51292546,-11.51292546,-3.5469534,-0.04695346,-5.6719537,4
-11.51292546,-11.51292546,-4.0257106,-0.025710486,-6.0257106,2
-11.51292546,-11.51292546,-3.7802815,-0.030281467,-7.6552815,3
-0.006885631,-11.256886,-10.006886,-11.51292546,-9.881886,1
-0.004374459,-10.7543745,-10.0043745,-11.51292546,-9.6293745,1
-0.004374459,-10.7543745,-10.0043745,-11.51292546,-9.6293745,1
-11.51292546,-3.558897,-0.058897045,-3.558897,-11.51292546,2
-11.51292546,-3.558897,-0.058897045,-3.558897,-11.51292546,2
-11.51292546,-2.1315556,-0.13155565,-5.3815556,-11.51292546,2
-3.7229466,-1.5979465,-0.34794655,-3.4729466,-6.7229466,1
-3.9031734,-1.0281734,-0.5281735,-4.6531734,-9.403173,1
-3.9031734,-1.0281734,-0.5281735,-4.6531734,-9.403173,1
-11.51292546,-7.9102,-0.035200115,-3.5352,-11.51292546,2
-11.51292546,-7.6651506,-0.04015063,-3.2901506,-11.51292546,4
-11.51292546,-7.4003253,-0.02532549,-3.7753255,-11.51292546,3
-0.006861601,-11.381862,-10.506862,-11.51292546,-9.256862,1
-0.006861601,-11.381862,-10.506862,-11.51292546,-9.256862,1
-0.004189163,-11.51292546,-11.0041895,-11.51292546,-9.7541895,1
-11.51292546,-4.2733254,-0.023325605,-5.2733254,-11.51292546,2
-11.51292546,-4.5190997,-0.019099947,-5.5190997,-11.51292546,3
-11.51292546,-4.0211916,-0.02119137,-6.7711916,-11.51292546,3
-0.000920154,-7.7509203,-11.51292546,-11.51292546,-11.51292546,1
-0.000300546,-8.5003,-11.51292546,-11.51292546,-11.51292546,1
-0.001403087,-7.001403,-11.51292546,-11.51292546,-11.51292546,1
-0.01867917,-4.018679,-7.893679,-11.51292546,-11.51292546,2
-0.014721855,-4.264722,-8.389722,-11.51292546,-11.51292546,4
-0.009130447,-4.7591305,-8.8841305,-11.51292546,-11.51292546,3
-0.003768851,-11.503769,-10.628769,-11.51292546,-9.878769,1
-0.001058295,-11.51292546,-11.51292546,-11.51292546,-11.376059,1
-0.001058295,-11.51292546,-11.51292546,-11.51292546,-11.376059,1
-11.51292546,-3.3059468,-0.055946734,-4.055947,-9.680946,2
-11.51292546,-3.3059468,-0.055946734,-4.055947,-9.680946,2
-11.51292546,-4.885445,-0.1354449,-2.1354449,-7.510445,3
-0.011150751,-11.38615,-10.51115,-11.51292546,-10.38615,1
-0.47763857,-8.602638,-6.3526387,-9.602638,-6.4776387,1
-0.47763857,-8.602638,-6.3526387,-9.602638,-6.4776387,1
-11.51292546,-10.974513,-0.9745127,-0.47451267,-10.474513,4
-11.51292546,-10.974513,-0.9745127,-0.47451267,-10.474513,5
-11.51292546,-10.974513,-0.9745127,-0.47451267,-10.474513,3
-0.97488344,-0.4748834,-7.2248836,-11.51292546,-11.51292546,2
-3.050328,-0.050327912,-6.425328,-11.51292546,-11.51292546,5
-0.97488344,-0.4748834,-7.2248836,-11.51292546,-11.51292546,3
-3.13E-07,-11.51292546,-11.51292546,-11.51292546,-11.51292546,1
-1.94E-07,-11.51292546,-11.51292546,-11.51292546,-11.51292546,1
-3.13E-07,-11.51292546,-11.51292546,-11.51292546,-11.51292546,1
-0.000921346,-7.0009212,-11.51292546,-11.51292546,-11.51292546,1
-0.000921346,-7.0009212,-11.51292546,-11.51292546,-11.51292546,1
-0.000921346,-7.0009212,-11.51292546,-11.51292546,-11.51292546,1
-10.227616,-3.727616,-0.8526161,-0.6026161,-6.1026163,1
-11.289681,-4.2896814,-0.91468143,-0.53968143,-5.9146814,1
-9.922676,-3.9226756,-0.92267567,-0.54767567,-5.4226756,1
-0.74495566,-0.74495566,-2.9949555,-7.9949555,-9.119956,1
-0.74495566,-0.74495566,-2.9949555,-7.9949555,-9.119956,4
-0.33531567,-1.3353157,-3.8353157,-8.960316,-9.710316,2
-0.04357546,-4.2935753,-9.543575,-11.51292546,-11.51292546,1
-0.08560839,-3.0856085,-7.2106085,-11.4606085,-11.51292546,5
-0.08000274,-2.8300028,-6.955003,-11.455003,-11.51292546,1
-4.060895,-0.060895182,-3.5608952,-11.51292546,-11.51292546,2
-4.060895,-0.060895182,-3.5608952,-11.51292546,-11.51292546,4
-4.055613,-0.055613127,-3.305613,-9.3056135,-11.51292546,3
-0.9888131,-8.863813,-5.113813,-7.238813,-4.863813,1
-0.9888131,-8.863813,-5.113813,-7.238813,-4.863813,1
-0.004178718,-11.504179,-10.754179,-11.51292546,-10.629179,1
-11.51292546,-2.8172066,-0.06720656,-8.067206,-11.51292546,2
-11.51292546,-3.1706204,-0.17062043,-7.1706204,-11.51292546,1
-11.51292546,-2.8172066,-0.06720656,-8.067206,-11.51292546,3
-6.5056705,-0.00567078,-5.5056705,-11.51292546,-11.51292546,3
-6.6409526,-0.015952608,-4.2659526,-11.51292546,-11.51292546,5
-6.5255003,-0.025500169,-3.7755,-11.51292546,-11.51292546,5
-11.51292546,-5.013587,-0.013587083,-5.013587,-11.51292546,4
-11.51292546,-4.7638874,-0.013887629,-5.2638874,-11.51292546,2
-11.51292546,-6.26529,-0.015289628,-5.01529,-11.51292546,3
-0.000544931,-7.625545,-11.51292546,-11.51292546,-11.51292546,5
-0.000544931,-7.625545,-11.51292546,-11.51292546,-11.51292546,1
-0.000544931,-7.625545,-11.51292546,-11.51292546,-11.51292546,1
-11.51292546,-2.3527544,-0.10275428,-8.102755,-11.51292546,3
-11.51292546,-2.1296337,-0.1296336,-8.379634,-11.51292546,4
-11.51292546,-2.1280303,-0.1280302,-8.12803,-11.51292546,3
-9.09E-07,-11.51292546,-11.51292546,-11.51292546,-11.51292546,1
-6.70E-07,-11.51292546,-11.51292546,-11.51292546,-11.51292546,2
-9.09E-07,-11.51292546,-11.51292546,-11.51292546,-11.51292546,2
-6.71E-05,-9.625067,-11.51292546,-11.51292546,-11.51292546,3
-1.49E-05,-11.125015,-11.51292546,-11.51292546,-11.51292546,1
-6.71E-05,-9.625067,-11.51292546,-11.51292546,-11.51292546,2
-11.51292546,-2.6243064,-0.124306396,-7.749306,-11.51292546,5
-11.51292546,-2.6243064,-0.124306396,-7.749306,-11.51292546,5
-11.51292546,-2.1307244,-0.13072433,-8.505724,-11.51292546,4
-11.51292546,-11.51292546,-5.523568,-0.023568172,-4.523568,3
-11.51292546,-11.51292546,-6.3068113,-0.05681118,-5.0568113,5
-11.51292546,-11.51292546,-6.01973,-0.019730246,-4.26973,4
-0.00561115,-11.380611,-10.505611,-11.51292546,-9.255611,1
-0.008955369,-10.883955,-9.883955,-11.51292546,-8.508955,1
-0.002559853,-11.51292546,-10.87756,-11.51292546,-9.50256,1
-11.201508,-0.82650745,-0.57650745,-9.201508,-11.51292546,3
-11.51292546,-1.9128135,-0.16281359,-8.537813,-11.51292546,4
-11.201454,-0.8264543,-0.5764543,-9.201454,-11.51292546,3
-1.34E-05,-11.51292546,-11.51292546,-11.51292546,-11.51292546,1
-6.27E-06,-11.51292546,-11.51292546,-11.51292546,-11.51292546,1
-1.34E-05,-11.51292546,-11.51292546,-11.51292546,-11.51292546,1
-8.637271,-0.38727137,-1.1372714,-8.512271,-11.51292546,5
-11.388332,-1.1383324,-0.38833243,-6.6383324,-11.51292546,1
-11.51292546,-0.97428584,-0.47428587,-8.599286,-11.51292546,3
-0.06449281,-6.0644927,-8.564493,-11.51292546,-11.51292546,1
-0.06287562,-7.0628757,-9.937876,-11.51292546,-11.51292546,5
-0.06449281,-6.0644927,-8.564493,-11.51292546,-11.51292546,1
-11.51292546,-11.51292546,-2.3510053,-0.101005234,-9.601006,5
-11.51292546,-11.51292546,-2.350816,-0.100816004,-10.100816,5
-11.51292546,-11.51292546,-2.8132863,-0.06328637,-9.563287,4
-0.07545369,-4.5754538,-5.8254538,-9.700454,-9.450454,1
-0.03956206,-4.289562,-6.039562,-10.164562,-9.914562,1
-0.03915737,-4.7891574,-6.9141574,-10.914157,-10.414157,1
-0.05051652,-3.0505166,-9.300516,-11.51292546,-11.51292546,1
-0.031672984,-3.531673,-9.906673,-11.51292546,-11.51292546,1
-0.031672984,-3.531673,-9.906673,-11.51292546,-11.51292546,2
-0.01826477,-11.268265,-10.768265,-11.51292546,-9.518265,1
-0.01826477,-11.268265,-10.768265,-11.51292546,-9.518265,1
-0.01826477,-11.268265,-10.768265,-11.51292546,-9.518265,1
-6.70E-07,-11.51292546,-11.51292546,-11.51292546,-11.51292546,1
-2.77E-05,-10.500028,-11.51292546,-11.51292546,-11.51292546,4
-2.70E-06,-11.51292546,-11.51292546,-11.51292546,-11.51292546,3
-9.3688345,-4.1188345,-0.3688347,-2.3688347,-7.8688345,1
-6.2653875,-2.6403875,-0.3903876,-2.8903875,-7.6403875,1
-8.622009,-3.497009,-0.24700895,-2.497009,-7.997009,1
-11.51292546,-7.144096,-0.01909586,-4.019096,-11.51292546,2
-11.51292546,-6.7622294,-0.012229542,-4.5122294,-11.51292546,4
-11.51292546,-6.25874,-0.008739731,-5.00874,-11.51292546,3
-0.001123311,-11.51292546,-11.001123,-11.51292546,-10.001123,1
-0.001621265,-10.501621,-9.126621,-11.51292546,-9.001621,1
-0.010269962,-9.76027,-8.01027,-10.51027,-7.51027,1
-6.1557307,-2.4057305,-0.15573059,-3.6557305,-8.53073,5
-3.1459796,-1.3959796,-0.39597958,-4.1459794,-8.52098,1
-6.1557307,-2.4057305,-0.15573059,-3.6557305,-8.53073,1
-11.51292546,-4.031423,-0.03142326,-4.531423,-11.031424,3
-11.51292546,-4.2745442,-0.024544002,-6.2745442,-11.51292546,5
-11.51292546,-4.2745442,-0.024544002,-6.2745442,-11.51292546,3
-0.006787128,-11.51292546,-10.756787,-11.51292546,-10.256787,1
-0.018257873,-11.51292546,-10.393258,-11.51292546,-9.643258,1
-0.018257873,-11.51292546,-10.393258,-11.51292546,-9.643258,1
-11.51292546,-11.51292546,-1.3153262,-0.31532615,-11.51292546,2
-11.51292546,-11.51292546,-2.1277645,-0.12776439,-10.377765,4
-11.51292546,-11.51292546,-1.3153262,-0.31532615,-11.51292546,2
-1.9153203,-0.16532032,-5.2903204,-11.51292546,-11.51292546,1
-3.7887402,-0.038740132,-4.28874,-11.51292546,-11.51292546,4
-3.0600972,-0.060097173,-4.560097,-11.51292546,-11.51292546,2
-7.000198,-5.375198,-2.250198,-0.750198,-0.875198,1
-10.988892,-8.238892,-4.2388916,-0.48889136,-0.98889136,1
-5.6367445,-4.2617445,-1.6367445,-0.7617445,-1.1367445,1
-4.27E-05,-10.125043,-11.51292546,-11.51292546,-11.51292546,1
-1.82E-05,-11.125018,-11.51292546,-11.51292546,-11.51292546,2
-5.35E-05,-10.000053,-11.51292546,-11.51292546,-11.51292546,2
-0.73388225,-0.73388225,-3.2338822,-8.483882,-11.51292546,1
-0.17414902,-1.924149,-4.674149,-9.424149,-11.51292546,1
-0.009129028,-4.759129,-8.009129,-11.51292546,-11.51292546,1
-0.006722353,-11.51292546,-11.51292546,-11.51292546,-11.51292546,1
-0.000629517,-11.51292546,-11.51292546,-11.51292546,-11.51292546,1
-0.002481962,-11.51292546,-11.51292546,-11.51292546,-11.51292546,1
-3.13E-07,-11.51292546,-11.51292546,-11.51292546,-11.51292546,1
-0.00527455,-11.51292546,-11.51292546,-11.51292546,-11.130275,1
-7.90E-07,-11.51292546,-11.51292546,-11.51292546,-11.51292546,1
-11.51292546,-9.739156,-0.11415554,-3.3641555,-11.51292546,4
-11.51292546,-9.066813,-0.066813245,-3.5668132,-11.51292546,5
-11.51292546,-9.634586,-0.13458605,-2.134586,-11.51292546,3
-5.7563696,-0.006369778,-5.7563696,-11.51292546,-11.51292546,1
-4.265318,-0.015317921,-6.765318,-11.51292546,-11.51292546,4
-6.5067377,-0.006737631,-5.2567377,-11.51292546,-11.51292546,3
-11.51292546,-3.7746625,-0.024662413,-9.024662,-11.51292546,2
-11.51292546,-3.2886846,-0.038684513,-8.663685,-11.51292546,4
-11.51292546,-3.2886846,-0.038684513,-8.663685,-11.51292546,3
-0.002361975,-11.502362,-9.877362,-11.51292546,-9.252362,1
-0.002361975,-11.502362,-9.877362,-11.51292546,-9.252362,1
-0.00098184,-11.51292546,-11.51292546,-11.51292546,-10.625982,1
-11.51292546,-4.265383,-0.015382608,-6.890383,-11.51292546,3
-11.51292546,-5.5081444,-0.008144312,-5.5081444,-11.51292546,4
-11.51292546,-5.5065794,-0.006579542,-6.0065794,-11.51292546,3
-9.01E-06,-11.51292546,-11.51292546,-11.51292546,-11.51292546,1
-7.94E-06,-11.51292546,-11.51292546,-11.51292546,-11.51292546,1
-9.01E-06,-11.51292546,-11.51292546,-11.51292546,-11.51292546,2
-11.51292546,-7.0629783,-0.06297838,-2.8129783,-11.51292546,2
-11.51292546,-7.830135,-0.08013489,-2.5801349,-11.51292546,4
-11.51292546,-6.6019163,-0.101916425,-2.3519163,-11.51292546,3
-11.51292546,-8.418723,-0.043722898,-4.293723,-11.51292546,2
-11.51292546,-7.8930635,-0.01806331,-5.0180635,-11.51292546,4
-11.51292546,-8.418723,-0.043722898,-4.293723,-11.51292546,3
-11.51292546,-3.2890522,-0.039052248,-7.289052,-11.51292546,4
-11.51292546,-4.2683167,-0.018316517,-6.8933167,-11.51292546,2
-11.51292546,-4.518708,-0.01870819,-6.893708,-11.51292546,4
-2.5936794,-5.3436794,-4.8436794,-6.7186794,-7.3436794,1
-2.5936794,-5.3436794,-4.8436794,-6.7186794,-7.3436794,1
-2.5936794,-5.3436794,-4.8436794,-6.7186794,-7.3436794,1
-10.340749,-0.2157489,-2.2157488,-11.51292546,-11.51292546,2
-9.91378,-0.038780164,-3.2887802,-11.51292546,-11.51292546,2
-8.942025,-0.06702498,-2.817025,-11.51292546,-11.51292546,3
-2.9181795,-0.54317945,-1.1681795,-3.0431795,-5.0431795,1
-3.8013704,-0.6763704,-0.9263704,-2.6763704,-5.4263706,1
-3.9243293,-0.67432934,-0.92432934,-2.6743293,-5.2993293,1
-11.51292546,-5.5057907,-0.005790731,-6.3807907,-11.51292546,3
-11.51292546,-5.505626,-0.005626324,-6.505626,-11.51292546,4
-11.51292546,-5.505626,-0.005626324,-6.505626,-11.51292546,3
-0.6934612,-0.6934612,-8.068461,-11.51292546,-11.51292546,1
-0.6933632,-0.6933632,-8.443363,-11.51292546,-11.51292546,1
-0.6934612,-0.6934612,-8.068461,-11.51292546,-11.51292546,1
-0.000477502,-8.000478,-11.51292546,-11.51292546,-11.51292546,1
-0.000148356,-9.000149,-11.51292546,-11.51292546,-11.51292546,2
-3.46E-05,-10.500034,-11.51292546,-11.51292546,-11.51292546,1
-11.51292546,-8.930119,-0.055118542,-3.0551186,-11.51292546,3
-11.51292546,-8.930119,-0.055118542,-3.0551186,-11.51292546,4
-11.51292546,-9.16553,-0.040530298,-3.2905302,-11.51292546,3
-11.51292546,-10.227781,-0.10278116,-2.352781,-11.51292546,2
-11.51292546,-10.079511,-0.07951105,-2.5795112,-11.51292546,4
-11.51292546,-10.251983,-0.1269827,-2.1269827,-11.51292546,2
-11.51292546,-11.51292546,-4.3253117,-0.075311854,-10.575312,5
-11.51292546,-11.51292546,-6.501784,-0.001783941,-9.001784,5
-11.51292546,-11.51292546,-6.501784,-0.001783941,-9.001784,5
-11.51292546,-11.51292546,-2.3527513,-0.10275137,-11.51292546,4
-11.51292546,-11.51292546,-2.1282744,-0.12827434,-10.753274,5
-11.51292546,-11.51292546,-2.1282744,-0.12827434,-10.753274,4
-11.51292546,-11.51292546,-5.7539105,-0.003910746,-9.128911,2
-11.51292546,-11.51292546,-6.252555,-0.002555092,-8.877555,5
-11.51292546,-11.51292546,-6.252555,-0.002555092,-8.877555,4
-11.51292546,-3.7787297,-0.028729606,-7.9037294,-11.51292546,5
-11.51292546,-3.2900176,-0.04001755,-9.040017,-11.51292546,3
-11.51292546,-2.8129408,-0.06294088,-8.437941,-11.51292546,4
-0.20983241,-6.459832,-5.334832,-8.834832,-6.334832,1
-0.20983347,-6.4598336,-5.3348336,-8.834833,-6.3348336,1
-0.1320232,-6.6320233,-5.7570233,-9.382023,-7.6320233,1
-8.300102,-0.050102077,-3.050102,-11.51292546,-11.51292546,3
-9.225438,-0.10043817,-2.350438,-11.51292546,-11.51292546,5
-8.204194,-0.0791938,-2.5791938,-11.51292546,-11.51292546,3
-11.51292546,-6.266764,-0.016764008,-7.266764,-11.51292546,3
-11.51292546,-4.2644057,-0.014405716,-8.639405,-11.51292546,5
-11.51292546,-4.2644057,-0.014405716,-8.639405,-11.51292546,5
-11.51292546,-11.51292546,-5.010131,-0.010130959,-8.260131,4
-11.51292546,-11.51292546,-4.5112906,-0.011290781,-9.636291,2
-11.51292546,-11.51292546,-3.7772954,-0.027295263,-9.652295,3
-11.51292546,-11.51292546,-8.511333,-0.011333103,-4.511333,5
-11.51292546,-11.51292546,-7.7657413,-0.015741412,-4.2657413,5
-11.51292546,-11.51292546,-8.534238,-0.03423764,-3.7842376,4
-11.51292546,-4.289475,-0.039474737,-6.039475,-11.51292546,1
-11.51292546,-5.2635865,-0.013586617,-5.2635865,-11.51292546,5
-11.51292546,-5.0298533,-0.029853119,-5.2798533,-11.51292546,2
-2.5799773,-0.07997731,-6.8299775,-11.51292546,-11.51292546,2
-5.6310763,-0.006076568,-6.0060763,-11.51292546,-11.51292546,4
-5.007742,-0.007742086,-6.882742,-11.51292546,-11.51292546,4
-11.51292546,-11.51292546,-10.251693,-0.001693031,-6.7516932,4
-11.51292546,-11.51292546,-10.251466,-0.001465819,-7.376466,5
-11.51292546,-11.51292546,-10.377991,-0.002990655,-6.8779907,5
-11.51292546,-4.5126166,-0.012616654,-7.5126166,-11.51292546,4
-11.51292546,-3.7738922,-0.023892272,-7.7738924,-11.51292546,4
-11.51292546,-4.2658463,-0.015846074,-7.8908463,-11.51292546,2
-11.51292546,-1.9105515,-0.16055149,-8.160551,-11.51292546,4
-11.51292546,-2.1284332,-0.12843317,-6.503433,-11.51292546,2
-11.51292546,-1.7024102,-0.20241028,-7.20241,-11.51292546,4
-11.51292546,-6.542186,-0.042185824,-3.2921858,-11.51292546,2
-11.51292546,-5.9060874,-0.031087508,-3.7810874,-11.51292546,3
-11.51292546,-6.542186,-0.042185824,-3.2921858,-11.51292546,4
-11.51292546,-11.51292546,-5.7542257,-0.004225609,-8.879226,5
-11.51292546,-11.51292546,-6.0031414,-0.003141474,-8.628141,5
-11.51292546,-11.51292546,-6.0031414,-0.003141474,-8.628141,5
-11.51292546,-11.51292546,-4.820129,-0.07012872,-9.695128,3
-11.51292546,-11.51292546,-2.6004195,-0.100419626,-10.47542,5
-11.51292546,-11.51292546,-5.552516,-0.052516192,-10.052516,5
-11.51292546,-5.2566576,-0.006657823,-8.256658,-11.51292546,2
-11.51292546,-6.0044603,-0.004460505,-7.6294603,-11.51292546,4
-11.51292546,-7.7556725,-0.005672441,-5.5056725,-11.51292546,5
-11.51292546,-10.573666,-0.32366523,-1.3236653,-11.51292546,5
-11.51292546,-9.613097,-0.113097124,-2.3630972,-11.51292546,3
-11.51292546,-11.51292546,-1.3303275,-0.33032757,-11.330328,5
-11.51292546,-4.7615523,-0.011552314,-6.0115523,-11.51292546,2
-11.51292546,-4.0202208,-0.020220794,-6.2702208,-11.51292546,5
-11.51292546,-4.513502,-0.013502181,-6.263502,-11.51292546,3
-11.51292546,-9.154107,-0.02910704,-4.029107,-11.51292546,2
-11.51292546,-9.982749,-0.10774907,-2.857749,-11.51292546,5
-11.51292546,-10.7352295,-0.110229485,-2.3602295,-11.51292546,4
-11.51292546,-11.51292546,-4.758811,-0.008810981,-9.758811,3
-11.51292546,-11.51292546,-5.007123,-0.007122988,-9.507123,5
-11.51292546,-11.51292546,-5.5043406,-0.00434051,-9.00434,5
-11.51292546,-11.51292546,-2.8123305,-0.062330537,-9.06233,3
-11.51292546,-11.51292546,-2.8123305,-0.062330537,-9.06233,5
-11.51292546,-11.51292546,-2.8125787,-0.0625787,-9.312579,4
-11.51292546,-11.51292546,-3.0491893,-0.04918925,-11.51292546,4
-11.51292546,-11.51292546,-0.70025796,-0.70025796,-11.51292546,5
-11.51292546,-11.51292546,-0.70025796,-0.70025796,-11.51292546,4
-11.51292546,-11.51292546,-8.375946,-0.000945877,-8.000946,5
-11.51292546,-11.51292546,-8.634497,-0.009496339,-7.259496,5
-11.51292546,-11.51292546,-10.379431,-0.004430709,-6.254431,5
-11.51292546,-7.505181,-0.005180747,-5.505181,-11.51292546,3
-11.51292546,-7.505181,-0.005180747,-5.505181,-11.51292546,5
-11.51292546,-8.640797,-0.01579679,-5.3907967,-11.51292546,4
-11.51292546,-11.51292546,-1.3352063,-0.3352062,-9.210206,3
-11.51292546,-11.51292546,-1.0046406,-0.5046406,-10.254641,5
-11.51292546,-11.51292546,-1.5161793,-0.26617926,-9.141179,3
-11.51292546,-11.51292546,-4.7726617,-0.022661788,-11.51292546,4
-11.51292546,-11.51292546,-5.2571716,-0.007171401,-10.882172,2
-11.51292546,-11.51292546,-4.5129685,-0.012968333,-11.262968,3
-11.51292546,-11.51292546,-3.0659106,-0.06591053,-10.56591,4
-11.51292546,-11.51292546,-1.9113761,-0.16137615,-10.786376,5
-11.51292546,-11.51292546,-2.360217,-0.110217206,-11.485217,4
-11.51292546,-11.51292546,-0.45601386,-1.2060139,-11.51292546,3
-11.51292546,-11.51292546,-0.29829547,-2.0482955,-11.51292546,5
-11.51292546,-11.51292546,-0.45601386,-1.2060139,-11.51292546,3
-11.51292546,-6.755531,-0.0055309,-6.130531,-11.51292546,3
-11.51292546,-6.0035186,-0.003518352,-7.2535186,-11.51292546,5
-11.51292546,-6.755531,-0.0055309,-6.130531,-11.51292546,3
-11.51292546,-11.51292546,-11.51292546,-0.83022296,-0.58022296,4
-11.51292546,-11.51292546,-11.51292546,-3.0492637,-0.04926382,5
-11.51292546,-11.51292546,-11.51292546,-2.3524468,-0.10244681,4
-11.51292546,-11.51292546,-7.013434,-0.013434085,-6.513434,5
-11.51292546,-11.51292546,-7.013434,-0.013434085,-6.513434,4
-11.51292546,-11.51292546,-6.7707734,-0.020773225,-6.5207734,4
-11.51292546,-9.416183,-0.041183043,-3.291183,-11.51292546,5
-11.51292546,-9.271365,-0.021365602,-4.0213656,-11.51292546,4
-11.51292546,-9.667032,-0.042032447,-3.2920325,-11.51292546,3
-11.51292546,-11.51292546,-2.8126,-0.06259998,-10.0626,5
-11.51292546,-11.51292546,-2.1284506,-0.12845059,-10.75345,4
-11.51292546,-11.51292546,-1.7030102,-0.20301017,-10.953011,4
-11.51292546,-4.7730794,-0.023079263,-7.7730794,-11.51292546,5
-11.51292546,-4.5345764,-0.034576602,-7.5345764,-11.51292546,4
-11.51292546,-3.5383995,-0.038399357,-8.1634,-11.51292546,3
-11.51292546,-9.380411,-0.005411504,-5.3804116,-11.51292546,5
-11.51292546,-9.644005,-0.01900509,-4.0190053,-11.51292546,5
-11.51292546,-9.633819,-0.008818775,-4.7588186,-11.51292546,5
-11.51292546,-11.51292546,-3.2899375,-0.03993749,-10.164937,2
-11.51292546,-11.51292546,-3.3348868,-0.08488678,-10.459887,5
-11.51292546,-11.51292546,-3.0524998,-0.052499786,-10.5525,3
-11.51292546,-11.51292546,-0.8277361,-0.5777361,-11.51292546,3
-11.51292546,-11.51292546,-0.38702056,-1.1370206,-11.51292546,5
-11.51292546,-11.51292546,-0.6945608,-0.6945608,-11.51292546,5
-11.51292546,-10.628455,-0.25345472,-1.5034547,-11.51292546,5
-11.51292546,-11.47529,-0.47529057,-0.97529054,-11.51292546,4
-11.51292546,-10.451818,-0.57681805,-0.82681805,-11.51292546,3
-11.51292546,-11.51292546,-6.756417,-0.006416806,-5.256417,3
-11.51292546,-11.51292546,-6.756417,-0.006416806,-5.256417,5
-11.51292546,-11.51292546,-7.5091844,-0.009184198,-4.7591844,4
-11.51292546,-7.7730794,-0.02307949,-4.2730794,-11.51292546,4
-11.51292546,-6.407538,-0.03253787,-6.782538,-11.51292546,5
-11.51292546,-7.7730794,-0.02307949,-4.2730794,-11.51292546,5
-11.51292546,-11.51292546,-7.4000006,-0.025000574,-6.7750006,5
-11.51292546,-11.51292546,-6.900263,-0.025262844,-6.900263,4
-11.51292546,-11.51292546,-7.4093156,-0.034315523,-5.5343156,3
-11.51292546,-3.5314634,-0.031463463,-8.281464,-11.51292546,5
-11.51292546,-3.5668025,-0.066802435,-9.191802,-11.51292546,5
-11.51292546,-1.9223372,-0.17233717,-10.422338,-11.51292546,4
-11.51292546,-11.51292546,-7.7977147,-0.17271465,-1.9227147,5
-11.51292546,-11.51292546,-8.003173,-0.1281726,-2.1281726,4
-11.51292546,-11.51292546,-7.7977147,-0.17271465,-1.9227147,5
-11.51292546,-10.512276,-0.38727608,-1.137276,-11.51292546,4
-11.51292546,-10.204379,-0.07937903,-2.579379,-11.51292546,5
-11.51292546,-10.063258,-0.06325784,-2.813258,-11.51292546,4
-11.51292546,-11.1931925,-0.31819266,-1.3181927,-11.51292546,3
-11.51292546,-11.478277,-0.47827676,-0.9782767,-11.51292546,4
-11.51292546,-11.478277,-0.47827676,-0.9782767,-11.51292546,4
-11.51292546,-5.523626,-0.023626043,-4.023626,-11.51292546,4
-11.51292546,-4.0226336,-0.022633586,-5.5226336,-11.51292546,5
-11.51292546,-4.270332,-0.020331765,-5.520332,-11.51292546,4
-11.51292546,-6.5051246,-0.005124769,-6.3801246,-11.51292546,5
-11.51292546,-6.5051246,-0.005124769,-6.3801246,-11.51292546,5
-11.51292546,-8.139936,-0.014936554,-4.2649364,-11.51292546,5
-11.51292546,-11.51292546,-1.5023904,-0.25239035,-10.50239,5
-11.51292546,-11.51292546,-1.5023899,-0.25238988,-10.50239,4
-11.51292546,-11.51292546,-1.7030156,-0.20301563,-10.703015,3
-11.51292546,-10.3266,-0.32660016,-1.3266002,-11.51292546,5
-11.51292546,-10.100846,-0.2258466,-1.7258466,-11.51292546,5
-11.51292546,-10.830332,-0.33033195,-1.3303319,-11.51292546,4
-11.51292546,-11.51292546,-3.0550487,-0.055048715,-9.680049,5
-11.51292546,-11.51292546,-3.053637,-0.053636942,-9.678637,3
-11.51292546,-11.51292546,-3.0550487,-0.055048715,-9.680049,5
-11.51292546,-7.0863466,-0.21134648,-1.7113465,-9.836347,4
-11.51292546,-8.70917,-0.5841704,-0.8341704,-9.45917,5
-11.51292546,-7.0863466,-0.21134648,-1.7113465,-9.836347,4
-11.51292546,-11.51292546,-0.84081256,-0.59081256,-11.51292546,3
-11.51292546,-11.51292546,-1.1911271,-0.4411271,-11.51292546,5
-11.51292546,-11.51292546,-2.1345236,-0.13452373,-11.51292546,4
-11.51292546,-11.51292546,-4.269375,-0.019374626,-9.894375,3
-11.51292546,-11.51292546,-3.5304415,-0.030441629,-9.405441,5
-11.51292546,-11.51292546,-4.5130506,-0.013050348,-9.26305,5
-11.51292546,-11.354465,-0.4794649,-0.9794649,-11.51292546,5
-11.51292546,-11.51292546,-0.69652456,-0.69652456,-11.51292546,5
-11.51292546,-11.51292546,-0.69652456,-0.69652456,-11.51292546,3
-11.51292546,-11.285991,-0.035990674,-4.0359907,-11.51292546,5
-11.51292546,-10.982721,-0.107721016,-3.107721,-11.51292546,5
-11.51292546,-10.90064,-0.025639143,-4.025639,-11.51292546,5
-11.51292546,-4.512129,-0.01212874,-8.637129,-11.51292546,3
-11.51292546,-4.2671504,-0.017150309,-7.5171504,-11.51292546,5
-11.51292546,-4.0234933,-0.023493186,-8.523493,-11.51292546,3
-11.51292546,-8.675841,-0.05084152,-3.0508416,-11.51292546,5
-11.51292546,-7.14706,-0.022059908,-4.02206,-11.51292546,5
-11.51292546,-8.730106,-0.10510596,-2.3551059,-11.51292546,4
-11.51292546,-11.51292546,-3.7871099,-0.037109774,-10.662109,5
-11.51292546,-11.51292546,-3.8104591,-0.060459122,-10.435459,5
-11.51292546,-11.51292546,-3.8104591,-0.060459122,-10.435459,4
-11.51292546,-11.51292546,-1.9779639,-0.22796398,-8.852964,3
-11.51292546,-11.51292546,-2.1316628,-0.13166285,-9.006662,5
-11.51292546,-11.51292546,-3.5338836,-0.03388358,-8.658884,5
-11.51292546,-8.540672,-0.04067235,-3.5406723,-11.51292546,5
-11.51292546,-8.543276,-0.04327595,-3.2932758,-11.51292546,5
-11.51292546,-8.796488,-0.046487704,-3.2964878,-11.51292546,5
-11.51292546,-11.51292546,-2.812218,-0.06221796,-10.312218,2
-11.51292546,-11.51292546,-1.5032681,-0.25326815,-11.253268,5
-11.51292546,-11.51292546,-1.9129496,-0.16294962,-11.03795,4
-11.51292546,-11.51292546,-3.051667,-0.05166692,-9.926667,4
-11.51292546,-11.51292546,-4.5118065,-0.011806571,-8.8868065,5
-11.51292546,-11.51292546,-3.2901852,-0.0401851,-10.165185,4
-11.51292546,-11.51292546,-3.777455,-0.027455093,-8.402455,2
-11.51292546,-11.51292546,-4.2878613,-0.03786141,-7.1628613,5
-11.51292546,-11.51292546,-3.777455,-0.027455093,-8.402455,5
-11.51292546,-4.522059,-0.022058742,-9.3970585,-11.51292546,5
-11.51292546,-4.021887,-0.021886837,-8.521887,-11.51292546,5
-11.51292546,-4.522059,-0.022058742,-9.3970585,-11.51292546,5
-11.51292546,-11.51292546,-8.002643,-0.002642602,-7.8776426,3
-11.51292546,-11.51292546,-6.8805275,-0.005527692,-6.6305275,5
-11.51292546,-11.51292546,-5.754064,-0.004064271,-8.629065,5
-11.51292546,-11.51292546,-7.8763857,-0.001385474,-7.2513857,4
-11.51292546,-11.51292546,-8.254825,-0.004824549,-7.6298246,5
-11.51292546,-11.51292546,-6.7519183,-0.001918526,-8.251919,4
-11.51292546,-11.51292546,-4.023384,-0.023384307,-9.273384,3
-11.51292546,-11.51292546,-4.032125,-0.03212479,-9.6571245,5
-11.51292546,-11.51292546,-2.3666735,-0.11667356,-10.366673,4
-11.51292546,-10.3127575,-0.062757626,-2.8127577,-11.51292546,3
-11.51292546,-9.816943,-0.06694348,-2.8169434,-11.51292546,5
-11.51292546,-9.289581,-0.039580856,-3.2895808,-11.51292546,3
-11.51292546,-7.2600226,-0.010022853,-4.7600226,-11.51292546,5
-11.51292546,-7.887446,-0.012445727,-4.512446,-11.51292546,4
-11.51292546,-8.15716,-0.03215966,-3.5321596,-11.51292546,4
-11.51292546,-11.51292546,-4.026717,-0.026717184,-9.151717,5
-11.51292546,-11.51292546,-2.3942876,-0.14428769,-10.644288,5
-11.51292546,-11.51292546,-4.026717,-0.026717184,-9.151717,3
-11.51292546,-4.528157,-0.028157353,-5.778157,-11.51292546,5
-11.51292546,-3.2909567,-0.040956743,-6.665957,-11.51292546,5
-11.51292546,-3.0598745,-0.059874553,-7.1848745,-11.51292546,4
-11.51292546,-4.01988,-0.019879838,-9.76988,-11.51292546,5
-11.450274,-0.7002742,-0.7002742,-11.51292546,-11.51292546,3
-11.51292546,-3.0568306,-0.05683065,-10.30683,-11.51292546,4
-11.51292546,-9.851318,-0.10131832,-2.3513184,-11.51292546,4
-11.51292546,-10.850727,-0.10072664,-2.3507266,-11.51292546,5
-11.51292546,-10.476775,-0.10177517,-2.3517752,-11.51292546,4
-11.51292546,-11.51292546,-6.512555,-0.012555203,-6.012555,4
-11.51292546,-11.51292546,-6.512555,-0.012555203,-6.012555,4
-11.51292546,-11.51292546,-5.762312,-0.012311853,-7.512312,3
-9.658313,-0.03331288,-3.5333128,-11.51292546,-11.51292546,3
-9.663179,-0.038179316,-3.2881794,-11.51292546,-11.51292546,5
-8.511645,-0.01164576,-4.636646,-11.51292546,-11.51292546,3
-11.51292546,-11.51292546,-4.7600865,-0.01008635,-8.760086,5
-11.51292546,-11.51292546,-4.7600865,-0.01008635,-8.760086,4
-11.51292546,-11.51292546,-5.00877,-0.008769973,-8.88377,3
-11.51292546,-11.51292546,-4.26611,-0.016109796,-7.14111,4
-11.51292546,-11.51292546,-4.26611,-0.016109796,-7.14111,5
-11.51292546,-11.51292546,-4.760107,-0.010107006,-6.760107,4
-11.51292546,-11.51292546,-0.592791,-0.842791,-11.342791,3
-11.51292546,-11.51292546,-0.23263308,-1.7326331,-11.51292546,5
-11.51292546,-11.51292546,-0.5821774,-0.8321774,-11.51292546,4
-11.51292546,-8.890456,-0.015456204,-4.265456,-11.51292546,4
-11.51292546,-7.7885313,-0.038531393,-4.7885313,-11.51292546,5
-11.51292546,-8.019782,-0.019782024,-4.019782,-11.51292546,4
-11.51292546,-11.51292546,-5.5225277,-0.022527525,-7.8975277,3
-11.51292546,-11.51292546,-5.764566,-0.014565963,-7.889566,5
-11.51292546,-11.51292546,-4.7818375,-0.031837534,-8.656837,4
-11.51292546,-1.9102669,-0.16026688,-10.160267,-11.51292546,3
-11.51292546,-2.1271737,-0.12717368,-11.127173,-11.51292546,5
-11.51292546,-2.814319,-0.06431888,-10.689319,-11.51292546,4
-11.51292546,-6.5071397,-0.007139913,-6.0071397,-11.51292546,5
-11.51292546,-6.6314263,-0.006426398,-5.5064263,-11.51292546,4
-11.51292546,-8.5647955,-0.06479564,-2.8147957,-11.51292546,4
-11.51292546,-7.2558136,-0.005813487,-5.5058136,-11.51292546,4
-11.51292546,-6.0208077,-0.020807547,-4.0208077,-11.51292546,5
-11.51292546,-6.0208077,-0.020807547,-4.0208077,-11.51292546,5
-11.51292546,-4.2712164,-0.021216463,-6.2712164,-11.51292546,5
-11.51292546,-4.2712164,-0.021216463,-6.2712164,-11.51292546,4
-11.51292546,-3.7829487,-0.0329488,-6.657949,-11.51292546,3
-11.51292546,-10.410886,-0.16088617,-1.9108862,-10.535886,4
-11.51292546,-9.502049,-0.12704937,-2.1270494,-10.502049,5
-11.51292546,-9.285394,-0.16039401,-1.910394,-10.785394,5
-11.51292546,-8.00915,-0.009149468,-4.7591496,-11.51292546,2
-11.51292546,-9.752167,-0.12716675,-2.1271667,-11.51292546,5
-11.51292546,-8.404225,-0.029225482,-4.0292253,-11.51292546,4
-11.51292546,-11.51292546,-6.2531047,-0.003104631,-11.51292546,5
-11.51292546,-11.51292546,-5.753391,-0.00339088,-11.503391,3
-11.51292546,-11.51292546,-6.506743,-0.006743081,-11.131743,3
-11.51292546,-11.076129,-0.82612884,-0.57612884,-11.51292546,3
-11.51292546,-11.076129,-0.82612884,-0.57612884,-11.51292546,5
-11.51292546,-11.51292546,-2.8138075,-0.063807465,-10.5638075,5
-11.51292546,-8.225976,-0.100976035,-2.350976,-11.51292546,2
-11.51292546,-8.225976,-0.100976035,-2.350976,-11.51292546,5
-11.51292546,-8.002816,-0.12781642,-2.1278164,-11.51292546,4
-11.51292546,-11.51292546,-1.7163043,-0.21630433,-10.841305,4
-11.51292546,-11.51292546,-2.3510652,-0.101065256,-10.351066,5
-11.51292546,-11.51292546,-2.3510652,-0.101065256,-10.351066,4
-11.51292546,-11.51292546,-4.7606344,-0.010634495,-9.135634,5
-11.51292546,-11.51292546,-2.3772058,-0.12720579,-10.002206,5
-11.51292546,-11.51292546,-4.761177,-0.01117703,-9.136177,3
-11.51292546,-7.006199,-0.006198719,-5.256199,-11.51292546,4
-11.51292546,-8.150347,-0.025346292,-4.2753463,-11.51292546,5
-11.51292546,-8.150347,-0.025346292,-4.2753463,-11.51292546,5
-11.51292546,-11.51292546,-2.3771975,-0.12719761,-10.252197,5
-11.51292546,-11.51292546,-2.8223703,-0.07237024,-11.197371,4
-11.51292546,-11.51292546,-2.139424,-0.13942418,-11.51292546,5
-11.51292546,-11.51292546,-6.003701,-0.00370102,-9.753701,3
-11.51292546,-11.51292546,-6.7519183,-0.001918407,-8.251919,5
-11.51292546,-11.51292546,-6.7519183,-0.001918407,-8.251919,4
-11.51292546,-6.882027,-0.007027104,-6.257027,-11.51292546,5
-11.51292546,-6.38157,-0.006570079,-6.38157,-11.51292546,3
-11.51292546,-7.004552,-0.004551885,-6.004552,-11.51292546,4
-11.51292546,-10.149561,-1.1495608,-0.39956084,-5.274561,4
-11.51292546,-10.764286,-1.5142858,-0.26428586,-4.514286,5
-11.51292546,-10.770101,-1.5201008,-0.27010083,-5.5201006,5
-11.51292546,-9.627375,-0.12737456,-2.1273746,-11.51292546,3
-11.51292546,-9.95242,-0.20241982,-1.7024198,-11.51292546,5
-11.51292546,-9.914737,-0.16473642,-1.9147364,-11.51292546,5
-11.51292546,-11.51292546,-0.980976,-0.48097602,-11.51292546,5
-11.51292546,-11.51292546,-0.7252885,-0.9752885,-11.51292546,3
-11.51292546,-11.51292546,-0.980976,-0.48097602,-11.51292546,4
-11.51292546,-11.286015,-0.16101433,-1.9110143,-11.51292546,5
-11.51292546,-11.51292546,-0.16136023,-1.9113603,-11.51292546,4
-11.51292546,-11.51292546,-0.10140913,-2.3514092,-11.51292546,4
-11.51292546,-11.51292546,-2.8175437,-0.067543685,-11.51292546,5
-11.51292546,-11.51292546,-2.8175437,-0.067543685,-11.51292546,4
-11.51292546,-11.51292546,-1.9196467,-0.16964671,-11.51292546,4
-11.51292546,-11.51292546,-1.3181883,-0.31818834,-11.318189,4
-11.51292546,-11.51292546,-1.725835,-0.225835,-10.350835,5
-11.51292546,-11.51292546,-4.0198517,-0.01985156,-8.394852,5
-11.51292546,-10.914921,-0.28992045,-1.5399204,-11.51292546,3
-11.51292546,-10.453022,-0.20302165,-1.7030216,-11.51292546,5
-11.51292546,-10.877753,-0.2527537,-1.5027537,-11.51292546,5
-11.51292546,-5.5086894,-0.008689269,-7.5086894,-11.51292546,3
-11.51292546,-5.2642293,-0.014229322,-7.7642293,-11.51292546,5
-11.51292546,-4.5155063,-0.015506454,-7.7655063,-11.51292546,5
-11.51292546,-11.51292546,-4.278141,-0.028140897,-11.403141,4
-11.51292546,-11.51292546,-4.7881327,-0.038132492,-10.913133,5
-11.51292546,-11.51292546,-4.5135365,-0.013536407,-10.138536,4
-11.51292546,-11.51292546,-1.1396484,-0.3896484,-11.51292546,4
-11.51292546,-11.51292546,-1.5055282,-0.25552815,-11.51292546,5
-11.51292546,-11.51292546,-2.1305287,-0.13052861,-11.51292546,5
-11.51292546,-10.831034,-0.45603338,-1.2060333,-11.51292546,5
-11.51292546,-11.232933,-0.4829333,-0.9829333,-11.51292546,5
-11.51292546,-11.51292546,-0.5861963,-0.8361963,-11.51292546,4
-11.51292546,-9.945823,-0.6958223,-0.6958223,-11.51292546,2
-11.51292546,-10.815125,-1.3151258,-0.31512582,-10.315125,4
-11.51292546,-10.815125,-1.3151258,-0.31512582,-10.315125,3
-11.51292546,-3.2908475,-0.04084757,-9.165848,-11.51292546,3
-11.51292546,-4.514347,-0.014347304,-8.764347,-11.51292546,5
-11.51292546,-4.519768,-0.01976823,-8.519768,-11.51292546,4
-11.51292546,-11.51292546,-9.048715,-0.048714772,-11.51292546,4
-11.51292546,-11.51292546,-7.951771,-0.20177098,-11.51292546,5
-11.51292546,-11.51292546,-8.663239,-0.03823806,-10.663239,4
-11.51292546,-11.188659,-1.3136585,-0.3136585,-10.563659,4
-11.51292546,-11.252367,-1.5023669,-0.25236693,-10.002367,5
-11.51292546,-11.188659,-1.3136585,-0.3136585,-10.563659,2
-11.51292546,-11.51292546,-2.1346064,-0.13460647,-9.384606,3
-11.51292546,-11.51292546,-3.7742872,-0.024287248,-7.149287,5
-11.51292546,-11.51292546,-3.0493646,-0.049364466,-8.299364,4
-11.51292546,-11.51292546,-9.02735,-0.027350822,-5.527351,3
-11.51292546,-11.51292546,-9.2566395,-0.006639583,-5.5066395,5
-11.51292546,-11.51292546,-9.02735,-0.027350822,-5.527351,4
-11.51292546,-8.515474,-0.015474269,-4.7654743,-11.51292546,5
-11.51292546,-8.902368,-0.027367873,-3.7773678,-11.51292546,4
-11.51292546,-8.512116,-0.01211637,-5.0121164,-11.51292546,2
-11.51292546,-2.8170576,-0.06705763,-8.692058,-11.51292546,2
-11.51292546,-3.290342,-0.04034208,-8.540342,-11.51292546,5
-11.51292546,-2.8128953,-0.06289533,-9.562896,-11.51292546,1
-11.51292546,-10.66211,-0.16211054,-1.9121106,-11.51292546,3
-11.51292546,-10.064065,-0.31406456,-1.3140645,-11.51292546,5
-11.51292546,-9.836908,-0.08690821,-2.586908,-11.51292546,2
-11.51292546,-3.0953207,-0.095320776,-7.8453207,-11.51292546,5
-11.51292546,-3.1445227,-0.14452273,-8.269523,-11.51292546,5
-11.51292546,-2.1700714,-0.17007129,-8.420072,-11.51292546,5
-11.51292546,-9.538647,-0.03864655,-3.2886465,-11.51292546,3
-11.51292546,-9.538647,-0.03864655,-3.2886465,-11.51292546,5
-11.51292546,-10.276385,-0.026385408,-3.7763853,-11.51292546,2
-11.51292546,-6.6900263,-0.065026335,-6.3150263,-11.51292546,3
-11.51292546,-7.033719,-0.033718895,-5.783719,-11.51292546,5
-11.51292546,-6.41351,-0.16350977,-6.41351,-11.51292546,3
-11.51292546,-10.6371,-0.38710004,-1.1371,-11.51292546,4
-11.51292546,-11.51292546,-0.6969624,-0.6969624,-11.51292546,5
-11.51292546,-11.51292546,-0.8275299,-0.5775299,-11.51292546,4
-11.51292546,-11.51292546,-0.47491765,-0.97491765,-11.51292546,4
-11.51292546,-11.51292546,-2.3503418,-0.100341894,-9.350342,5
-11.51292546,-11.012319,-0.38731864,-1.1373186,-11.51292546,4
-11.51292546,-11.51292546,-0.9746567,-0.47465673,-11.51292546,3
-11.51292546,-11.51292546,-1.3153231,-0.31532317,-11.51292546,4
-11.51292546,-11.51292546,-1.1373088,-0.3873088,-11.51292546,3
-11.51292546,-7.687576,-0.06257601,-2.812576,-11.51292546,5
-11.51292546,-9.002855,-0.12785566,-2.1278558,-11.51292546,3
-11.51292546,-9.002855,-0.12785566,-2.1278558,-11.51292546,5
-11.51292546,-11.51292546,-3.5381408,-0.038140755,-10.53814,5
-11.51292546,-11.51292546,-3.2893326,-0.03933263,-11.164332,4
-11.51292546,-11.51292546,-3.5381408,-0.038140755,-10.53814,3
-11.51292546,-11.210114,-0.3351137,-1.3351138,-11.51292546,5
-11.51292546,-11.51292546,-0.2519302,-1.5019302,-11.51292546,5
-11.51292546,-11.51292546,-0.693148,-0.693148,-11.51292546,5
-11.51292546,-11.51292546,-2.142935,-0.14293507,-11.51292546,5
-11.51292546,-11.51292546,-2.142935,-0.14293507,-11.51292546,5
-11.51292546,-11.51292546,-2.1605148,-0.16051474,-11.51292546,5
-11.51292546,-11.51292546,-7.8807693,-0.005769396,-8.75577,3
-11.51292546,-11.51292546,-7.8764143,-0.00141452,-8.376414,4
-11.51292546,-11.51292546,-7.88247,-0.007470328,-7.88247,5
-11.51292546,-10.329761,-0.5797607,-0.8297607,-11.51292546,4
-11.51292546,-11.51292546,-0.9794606,-0.47946057,-11.51292546,5
-11.51292546,-11.51292546,-1.7017221,-0.20172216,-10.576722,4
-11.51292546,-10.161394,-0.16139391,-1.9113939,-11.51292546,5
-11.51292546,-9.977494,-0.102493934,-2.352494,-11.51292546,5
-11.51292546,-10.286257,-0.16125645,-1.9112564,-11.51292546,5
-11.51292546,-11.51292546,-8.502393,-0.002392421,-6.2523923,3
-11.51292546,-11.51292546,-8.379859,-0.004858596,-5.5048585,4
-11.51292546,-11.51292546,-8.775819,-0.025819229,-6.0258193,3
-11.51292546,-11.51292546,-9.127841,-0.002840538,-6.2528405,4
-11.51292546,-11.51292546,-8.751769,-0.001769424,-6.5017695,5
-11.51292546,-11.51292546,-9.882295,-0.007294724,-5.5072947,4
-11.51292546,-10.956926,-0.20692633,-1.7069263,-11.51292546,5
-11.51292546,-11.51292546,-0.5861933,-0.8361933,-11.51292546,4
-11.51292546,-11.51292546,-0.31818745,-1.3181875,-11.51292546,3
-11.51292546,-11.51292546,-5.5151324,-0.015132539,-9.890133,4
-11.51292546,-11.51292546,-6.6561203,-0.031120215,-9.40612,5
-11.51292546,-11.51292546,-5.754741,-0.004741264,-9.629742,4
-11.51292546,-10.66517,-0.040169865,-3.29017,-11.51292546,2
-11.51292546,-10.829865,-0.07986549,-2.5798655,-11.51292546,5
-11.51292546,-11.315898,-0.06589804,-3.065898,-11.51292546,4
-11.51292546,-11.51292546,-0.16965717,-1.9196572,-11.51292546,5
-11.51292546,-11.51292546,-0.40272775,-1.1527277,-11.51292546,4
-11.51292546,-11.51292546,-0.82797366,-0.57797366,-11.51292546,5
-11.51292546,-11.51292546,-2.8253899,-0.07538991,-9.20039,3
-11.51292546,-11.51292546,-2.441325,-0.19132489,-10.066325,5
-11.51292546,-11.51292546,-1.9197019,-0.16970195,-9.794702,4
-11.51292546,-9.17605,-0.051050313,-3.0510504,-11.51292546,3
-11.51292546,-9.98305,-0.10805064,-2.3580506,-11.51292546,5
-11.51292546,-9.17605,-0.051050313,-3.0510504,-11.51292546,4
-11.51292546,-7.7972517,-0.17225158,-2.6722517,-11.51292546,3
-11.51292546,-8.6533575,-0.15335715,-2.153357,-11.51292546,5
-11.51292546,-8.075599,-0.07559882,-2.8255987,-11.51292546,3
-11.51292546,-3.7960556,-0.04605554,-9.296056,-11.51292546,5
-11.51292546,-3.5349848,-0.03498476,-8.784985,-11.51292546,3
-11.51292546,-3.7960556,-0.04605554,-9.296056,-11.51292546,4
-11.51292546,-11.51292546,-0.97528183,-0.4752818,-11.51292546,4
-11.51292546,-11.51292546,-1.1396462,-0.3896462,-11.51292546,5
-11.51292546,-11.51292546,-1.1380314,-0.38803133,-11.51292546,4
-11.51292546,-4.760952,-0.010951848,-6.635952,-11.51292546,4
-11.51292546,-3.7738097,-0.023809746,-7.52381,-11.51292546,5
-11.51292546,-4.267149,-0.0171489,-6.017149,-11.51292546,5
-11.51292546,-11.51292546,-3.2886782,-0.038678203,-8.413678,4
-11.51292546,-11.51292546,-4.0322146,-0.03221448,-8.782214,5
-11.51292546,-11.51292546,-4.0322146,-0.03221448,-8.782214,5
-11.51292546,-11.51292546,-0.83619153,-0.58619153,-11.51292546,3
-11.51292546,-10.818197,-0.31819743,-1.3181975,-11.51292546,5
-11.51292546,-11.007172,-0.25717124,-1.5071713,-11.51292546,4
-11.51292546,-11.51292546,-6.503042,-0.003042362,-10.128042,3
-11.51292546,-11.51292546,-6.0092096,-0.009209711,-10.25921,5
-11.51292546,-11.51292546,-6.253148,-0.003147889,-9.878148,5
-11.51292546,-8.31637,-0.44137016,-2.9413702,-11.51292546,4
-11.51292546,-9.067738,-0.31773797,-1.3177379,-10.692738,5
-11.51292546,-9.067738,-0.31773797,-1.3177379,-10.692738,3
-11.51292546,-7.150532,-0.025531663,-5.025532,-11.51292546,5
-11.51292546,-6.5167556,-0.016755681,-5.0167556,-11.51292546,5
-11.51292546,-8.434334,-0.05933368,-3.0593336,-11.51292546,4
-11.51292546,-11.51292546,-3.5308945,-0.030894507,-11.51292546,5
-11.51292546,-11.51292546,-4.270795,-0.020794814,-11.51292546,5
-11.51292546,-11.51292546,-2.600395,-0.100395046,-11.51292546,5
-11.51292546,-11.129744,-1.5047432,-0.25474325,-5.879743,3
-11.51292546,-11.129744,-1.5047432,-0.25474325,-5.879743,5
-11.51292546,-7.983055,-0.10805502,-2.858055,-11.358055,5
-11.51292546,-10.839394,-0.4643936,-1.4643936,-11.51292546,2
-11.51292546,-10.496571,-0.37157053,-1.3715706,-11.51292546,5
-11.51292546,-10.496571,-0.37157053,-1.3715706,-11.51292546,4
-11.51292546,-6.634969,-0.009969154,-4.759969,-11.51292546,5
-11.51292546,-7.1408553,-0.015855107,-4.2658553,-11.51292546,4
-11.51292546,-7.1408553,-0.015855107,-4.2658553,-11.51292546,3
-11.51292546,-11.51292546,-7.253518,-0.003518233,-8.003518,4
-11.51292546,-11.51292546,-7.5048585,-0.004858596,-8.379859,5
-11.51292546,-11.51292546,-6.5036883,-0.003688555,-8.253689,4
-11.51292546,-11.51292546,-4.7591724,-0.009172626,-9.509172,5
-11.51292546,-11.51292546,-4.75966,-0.009659754,-10.75966,4
-11.51292546,-11.51292546,-5.504377,-0.004376717,-9.254376,5
-11.51292546,-11.51292546,-6.2536936,-0.003693421,-9.628694,5
-11.51292546,-11.51292546,-4.5122323,-0.012232485,-10.512233,5
-11.51292546,-11.51292546,-5.0119414,-0.011941572,-10.511942,5
-11.51292546,-11.51292546,-2.9073136,-0.15731359,-7.0323133,5
-11.51292546,-11.51292546,-3.3854809,-0.13548082,-7.135481,5
-11.51292546,-11.51292546,-3.1082652,-0.10826526,-7.4832654,5
-11.51292546,-11.51292546,-0.9760713,-0.4760713,-11.351071,3
-11.51292546,-11.51292546,-0.9760713,-0.4760713,-11.351071,5
-11.51292546,-11.51292546,-1.1383688,-0.3883689,-11.388369,3
-11.51292546,-11.51292546,-4.0183578,-0.018357595,-11.51292546,4
-11.51292546,-11.51292546,-3.5298295,-0.029829398,-11.51292546,2
-11.51292546,-11.51292546,-4.264371,-0.01437093,-11.51292546,3
-11.51292546,-11.51292546,-11.51292546,-0.018773006,-4.018773,3
-11.51292546,-11.51292546,-11.51292546,-0.023949074,-3.7739491,5
-11.51292546,-11.51292546,-11.085113,-0.085113,-5.085113,5
-11.51292546,-11.51292546,-7.259441,-0.009440725,-4.759441,5
-11.51292546,-11.51292546,-7.655297,-0.030296741,-3.5302968,4
-11.51292546,-11.51292546,-7.259441,-0.009440725,-4.759441,3
-11.51292546,-11.51292546,-3.2987003,-0.048700236,-10.7987,3
-11.51292546,-11.51292546,-1.9427345,-0.19273444,-11.51292546,5
-11.51292546,-11.51292546,-2.353092,-0.10309207,-11.51292546,4
-11.51292546,-11.51292546,-1.7018051,-0.20180516,-8.201805,5
-11.51292546,-11.51292546,-1.7018051,-0.20180516,-8.201805,4
-11.51292546,-11.51292546,-3.53165,-0.031650115,-6.28165,4
-11.51292546,-9.705759,-0.20575894,-1.7057589,-11.51292546,3
-11.51292546,-9.705759,-0.20575894,-1.7057589,-11.51292546,5
-11.51292546,-9.705759,-0.20575894,-1.7057589,-11.51292546,4
-11.51292546,-6.004828,-0.004827749,-6.879828,-11.51292546,2
-11.51292546,-6.6334696,-0.008469546,-6.2584696,-11.51292546,5
-11.51292546,-6.004828,-0.004827749,-6.879828,-11.51292546,4
-11.51292546,-11.51292546,-2.6004236,-0.100423515,-10.350424,3
-11.51292546,-11.51292546,-1.1393288,-0.38932887,-11.51292546,5
-11.51292546,-11.51292546,-1.9427518,-0.19275172,-10.567752,5
-11.51292546,-11.51292546,-3.7785578,-0.028557695,-8.528558,3
-11.51292546,-11.51292546,-4.7641788,-0.014178674,-7.8891788,5
-11.51292546,-11.51292546,-3.5322897,-0.032289743,-8.9072895,5
-11.51292546,-11.331024,-0.45602378,-1.2060238,-11.51292546,4
-11.51292546,-11.51292546,-1.1492429,-0.39924285,-11.51292546,5
-11.51292546,-9.627427,-0.25242665,-1.7524266,-11.51292546,4
-11.51292546,-11.192108,-0.31710792,-1.3171079,-11.51292546,2
-11.51292546,-10.757177,-0.2571777,-1.5071777,-11.51292546,5
-11.51292546,-10.954033,-0.20403303,-1.704033,-11.51292546,5
-11.51292546,-3.297962,-0.04796194,-4.7979617,-11.51292546,3
-11.51292546,-3.297962,-0.04796194,-4.7979617,-11.51292546,5
-11.51292546,-4.2695236,-0.019523574,-5.2695236,-11.51292546,3
-11.51292546,-11.51292546,-9.565872,-0.065872036,-2.815872,4
-11.51292546,-11.51292546,-9.9587755,-0.083775535,-2.5837755,5
-11.51292546,-11.51292546,-9.674635,-0.049634706,-3.0496347,5
-11.51292546,-6.0149803,-0.014980357,-4.5149803,-11.51292546,3
-11.51292546,-7.41464,-0.03963997,-3.28964,-11.51292546,5
-11.51292546,-6.0149803,-0.014980357,-4.5149803,-11.51292546,5
-11.51292546,-11.51292546,-1.7104911,-0.21049109,-10.335491,5
-11.51292546,-11.51292546,-1.3303462,-0.33034623,-10.455346,5
-11.51292546,-11.51292546,-2.160587,-0.16058712,-9.535587,4
-11.51292546,-11.51292546,-4.032079,-0.032079305,-10.90708,4
-11.51292546,-11.51292546,-3.5473833,-0.0473833,-11.51292546,5
-11.51292546,-11.51292546,-3.0658958,-0.0658958,-11.440896,4
-11.51292546,-10.630142,-0.25514206,-1.5051421,-11.005142,5
-11.51292546,-7.5082464,-0.008246348,-6.0082464,-11.51292546,4
-11.51292546,-10.630142,-0.25514206,-1.5051421,-11.005142,5
-11.51292546,-11.51292546,-6.0035458,-0.003545901,-10.128546,4
-11.51292546,-11.51292546,-5.2662454,-0.016245505,-10.766246,3
-11.51292546,-11.51292546,-5.7542386,-0.004238431,-10.379238,5
-11.51292546,-11.51292546,-7.627461,-0.002460914,-6.752461,4
-11.51292546,-11.51292546,-8.753566,-0.003565501,-5.7535653,5
-11.51292546,-11.51292546,-7.627461,-0.002460914,-6.752461,5
-11.51292546,-11.51292546,-0.57733816,-0.82733816,-11.51292546,5
-11.51292546,-11.51292546,-0.47734585,-0.9773458,-11.51292546,5
-11.51292546,-11.51292546,-0.38790238,-1.1379024,-11.51292546,5
-11.51292546,-11.51292546,-11.51292546,-0.012512242,-4.387512,5
-11.51292546,-11.51292546,-10.510468,-0.01046782,-5.260468,4
-11.51292546,-11.51292546,-9.627737,-0.002736759,-6.5027366,4
-7.2524147,-0.002414658,-6.6274147,-11.51292546,-11.51292546,2
-5.7536416,-0.003641407,-7.8786416,-11.51292546,-11.51292546,4
-6.3774576,-0.002457699,-7.5024576,-11.51292546,-11.51292546,3
-11.51292546,-10.6429615,-0.14296183,-2.1429617,-11.51292546,3
-11.51292546,-11.08803,-0.21302962,-1.7130296,-11.51292546,5
-11.51292546,-10.509553,-0.13455303,-2.134553,-11.51292546,4
-11.51292546,-11.51292546,-1.7258058,-0.2258057,-11.51292546,4
-11.51292546,-11.51292546,-2.8223608,-0.07236081,-11.51292546,5
-11.51292546,-11.51292546,-0.70484227,-0.70484227,-11.51292546,3
-11.51292546,-11.51292546,-6.5018907,-0.001890792,-8.751891,3
-11.51292546,-11.51292546,-5.2561917,-0.006191731,-9.881191,5
-11.51292546,-11.51292546,-5.5046225,-0.004622372,-9.754622,5
-11.51292546,-11.467802,-0.84280175,-0.59280175,-10.967802,3
-11.51292546,-11.22254,-0.84753966,-0.59753966,-10.72254,5
-11.51292546,-9.050559,-0.30055928,-1.5505593,-11.050559,4
-11.51292546,-10.0638275,-0.31382707,-1.313827,-11.51292546,5
-11.51292546,-10.077302,-0.20230162,-1.7023016,-11.51292546,4
-11.51292546,-9.637422,-0.38742203,-1.1374221,-11.51292546,4
-11.51292546,-11.51292546,-0.16370331,-1.9137033,-11.51292546,5
-11.51292546,-11.51292546,-0.48861334,-0.98861337,-11.51292546,4
-11.51292546,-11.51292546,-0.31625175,-1.3162518,-11.51292546,5
-11.51292546,-11.51292546,-4.0202208,-0.02022056,-8.645221,5
-11.51292546,-11.51292546,-3.289424,-0.03942397,-9.164424,5
-11.51292546,-11.51292546,-2.8134303,-0.06343026,-9.93843,4
-11.51292546,-4.513571,-0.013570637,-6.013571,-11.51292546,5
-11.51292546,-5.5087357,-0.008735589,-6.5087357,-11.51292546,4
-11.51292546,-4.760635,-0.010634968,-6.260635,-11.51292546,5
-11.51292546,-11.51292546,-1.5055351,-0.2555351,-11.505535,5
-11.51292546,-11.51292546,-1.5071703,-0.25717035,-11.132171,4
-11.51292546,-11.51292546,-1.7069246,-0.2069246,-11.081924,5
-11.51292546,-11.51292546,-2.3524609,-0.102460794,-11.227461,4
-11.51292546,-11.51292546,-4.7602267,-0.010226892,-9.010227,5
-11.51292546,-11.51292546,-4.7606115,-0.010611612,-9.385612,4
-11.51292546,-5.755803,-0.005803302,-8.755803,-11.51292546,5
-11.51292546,-5.7535963,-0.003596387,-8.753596,-11.51292546,4
-11.51292546,-6.8776317,-0.002631662,-7.7526317,-11.51292546,3
-11.51292546,-11.51292546,-3.5300815,-0.030081488,-11.51292546,4
-11.51292546,-11.51292546,-3.5307598,-0.030759918,-11.51292546,5
-11.51292546,-11.51292546,-3.2889292,-0.038929224,-11.51292546,5
-11.51292546,-11.51292546,-2.129746,-0.12974606,-11.004746,3
-11.51292546,-11.51292546,-1.5399158,-0.2899158,-11.164916,5
-11.51292546,-11.51292546,-1.725815,-0.22581512,-11.475815,5
-11.51292546,-11.205207,-0.2052072,-1.7052072,-11.51292546,5
-11.51292546,-11.47946,-0.47946,-0.97946,-11.51292546,4
-11.51292546,-11.51292546,-0.39439797,-1.144398,-11.51292546,5
-11.51292546,-7.146574,-0.021573992,-4.271574,-11.51292546,3
-11.51292546,-7.812492,-0.062491797,-3.062492,-11.51292546,5
-11.51292546,-7.6492643,-0.024264209,-3.774264,-11.51292546,4
-11.51292546,-9.960155,-0.33515435,-1.3351543,-11.51292546,5
-11.51292546,-9.5544615,-0.4294614,-1.1794614,-11.1794615,4
-11.51292546,-9.816189,-0.44118923,-1.1911893,-11.51292546,5
-11.51292546,-11.51292546,-2.5868802,-0.08688012,-10.58688,4
-11.51292546,-11.51292546,-2.8158407,-0.06584078,-10.190841,5
-11.51292546,-11.51292546,-3.2945635,-0.04456361,-9.794563,4
-11.51292546,-8.905576,-0.03057575,-3.5305758,-11.51292546,5
-11.51292546,-7.387463,-0.012463272,-4.512463,-11.51292546,4
-11.51292546,-8.905576,-0.03057575,-3.5305758,-11.51292546,3
-11.51292546,-11.51292546,-1.915958,-0.16595803,-11.51292546,2
-11.51292546,-11.51292546,-1.915958,-0.16595803,-11.51292546,4
-11.51292546,-11.51292546,-2.5795608,-0.0795607,-11.20456,3
-11.51292546,-11.51292546,-3.7740335,-0.024033569,-11.51292546,4
-11.51292546,-11.51292546,-2.857704,-0.107703894,-11.51292546,5
-11.51292546,-11.51292546,-4.2651873,-0.015187137,-11.51292546,3
-11.51292546,-11.51292546,-1.9120953,-0.16209534,-8.412095,3
-11.51292546,-11.51292546,-1.3143095,-0.31430948,-9.564309,5
-11.51292546,-11.51292546,-1.3143404,-0.31434038,-9.189341,4
-11.51292546,-11.51292546,-1.5024896,-0.25248954,-11.51292546,4
-11.51292546,-11.51292546,-0.9794524,-0.47945234,-11.51292546,5
-11.51292546,-11.51292546,-0.9794524,-0.47945234,-11.51292546,5
-11.51292546,-11.51292546,-5.0074263,-0.007426195,-8.007426,4
-11.51292546,-11.51292546,-4.511183,-0.011182811,-9.386183,2
-11.51292546,-11.51292546,-5.256886,-0.006886227,-8.0068865,3
-11.51292546,-11.51292546,-3.552335,-0.052334964,-11.302335,4
-11.51292546,-11.51292546,-3.552335,-0.052334964,-11.302335,5
-11.51292546,-11.51292546,-2.8338485,-0.08384854,-11.083849,4
-11.51292546,-11.51292546,-7.7516456,-0.001645668,-6.7516456,3
-11.51292546,-11.51292546,-8.752266,-0.002265874,-6.252266,5
-11.51292546,-11.51292546,-8.752266,-0.002265874,-6.252266,4
-11.51292546,-8.89041,-0.015410893,-4.765411,-11.51292546,3
-11.51292546,-8.011401,-0.011401116,-6.011401,-11.51292546,4
-11.51292546,-8.011401,-0.011401116,-6.011401,-11.51292546,4
-11.51292546,-11.51292546,-5.255842,-0.005842065,-9.005842,5
-11.51292546,-11.51292546,-6.0035734,-0.003573342,-8.128573,5
-11.51292546,-11.51292546,-5.255842,-0.005842065,-9.005842,3
-11.51292546,-8.648466,-0.023465933,-5.273466,-11.51292546,3
-11.51292546,-8.010204,-0.01020459,-5.010205,-11.51292546,5
-11.51292546,-8.648466,-0.023465933,-5.273466,-11.51292546,4
-11.51292546,-11.51292546,-0.28990465,-1.5399046,-11.51292546,3
-11.51292546,-11.51292546,-0.6210593,-0.8710593,-11.51292546,5
-11.51292546,-11.51292546,-0.28990465,-1.5399046,-11.51292546,5
-11.51292546,-7.8322253,-0.08222526,-2.5822253,-11.51292546,4
-11.51292546,-7.8322253,-0.08222526,-2.5822253,-11.51292546,5
-11.51292546,-7.8322253,-0.08222526,-2.5822253,-11.51292546,5
-11.51292546,-9.177427,-0.052426822,-3.8024268,-11.51292546,3
-11.51292546,-7.7597184,-0.009718426,-5.5097184,-11.51292546,5
-11.51292546,-9.954336,-0.079336084,-2.5793362,-11.51292546,5
