Model,Dataset,Dimension,Type,MSE,MSE,RMSE,RMSE,MAE,MAE,Spearman,Spearman,Kendall,Kendall,Pearson,Pearson
,,,,mean,std,mean,std,mean,std,mean,std,mean,std,mean,std
4omini,Summeval,consistency,continuous_R2CCP,0.5104804854166667,0.05691884538601629,0.7134263172178982,0.03943622504456874,0.43247083333333336,0.047111581636383286,0.4553907832666017,0.028516869756789666,0.3707650380901073,0.02318585679500406,0.6610669166661823,0.03582904639671836
4omini,Summeval,consistency,discrete_R2CCP,0.5124284802083333,0.057502931823064,0.7147693883451767,0.039825503347625545,0.428370625,0.05501885222920966,0.5056397277943739,0.04522448577236631,0.4675478596462523,0.04373126341182608,0.6596281629676237,0.036116970247196435
4omini,Summeval,coherence,continuous_R2CCP,0.7910540959821428,0.04202506936997155,0.8891026664643188,0.02389424625384965,0.7164348214285715,0.01773434783841702,0.5115451682231079,0.027542618151483098,0.3727087730765851,0.020361610528550525,0.5184008760705096,0.029553017157691496
4omini,Summeval,coherence,discrete_R2CCP,0.7944622901785714,0.042102555251041666,0.8910179431667722,0.023867554092695767,0.7154897321428572,0.017736108463925065,0.5082099721684494,0.027639709081736595,0.3857910509255258,0.021419280540436795,0.5156745285650991,0.029500569257418223
4omini,Summeval,fluency,continuous_R2CCP,0.44246648020833335,0.03656840404227651,0.6646350722000133,0.027418236003329426,0.49130729166666665,0.043784920887212954,0.3297036183724871,0.023088506663983842,0.26098582050924674,0.018740139242410702,0.482741073270201,0.0491761373844075
4omini,Summeval,fluency,discrete_R2CCP,0.44343863541666667,0.03634414703864365,0.6653735998107213,0.027227168700337156,0.4878608333333333,0.044712649299314663,0.33562129611497116,0.026658894462487197,0.30041510976540897,0.024292658138944642,0.4785643873533799,0.047241727828386385
4omini,Summeval,relevance,continuous_R2CCP,0.41801817604166663,0.015000744945951577,0.6464429622921712,0.011582055588016492,0.508748125,0.010719551298338703,0.5458977667008038,0.02094967295387013,0.40331346542132995,0.016601621981596155,0.5916292245645796,0.020727750016208357
4omini,Summeval,relevance,discrete_R2CCP,0.422524078125,0.01626916899319812,0.6499022462504873,0.012504417574061608,0.5086268749999999,0.01154939636684866,0.540436284881068,0.023104842458389226,0.4230023128870666,0.020085474099259634,0.586060787646418,0.02147560214100466
4omini,Dialsumm,consistency,continuous_R2CCP,0.39139014449213166,0.022843500517270916,0.6253532715525564,0.01835501324134256,0.48862174535050074,0.01376324511763611,0.6876729860525878,0.023145520588366223,0.532322696747132,0.02087936157291953,0.7969733180486931,0.011334954342425976
4omini,Dialsumm,consistency,discrete_R2CCP,0.39546419599427757,0.02410339270233656,0.6285759272548074,0.019270542881683513,0.48892160228898424,0.014145141165328862,0.6840579523464827,0.02264248579316491,0.5532965355677077,0.020594639561342266,0.7942964744138955,0.011741531813777724
4omini,Dialsumm,coherence,continuous_R2CCP,0.34429591190476194,0.017924497858142346,0.5865742953249035,0.015307468388678839,0.4542157142857143,0.01165573623552447,0.39626908021252655,0.029205860309547475,0.29983184297570403,0.022497123490838798,0.4235457862970609,0.030362009181110764
4omini,Dialsumm,coherence,discrete_R2CCP,0.34810609285714283,0.018080755918240793,0.5898124400676921,0.015336852120642884,0.45262142857142856,0.012063478450068653,0.38524824152024106,0.030486772965318352,0.3129678810229489,0.025714468470442314,0.41448517945315455,0.029846422835769024
4omini,Dialsumm,fluency,continuous_R2CCP,0.17343280820105822,0.015407394867782441,0.41606436046367506,0.018321819832462376,0.3085828042328042,0.016037371271896,0.43311529340889793,0.021915960383673584,0.34022731591303174,0.017502716133270892,0.5860091746006196,0.03702244323517041
4omini,Dialsumm,fluency,discrete_R2CCP,0.17824848809523808,0.01598282644293813,0.4217912551985102,0.01880760750252,0.3091373015873015,0.016213479712422596,0.4181474036775246,0.021176066661609,0.36441749724666717,0.018085965138871715,0.576671730795013,0.03542024286432314
4omini,Dialsumm,relevance,continuous_R2CCP,0.33766463170635314,0.015541592692915766,0.5809398138203192,0.013407578238518783,0.445186493429503,0.010690492272667121,0.716213476543552,0.017916569887306465,0.5628591956034679,0.01694155432626466,0.786205856529048,0.012588313014057726
4omini,Dialsumm,relevance,discrete_R2CCP,0.3416083996146626,0.017063336161905723,0.584295712439513,0.01463933198182257,0.44607079339986166,0.011356896405035469,0.7135883055686555,0.018858022529627254,0.5843382256546241,0.018969633661258048,0.78319576004005,0.01309957332010828
4omini,GEval,cosmos,continuous_R2CCP,2.0348452891156463,0.19021351108707588,1.4249807392414289,0.0665026463559333,1.222843537414966,0.06614364426531101,0.36631443758007626,0.07690901041235441,0.2818840414590565,0.06072272932127919,0.35856758396898214,0.08576927875147004
4omini,GEval,cosmos,discrete_R2CCP,2.044345238095238,0.19604911715627987,1.4282213861103026,0.06844764185054862,1.2195578231292517,0.06892781460671972,0.3484801262210389,0.08414768105588219,0.2926617247452673,0.06827901980644863,0.3463607139234799,0.09201444191932857
4omini,GEval,drop,continuous_R2CCP,1.5089013333333334,0.17102859841172705,1.2265866521496263,0.0673630265545704,1.0335809523809525,0.07560901316124591,0.45819287441933265,0.07259953967499104,0.3531373782081394,0.05811088030768518,0.5209568631596732,0.0716768753712601
4omini,GEval,drop,discrete_R2CCP,1.5262103174603174,0.18533829482371475,1.2333599361797793,0.07216063465196282,1.024047619047619,0.08529442415040177,0.468508387011527,0.09036183319058887,0.4022479116110185,0.07817255109851105,0.5078613488830066,0.08724965661221366
4omini,GEval,esnli,continuous_R2CCP,1.0450959917153997,0.18608863253826374,1.0188928637523538,0.08497505189715605,0.86510477582846,0.07882085692359173,0.23857545766287475,0.09220154747915023,0.18932378594785657,0.07374234979634949,0.23462485161880725,0.09291463981631876
4omini,GEval,esnli,discrete_R2CCP,1.0606420565302146,0.19467558661939988,1.0262472501488984,0.08800857224092537,0.8544103313840156,0.08336070412544236,0.23130576835765904,0.10954594846835707,0.20582118650743308,0.09847542176135915,0.22235427778138167,0.113021053633412
4omini,GEval,gsm8k,continuous_R2CCP,2.3073855999999995,0.317119044212464,1.5155099276663804,0.10479171037550251,1.2820066666666667,0.17559171723324404,0.49334762050379105,0.09737350560865393,0.39602965597319156,0.07447513958562312,0.5105290352074029,0.10308280330181768
4omini,GEval,gsm8k,discrete_R2CCP,2.3173125,0.3191998663651036,1.5187916523501326,0.10463936467476366,1.2774166666666666,0.17343696476566478,0.5012554625563369,0.10834754011307537,0.4336001596966639,0.09154773011233219,0.5052784234056535,0.10705488269891945
4omini,SocREval,cosmos,continuous_R2CCP,1.9041174914965988,0.22912460722983227,1.3774965927868847,0.08275823757595333,1.1704574829931973,0.07125687301243067,0.42961147517385956,0.07663455465012495,0.33045787565126117,0.06107334394585754,0.42463261783351053,0.08146534664557238
4omini,SocREval,cosmos,discrete_R2CCP,1.9167729591836735,0.24674059421494218,1.3817473142929066,0.08836046058331787,1.1648809523809522,0.07417644504456561,0.4149583981279897,0.08474509585802628,0.3476418809596093,0.07196885889876971,0.4133794323853023,0.08230744399778481
4omini,SocREval,drop,continuous_R2CCP,1.560188388888889,0.2602243094727485,1.245048030163699,0.10193198277002799,1.016773015873016,0.11874260083015362,0.4953842512327581,0.07899345961182853,0.3855302419390375,0.06236144827184465,0.5158178621700593,0.09085011143297128
4omini,SocREval,drop,discrete_R2CCP,1.577797619047619,0.2780848025173569,1.2515927086278427,0.1081823688097197,1.0126190476190478,0.12676180421645233,0.4928700390876005,0.10835022776171616,0.4213591862048578,0.09170047833868568,0.5028595413507616,0.11059315560765134
4omini,SocREval,esnli,continuous_R2CCP,0.7250437012670565,0.12617713329094005,0.8485265520568043,0.07239118531245466,0.7157188109161794,0.0700958098569771,0.5092539112407231,0.0800463672957137,0.4083297944741221,0.06640313816494102,0.5795667724641431,0.07019614322591934
4omini,SocREval,esnli,discrete_R2CCP,0.7531067251461989,0.13387311045560837,0.8646874249732915,0.07503955891598545,0.7112573099415204,0.07741605584644441,0.5049544023689316,0.07575045245546887,0.4528158171738324,0.07207024795309336,0.5548694608139195,0.07755311155357401
4omini,SocREval,gsm8k,continuous_R2CCP,2.0609226083333336,0.3749086177836039,1.430035836896159,0.12833192493673554,1.1544616666666665,0.2853050314661223,0.5692833286804878,0.06216285733227112,0.4701615520906452,0.05334328445659326,0.6098626800983323,0.08122995598558617
4omini,SocREval,gsm8k,discrete_R2CCP,2.0947916666666666,0.3605568958481839,1.442241643248987,0.12344498626064597,1.1435,0.29786278951777506,0.5888363828504364,0.07091101560369462,0.5269865753109861,0.06500546404146998,0.6036044143683073,0.08640403596595814
dsr1,Summeval,consistency,continuous_R2CCP,0.5637187834051725,0.06092738396189702,0.7497755470648216,0.04013680197407613,0.44599375,0.027324894212969988,0.4452765523761212,0.04529905188309621,0.36107497119565024,0.03627540496529662,0.6099770118362763,0.054667333927301866
dsr1,Summeval,consistency,discrete_R2CCP,0.5657230959051724,0.061631366168170845,0.7510931659978939,0.040480332524636585,0.4406002155172414,0.036110911754974474,0.4615024489062864,0.055169508115311176,0.42292513079775174,0.049708068606493634,0.6082503153418544,0.05421173634988328
dsr1,Summeval,coherence,continuous_R2CCP,0.5993336422413794,0.023294370644251074,0.774025313842399,0.015041867052725552,0.6193646551724138,0.01133534496222156,0.6633803178193413,0.01799520532831497,0.4920249440808967,0.014837572241704669,0.6667297800887667,0.019835195390677417
dsr1,Summeval,coherence,discrete_R2CCP,0.602274551724138,0.0235768039735669,0.7759202448795299,0.015174501635286688,0.618876724137931,0.011387184763228215,0.6613635754479054,0.01777448977692927,0.5081590072728934,0.014807819923583836,0.6643419039558026,0.01973736343184169
dsr1,Summeval,fluency,continuous_R2CCP,0.37336588750000005,0.03210003008324243,0.6105050749807,0.02591978852903216,0.4552879166666666,0.04158466248408456,0.3914251725393447,0.024737668632328996,0.31057902070581117,0.019869788039145006,0.5949912735468881,0.028101023530286165
dsr1,Summeval,fluency,discrete_R2CCP,0.3753438145833333,0.03130113178225795,0.6121549965115897,0.02512194045661677,0.4537016666666666,0.0440994485562683,0.39328477187625105,0.02769812980788769,0.35138082610051585,0.024855919871796826,0.5921044714060169,0.027092059515890148
dsr1,Summeval,relevance,continuous_R2CCP,0.43073704583333333,0.017268050527984444,0.656175907958362,0.013270019944605763,0.5128220833333333,0.010814556154572505,0.5546659346952397,0.018978999368270338,0.4119321266858641,0.015048837528124675,0.576044549768016,0.02106475276059392
dsr1,Summeval,relevance,discrete_R2CCP,0.4343487020833333,0.018448672565528217,0.658905743301725,0.01409047834536644,0.5120625,0.011708336465107789,0.5477110974728834,0.018990828603662108,0.43063124799165764,0.01690113614220677,0.5714390545404568,0.02205358082148264
dsr1,Dialsumm,consistency,continuous_R2CCP,0.45139651147959187,0.024623212732591885,0.6716226774778591,0.018202295498073208,0.5087313775510204,0.013141084585335163,0.6680850712777044,0.01844834821759983,0.5123595765484643,0.015906011921261766,0.7581348098947946,0.012281023859190752
dsr1,Dialsumm,consistency,discrete_R2CCP,0.45492042602040816,0.02491531519217388,0.6742379381664295,0.01831979824581868,0.5079765306122449,0.013176418481334324,0.6649894813339042,0.016544567964137624,0.5339671236570612,0.014547718535971137,0.7558344407568877,0.011381374960970856
dsr1,Dialsumm,coherence,continuous_R2CCP,0.2107408238095238,0.012226224494242478,0.4588770597362663,0.013364951229558298,0.3484938095238095,0.008749505009289197,0.6268560789039732,0.021074855199228457,0.48787793134155144,0.017654595287513314,0.7041808618854443,0.017347047261348555
dsr1,Dialsumm,coherence,discrete_R2CCP,0.21483222857142856,0.012811319609214781,0.46329984034889043,0.013852169161189795,0.347127619047619,0.009585298334990515,0.6150242392984436,0.02358149581404265,0.511251023642848,0.02131979087511571,0.6973575197559859,0.01745956956335552
dsr1,Dialsumm,fluency,continuous_R2CCP,0.1845761111111111,0.012303204871963251,0.42939062684204826,0.014404351192509995,0.3148910052910053,0.009259506886914926,0.4597910137018528,0.02401651236450477,0.3560114504374723,0.019091708683752942,0.5397850338605445,0.02631254558099266
dsr1,Dialsumm,fluency,discrete_R2CCP,0.18835765211640212,0.012647296252026286,0.43376427648372307,0.014633369662635948,0.31405105820105816,0.009186578946816371,0.45478788778745305,0.03250653111360353,0.38886746936002536,0.029429570513845142,0.53146190718207,0.027478027774577116
dsr1,Dialsumm,relevance,continuous_R2CCP,0.34816113137755106,0.01444082908318284,0.5899298202801482,0.012217592976746412,0.44974974489795916,0.009023636443903414,0.7212417720055111,0.01715821047428558,0.5634934117184028,0.015151594059415806,0.7747077810891413,0.0122556846168011
dsr1,Dialsumm,relevance,discrete_R2CCP,0.35236797448979595,0.015048942098948727,0.5934759185539384,0.012650048188955123,0.45004795918367346,0.010162319961680174,0.7158576866247023,0.018797373094429713,0.580726720943103,0.017736817189979312,0.7712443877071927,0.012736151273967515
dsr1,GEval,cosmos,continuous_R2CCP,1.9307938775510205,0.1826822387281547,1.387975854686174,0.0668263655319696,1.1721768707482993,0.07881358095878815,0.43995195711534374,0.07252621458696648,0.3438883008653499,0.05646324411814214,0.41196000350362283,0.07799168119325345
dsr1,GEval,cosmos,discrete_R2CCP,1.9364795918367348,0.197488844495537,1.3897535598731074,0.07238285177534122,1.1654761904761906,0.08531229389091244,0.4069391207157444,0.0974497510656749,0.3446227224408337,0.07919777688249734,0.39306744191580323,0.0989271495322709
dsr1,GEval,drop,continuous_R2CCP,1.4846930634920634,0.1520991369739669,1.2169194703639148,0.0626985079947256,1.0030222222222223,0.06175482629858118,0.4912260967621511,0.05352578604446096,0.37967911568563384,0.041485901489673675,0.5343021714033773,0.04934471324734286
dsr1,GEval,drop,discrete_R2CCP,1.5177777777777777,0.17115937211959217,1.2300350766483479,0.07040391833093813,0.9990476190476191,0.06729007140893609,0.47757508455685754,0.055768444223091004,0.40606313635302765,0.047987905234391066,0.5208991927570424,0.055698777395035225
dsr1,GEval,esnli,continuous_R2CCP,0.904486220760234,0.18860713777348417,0.9466538393274277,0.0930226791341376,0.8024780701754386,0.09480613820226388,0.4227247903114445,0.10013053397495492,0.3341687754179192,0.0803533664314069,0.39486938235297475,0.10749996994109097
dsr1,GEval,esnli,discrete_R2CCP,0.9157529239766082,0.1880429278391798,0.9526502707695493,0.09233726030186937,0.7916666666666666,0.09897897946688042,0.40481192128679166,0.09157188177515924,0.35468533342833897,0.08104149672038205,0.3784689239693543,0.10384823621727077
dsr1,GEval,gsm8k,continuous_R2CCP,2.2321269333333333,0.26903911106958384,1.4913746981417442,0.09056399761925914,1.28311,0.1495467879732074,0.5398055218991452,0.07111069642861162,0.4319128099339903,0.05842374189277336,0.5562156038163952,0.054659599995852674
dsr1,GEval,gsm8k,discrete_R2CCP,2.2564374999999997,0.28843070634021234,1.499162780139059,0.09621344077224843,1.28125,0.1519595425967283,0.5392843520876673,0.05359040854956097,0.4717897773962148,0.0447993232544618,0.5453689258861619,0.05930824417852066
dsr1,SocREval,cosmos,continuous_R2CCP,1.8532169132653062,0.18381398909090665,1.3597251709016107,0.06719277117747839,1.1508316326530612,0.08054524374880381,0.4677305926775282,0.049590857586558644,0.361585683250822,0.037000844347389275,0.463031881644204,0.06589826473074267
dsr1,SocREval,cosmos,discrete_R2CCP,1.8751488095238096,0.19635642040223425,1.367547443901718,0.07165144223362882,1.1460034013605442,0.08685797457763814,0.44893942579196894,0.1053309417433113,0.3811655034006496,0.08905904115908683,0.44697567589280035,0.10318648802455573
dsr1,SocREval,drop,continuous_R2CCP,1.264137261904762,0.16504099594959115,1.1221279233302133,0.07167589110893845,0.9136079365079366,0.06913940525625661,0.6021866304069018,0.05003445492430119,0.4760858703984811,0.04191628352727683,0.6326436219880291,0.05591940098697858
dsr1,SocREval,drop,discrete_R2CCP,1.2895238095238095,0.17171523195434835,1.1332581938793456,0.0736932752918572,0.906984126984127,0.07303324321596841,0.5946920269971824,0.06308411993251446,0.5152591269560676,0.05633781323371178,0.6188740419946142,0.06019280169905629
dsr1,SocREval,esnli,continuous_R2CCP,0.7165178728070175,0.12079066202020049,0.8437915352892413,0.06861553426199814,0.7078679337231969,0.06638403969806173,0.6145842204643455,0.05858009005195008,0.48977972606522674,0.05299727569077895,0.6095199627628584,0.06090188075433309
dsr1,SocREval,esnli,discrete_R2CCP,0.7343140838206628,0.12136294392179187,0.8542819413820302,0.06848472826076878,0.6952972709551657,0.0730333146935386,0.5798231521608966,0.056781614398967215,0.5171855979246246,0.055422884703896204,0.5838815328705782,0.0659678608506178
dsr1,SocREval,gsm8k,continuous_R2CCP,1.848708725,0.4750981711009268,1.3489989950398602,0.17293741058778395,1.0481583333333333,0.3252089246462037,0.5950729514515055,0.06681565392481333,0.47737949980554156,0.053915948131974,0.6775726868728501,0.10718207151567682
dsr1,SocREval,gsm8k,discrete_R2CCP,1.8908541666666667,0.48854718660337676,1.3643347630712983,0.17452839194531636,1.0450833333333334,0.33237551684112093,0.6368932160989981,0.13297874839414514,0.577416508493214,0.12553791181643006,0.6613778080518687,0.147415141842204
qwen,Summeval,consistency,continuous_R2CCP,0.46867570581896556,0.04588670312552524,0.6838068978748512,0.03350433601704891,0.3957631465517242,0.031580082944744646,0.46454307895728025,0.02884786885158629,0.3783069842996181,0.023060748682062177,0.6981487810605904,0.03542697747937778
qwen,Summeval,consistency,discrete_R2CCP,0.46896645043103447,0.04811746306381188,0.6839393265043909,0.035157804793371106,0.38658318965517247,0.03977069086464476,0.5376682420142974,0.04782139114801594,0.49767155552360576,0.04704265604733727,0.6975358224381242,0.03603881524891306
qwen,Summeval,coherence,continuous_R2CCP,0.6748812165948276,0.024530370110764,0.8213812254463425,0.014891120668845115,0.6594459051724137,0.013031078950986643,0.6029644272565817,0.019548674662433145,0.44394388743811336,0.016386428130076704,0.6134418421351139,0.018919367826946722
qwen,Summeval,coherence,discrete_R2CCP,0.6775616659482759,0.024505988584134022,0.8230122563008182,0.014835124681041955,0.6587215517241379,0.01281243636593592,0.6004912482861243,0.020168165892276418,0.4563259594968846,0.017831708161677787,0.6115615454780794,0.019501801471469845
qwen,Summeval,fluency,continuous_R2CCP,0.4140670135416667,0.028811599712826937,0.6431104969195299,0.0221881210898655,0.4859222916666667,0.03427773860554166,0.3399768636373681,0.02376275174883688,0.26867085726243073,0.019217055272435328,0.5360603426666383,0.032637060054874906
qwen,Summeval,fluency,discrete_R2CCP,0.415914040625,0.028274851761990245,0.6445634599445105,0.021623424304437852,0.48456812499999996,0.032938602037361056,0.34151567365505525,0.02756943303887708,0.306445567096628,0.025761961407446344,0.5316363864290362,0.03167161540673715
qwen,Summeval,relevance,continuous_R2CCP,0.40681573125,0.018262692761465665,0.637665133595886,0.014344600551198874,0.5015758333333333,0.010313579845936432,0.570950367767907,0.016031723158590135,0.4253805827387421,0.013445454746294725,0.6076456911144551,0.019346179886300864
qwen,Summeval,relevance,discrete_R2CCP,0.4110858114583333,0.018064278224806992,0.6410094378843819,0.01411939244133509,0.501131875,0.010008103041120287,0.5655828715423658,0.01555097701208108,0.44361751410113587,0.014125028159386389,0.6024467969382928,0.01897188118517366
qwen,Dialsumm,consistency,continuous_R2CCP,0.37004838903061227,0.019859250434198995,0.6081076919630741,0.016211418205998755,0.46697525510204085,0.010979999594215624,0.736867124154662,0.014747339969267265,0.5769261988369944,0.013394992018690651,0.8070329659295062,0.010619945545375736
qwen,Dialsumm,consistency,discrete_R2CCP,0.3729557767857143,0.020520582258334023,0.6104814869519121,0.016675180593731208,0.4665757653061225,0.011240959639544114,0.7336118640623788,0.014454184443474804,0.5967526033600938,0.013344047557021479,0.8050853824657889,0.01083709577596147
qwen,Dialsumm,coherence,continuous_R2CCP,0.241075675,0.012852931699219793,0.4908245750290992,0.013140286074044128,0.38140071428571426,0.009815513283593902,0.5827693599306933,0.023156501486474468,0.44984120655691606,0.01837530086711157,0.6519975631277215,0.02098934599687113
qwen,Dialsumm,coherence,discrete_R2CCP,0.24502015833333332,0.013051723466249632,0.49482443859816905,0.013219628796765935,0.37964023809523806,0.009999617248715406,0.5736373340427328,0.023635589527340416,0.47146825253617447,0.020973891618193394,0.644485669001836,0.020308533697218908
qwen,Dialsumm,fluency,continuous_R2CCP,0.16931428174603175,0.014562531211871654,0.41111263735610126,0.017670478540218124,0.30556904761904763,0.009566261316365893,0.48866848679647734,0.019543721952052198,0.3799356902769176,0.016637017252794817,0.5940476812870555,0.03165094119420216
qwen,Dialsumm,fluency,discrete_R2CCP,0.17363670370370368,0.01608381206519005,0.41626756522129255,0.019281798818792086,0.30552063492063486,0.01024414856399259,0.48500025774652755,0.019220491372927383,0.41934287445497587,0.01819849829086151,0.5833168101018783,0.0323111034133516
qwen,Dialsumm,relevance,continuous_R2CCP,0.3110565522959184,0.013865619258405815,0.557590592754554,0.01244235402762423,0.4240364795918367,0.009353671624661738,0.7273281819662153,0.018063531295178726,0.5778348193456883,0.01686939591325033,0.8015443752501729,0.012677140825800228
qwen,Dialsumm,relevance,discrete_R2CCP,0.3152320127551021,0.014245823727370648,0.5613165120239972,0.012710465738532772,0.4239301020408163,0.009461445087759491,0.7217352057832461,0.018187532045561804,0.5941530010720396,0.017396539683388473,0.7982944693880726,0.012892398562084772
qwen,GEval,cosmos,continuous_R2CCP,1.992211530612245,0.20221144670221045,1.4096774650590076,0.0720701893299658,1.207125850340136,0.0792485676869129,0.4285567834569337,0.06900425987009656,0.32905091009128745,0.05443898255742361,0.39624489251269185,0.08238290451059045
qwen,GEval,cosmos,discrete_R2CCP,2.0044005102040816,0.22382765768287952,1.4136150042395172,0.07939293371443353,1.2000850340136053,0.08523321436547697,0.3903195728896139,0.08323608786154398,0.32694360871406775,0.0684186140542949,0.3838070216664377,0.09200842463088475
qwen,GEval,drop,continuous_R2CCP,1.788711753968254,0.5739102369565735,1.3205084038064947,0.21568489814448685,1.1243095238095238,0.20486261881412088,0.583779632181755,0.03905650535346314,0.4531075496577345,0.030801510537057743,0.6222001491929974,0.03319658085056181
qwen,GEval,drop,discrete_R2CCP,1.801309523809524,0.5645895607231564,1.3258628116540543,0.21188154257784825,1.120952380952381,0.2093916585786194,0.5729487693142344,0.03549172247478332,0.4865300023603415,0.03265740985202205,0.608293964187535,0.036665113862138485
qwen,GEval,esnli,continuous_R2CCP,0.7961806408382066,0.1107185242689816,0.8902721104733987,0.06111076768052305,0.7273318713450293,0.05503373591649728,0.4711983956221201,0.1210569144738659,0.3721393911821484,0.09271105551394213,0.4759016090001814,0.0807056345309845
qwen,GEval,esnli,discrete_R2CCP,0.8157590155945419,0.12199176457789011,0.9008341987417902,0.06648671736578703,0.7162524366471735,0.059968943618903876,0.45498278142758863,0.10848301871233185,0.40010189804764423,0.09593363707096544,0.4631785853644442,0.0843310104841834
qwen,GEval,gsm8k,continuous_R2CCP,2.02090585,0.2921405342939054,1.4180232495003475,0.10229730442639001,1.1741833333333331,0.1783633575004983,0.5657885473481664,0.06008543418274465,0.46012236483587715,0.05382827357229035,0.5965622976409747,0.05940283000709284
qwen,GEval,gsm8k,discrete_R2CCP,2.0437708333333333,0.29041468953918925,1.4260950553216043,0.10183011471413238,1.17325,0.18628763216207275,0.5784242758220219,0.06169264616453028,0.5112534789479543,0.061363045157870305,0.5886325547518341,0.06338312035253671
qwen,SocREval,cosmos,continuous_R2CCP,1.8973872789115647,0.14219095432190224,1.37652718235647,0.051463363051205156,1.1619183673469389,0.0630999242998989,0.4460977924938797,0.06509591157793279,0.3484745395923942,0.05153188575913707,0.4376948904498175,0.062090933224356805
qwen,SocREval,cosmos,discrete_R2CCP,1.910204081632653,0.1544791052413952,1.3810135350660289,0.05576147722048429,1.155612244897959,0.0696212489001034,0.44214675345809273,0.06210370182949992,0.3752137279100471,0.05417087254782795,0.42992733196947464,0.06232037981183063
qwen,SocREval,drop,continuous_R2CCP,1.3777551904761904,0.19709443427010645,1.1709281048876967,0.0831444339084872,0.9679968253968254,0.08400138225289946,0.5561888465797765,0.06288832303722731,0.45617156573156986,0.052166025656362504,0.5928050963935799,0.06223012409722156
qwen,SocREval,drop,discrete_R2CCP,1.4026388888888888,0.22677947485767466,1.1805853529376518,0.09572111062137174,0.9645238095238096,0.10062233047207617,0.5406938123752878,0.0796719005421249,0.4696079716639799,0.06824142788046227,0.5762724498482713,0.07312183404692096
qwen,SocREval,esnli,continuous_R2CCP,0.6085859892787524,0.16700784935523705,0.7743787004838927,0.0962643941128993,0.656384015594542,0.08562952251849304,0.5968918493341202,0.09702815016221272,0.48158341960942475,0.08112467057641459,0.6685887641599365,0.0952698826343449
qwen,SocREval,esnli,discrete_R2CCP,0.6316094054580896,0.17273057347202064,0.7885579852041636,0.10080715683130123,0.6524122807017544,0.08768397146275325,0.5952455738131573,0.10032414215354381,0.5328571362556709,0.09442952884286084,0.6505523837352281,0.09033171762488001
qwen,SocREval,gsm8k,continuous_R2CCP,1.8233830583333335,0.4641817253794004,1.3403619034108054,0.1665461297336914,1.063355,0.295023951204784,0.6480141935009487,0.08132366085850289,0.5564072700867201,0.07239651073873754,0.6723332169554187,0.09949420124985499
qwen,SocREval,gsm8k,discrete_R2CCP,1.8492291666666667,0.4642426304394988,1.3501491107572827,0.16502835301219018,1.0565833333333334,0.30433398405464795,0.6527569711462712,0.11858427042057139,0.5956675546210529,0.11089954495531151,0.6602923529232086,0.12113484151368727
