group,COT1,COT2,COT3,COT4,COT5
0_0,1.0187444725448516,3.0,3.0,3.0,3.0
0_1,2.5969031434787593,3.0,3.0,3.0,3.0
0_2,2.662971990699168,3.0,3.0,1.053825985496059,3.0
0_3,2.5799538163655793,3.0,3.0,3.0,3.0
0_4,3.193821274659468,3.3154886619118544,3.0,3.0,3.0
0_5,2.0986086571401668,2.2544266120492384,3.0,3.0,3.0
0_6,3.3146659632410613,3.345330211541982,3.0,2.9999999999999996,3.0
0_7,3.4113694211679806,3.0,3.0,3.0,3.0
0_8,2.9704418867335267,2.258732401566911,3.0,3.0,3.0
0_9,3.4374657787474643,3.4287366717226275,3.0,1.077279802374585,1.0677716013954195
0_10,3.66890728638847,3.0,3.0,3.0,3.0
0_11,3.562501933733195,3.0,3.0,3.0,3.0
0_12,3.7111006038729606,3.465471442298224,3.0,3.0,3.0
0_13,1.4984355887434546,2.9999999999999996,3.0,3.0,3.0
0_14,1.1370633114415323,1.0186897662714454,1.1172380935800703,3.0,3.0
0_15,2.978208906713349,3.0,3.0,3.0,3.0
1_0,1.131997803780955,1.0186957551775357,3.0,3.0,3.0
1_1,3.479198212605657,3.0,3.0,3.0,3.0
1_2,2.4580351090340824,3.0,3.0,3.0,3.0
1_3,2.642780449429988,3.4450704992776204,3.0,3.0,3.0
1_4,2.369603187996047,3.0,3.0,3.0,3.0
1_5,1.8775139847293418,2.20613395069675,2.9999999999999996,3.0,3.0
1_6,3.464360750790775,3.0,3.0,3.0,3.0
1_7,2.3131074850305864,3.0,3.0,3.0,3.0
1_8,1.0985293234484095,3.0,3.0,3.0,3.0
1_9,3.1094401714937163,3.0,3.0,3.0,2.9999999999999996
1_10,1.7618148378505742,1.1471020984787728,3.0,1.0691243272029933,3.0
1_11,3.715111486114256,3.0,3.0,3.0,3.0
1_12,2.49204770442502,3.1248714792601615,2.9999999999999996,3.0,3.0
1_13,1.1493274173210457,3.0,3.0,3.0,3.0
1_14,1.163364530516671,1.074256740256161,3.0,3.0,3.0
1_15,3.1594166369144188,3.9564832215843118,3.0,3.0,3.0
2_0,2.36480464919018,2.0109165400727886,3.0,3.0,3.0
2_1,3.590967727939475,3.0,3.0,3.0,3.0
2_2,3.345339678599056,3.3469044766370954,3.0,3.0,3.0
2_3,1.9870318312330018,1.043528142860097,3.0,3.0,3.0
2_4,3.2446449656342913,3.0,2.9999999999999996,3.0,3.0
2_5,3.181369683744435,3.0,2.9999999999999996,3.0,3.0
2_6,3.5236477432978273,3.4613033673093914,3.0,3.0,3.0
2_7,3.4545013788764845,3.0,3.0,3.0,3.0
2_8,2.9568900413983146,3.0,3.0,3.0,3.0
2_9,2.69194757640142,3.339888739419404,3.0,3.0,3.0
2_10,3.5858779248515344,3.0,3.0,3.0,3.0
2_11,3.4415465781210375,3.4320872139230874,3.000000000000001,3.0,3.0
2_12,3.207953624590024,3.0,3.0,3.0,3.0
2_13,3.1379274685443903,3.0,3.0,3.0,3.0
2_14,3.3281913520126194,3.0,3.0,3.0,3.0
2_15,3.1033488144234473,3.23892504083757,3.0,3.0,3.0
3_0,1.2603087611930561,1.0698675928097372,3.0,3.0,3.0
3_1,2.5905371571117497,3.0,3.0,3.0,3.0
3_2,3.027080372332364,2.40028142941616,3.0,1.0784461647332262,1.063584856126149
3_3,1.9622426528271995,2.138845323090815,3.0,1.0120220981415482,3.0
3_4,2.338228691777686,2.9999999999999996,3.0,1.04528041983778,3.0
3_5,1.9182851171620412,1.0933702255431665,3.0,3.0,1.0577056100313298
3_6,2.842942431215242,3.0,3.0,3.0,3.0
3_7,3.172170606216951,3.0,3.0,3.0,3.0
3_8,3.553972868438565,3.9291423371391065,3.0,3.0,3.0
3_9,2.1693309321665404,2.6547530905744914,3.0,1.0802407295205423,3.0
3_10,2.7322839989420347,2.9166376858554064,3.0,3.0,3.0
3_11,3.166224896068813,3.49373955809886,3.0,3.0,3.0
3_12,3.6931164119928277,3.6167502159367615,3.0,3.0,3.0
3_13,2.022405855220417,3.0,3.0,1.890234507462919,3.0
3_14,1.1999648941819672,1.0996088413866443,3.0,1.0318392690910758,3.0
3_15,2.673229968760345,3.526987066353131,3.0,3.0,3.0
4_0,1.9985082112287917,3.0,3.0,3.0,3.0
4_1,1.9002708733379399,3.0,3.0,3.0,3.0
4_2,1.9212367310489373,3.0,3.0,3.0,3.0
4_3,1.1902390610115838,3.0,3.0,3.0,3.0
4_4,2.082710753119401,3.0,3.0,3.0,3.0
4_5,2.6502559429340606,3.0000000000000004,3.0,3.0,3.0
4_6,2.8544897869619446,3.0,3.0,3.0,3.0
4_7,3.737559646147438,3.0,3.0,3.0,3.0
4_8,1.3198580828555795,1.035947145223486,3.0,1.1227547584039592,3.0
4_9,2.962851443642603,2.0442507673670836,3.0,3.0,1.1068955952041535
4_10,2.0353540139434565,3.0,3.0,3.0,3.0
4_11,1.8376390143551053,1.0762879831664087,3.0,3.0,3.0
4_12,3.57024519261981,3.0,3.0,3.0,3.0
4_13,1.457119056449466,3.0,3.0,1.0450477255722657,3.0
4_14,1.6328208744245145,3.0,3.0,3.0,3.0
4_15,2.424845408516636,3.0,3.0,3.0,3.0
5_0,1.6095299132045318,1.259811761020008,3.0,3.0,3.0
5_1,2.915669675893261,2.9999999999999996,3.0,3.0,3.0
5_2,3.4621643988775537,3.11784520376441,3.0,3.0000000000000004,3.0
5_3,3.1050150694425023,3.0193369113042285,3.0,3.0,3.0
5_4,3.294806930961321,3.4418418178864374,3.0,3.0,3.0
5_5,3.463704727932798,3.453033755904693,3.0,3.0,3.0
5_6,3.1729930915437867,3.336804764461181,3.0,3.0,3.0
5_7,3.2394026618251686,3.0,3.0,3.0,3.0
5_8,1.9546668055428564,3.0,3.0,3.0,3.0
5_9,3.25371510645149,3.433574662343314,3.0,3.0,3.0
5_10,3.426031166731464,3.0,3.0,3.0,3.0
5_11,3.7022676327648787,3.37015545417225,3.0,2.9999999999999996,3.0
5_12,3.625851083906226,3.0,3.0,3.0,3.0
5_13,2.741425552317653,2.3249847831252892,3.0,3.0,1.0551888022731057
5_14,3.2082268563853105,3.0,3.0,3.0,3.0
5_15,3.074879474990404,1.9790045956755375,3.0,3.0,3.0
6_0,1.8240811987399235,1.6319566921848099,3.0,1.0442281422649051,3.0
6_1,3.205406145620792,3.0,3.0,3.0,1.0524609367579845
6_2,3.2061772065567933,3.309392842409307,3.0,3.0,3.0
6_3,2.182956030557401,1.5806487711843413,3.0,3.0,3.0
6_4,3.0448509712141596,3.19461836762276,3.0,3.0,3.0
6_5,3.1591057881095974,3.0,3.0,3.0,3.0
6_6,3.0049247271510633,3.2894030198750484,3.0,3.0,3.0
6_7,2.830470585212659,3.43069011689475,3.0,3.0,3.0
6_8,1.1780390044222881,1.1135280864089012,3.0,3.0,3.0
6_9,1.7324140937171366,2.313317092283575,3.0,3.0,3.0
6_10,1.498610675344715,3.0,3.0,3.0,3.0
6_11,3.3661636310922978,3.2508032884069054,3.0,3.0,3.0
6_12,2.5497080761313864,3.0,3.0,3.0,3.0
6_13,1.1872348372556543,1.0489234106536836,3.0,3.0,3.0
6_14,1.548734440579134,2.112180884169198,3.0,1.0591372052235337,3.0
6_15,2.134216552940086,1.9690713290203874,3.0,3.0,3.0
7_0,2.8800818905118644,3.0,3.0,3.0,3.0
7_1,3.1462704661520067,3.345969826959457,3.0,3.0,3.0
7_2,3.1939798435981297,3.5246881698428627,3.0,3.4894018681591095,3.0
7_3,3.585830055452216,3.3024006543843014,3.0,3.000000000000001,3.495950751036677
7_4,2.5906992847822496,2.6983872643781637,3.0,1.5522316904673374,3.0
7_5,3.6154655275522716,3.439325652333564,3.0,3.0,3.0
7_6,3.638322104893464,3.527430097234247,3.0,3.0,3.0
7_7,3.0122186435210914,3.0,3.0,1.0501781652321023,3.0
7_8,3.2257125451953574,3.404983464366734,3.0,3.0,3.0
7_9,3.6531728178127527,3.0,3.0,3.0,3.0
7_10,3.330327431433902,3.2672615100506497,3.0,3.0,3.0000000000000004
7_11,3.585813200520642,3.0,3.0,3.0,3.0
7_12,3.4049544798646627,3.462735213614123,3.0,3.0,3.0
7_13,3.175945319334882,2.8649018087778413,3.0,3.0,2.6940418938064266
7_14,2.34590237797385,1.888070369010117,3.0,1.0588176320124398,3.0
7_15,3.0575950169115576,3.492844773851643,3.0,3.0,3.0
8_0,1.1278517583002514,3.0,3.0,1.0646477298833779,1.063054847529816
8_1,3.2450814369904557,3.4356240775743565,3.0,3.0,3.0
8_2,3.733078694632658,3.581385400412376,3.430274711039908,3.0,3.0
8_3,2.9343529665904886,3.43182967991887,3.0,1.1000613357630022,3.0
8_4,1.2979614258303525,2.0012863261942018,3.0,1.0322749334791677,3.0
8_5,3.690688734114282,3.0,3.0,3.372345654988289,3.0
8_6,3.6855129963717466,3.7274005877307457,3.0,3.5197426591808596,3.972089136757985
8_7,1.6289671295341719,2.2552016833044752,3.0,3.0,3.0
8_8,1.1308426159934717,1.1063977697493155,3.0,1.0402856251998942,3.0
8_9,3.0930024453914844,3.0,3.0,3.0,3.0
8_10,3.7460055485393644,3.556658110325389,3.0,3.0,3.0
8_11,3.7876309859439132,3.9656026630239007,3.0,3.4916295053192257,3.0
8_12,2.5816130127337544,3.430505358115119,3.0,3.0,3.0
8_13,1.3516909400563002,3.0,3.0,3.0,3.0
8_14,1.946911247268969,3.0,3.0,3.0,3.0
8_15,2.9408620811222184,3.0,3.0,1.0848688207652786,3.0
9_0,2.7893475669459256,1.058231744651574,3.0,1.0441135482293016,1.062026235275683
9_1,2.7745954706762332,1.0456252781424418,1.062423072493122,1.0404535195870677,3.0
9_2,3.235514950991629,2.9999999999999996,3.0,3.0,3.0
9_3,2.8112077831085287,3.0,3.0,3.0,3.0
9_4,2.3778698520407566,3.55983899629913,3.0,3.0,3.0
9_5,2.1112545352299597,3.0,3.0,1.0481662746009683,3.0
9_6,3.559823665377924,3.617769790559942,3.0,3.0,3.0
9_7,3.0272188604127788,3.312681045233171,3.0,1.0644298510709804,3.0
9_8,1.0423781915616552,1.014614881638233,3.0,1.0487689357991063,1.0445801827249188
9_9,2.9553093068113996,3.498043270359872,3.0,2.4216300446259464,3.0
9_10,3.4392121123088946,3.580470779714609,3.0,3.0,3.0
9_11,3.527505769721451,3.433976729719423,3.0,3.0,3.0
9_12,3.8301872698751724,3.4886662619473916,3.0,3.0,3.0
9_13,2.296340702847378,1.8275281464267608,3.0,1.03372109725295,3.0
9_14,2.8965208379853884,1.0350805451153522,3.0,1.0291464992990145,3.0
9_15,3.615663128405638,3.958488617066165,3.0,3.0,1.0547310554575056
10_0,1.0158220696845528,1.026370951904446,3.0,1.0348010716390175,3.0
10_1,1.2099931472822785,3.0,3.0,3.0,3.0
10_2,2.9083920526334337,3.0,3.0,3.0,3.0
10_3,1.790956318301162,3.0,3.0,3.0,3.0
10_4,1.4352047694487595,2.140150289218115,3.0,1.0633687368765348,3.0
10_5,2.438443475306333,2.2543132321331507,3.0,3.0,3.0
10_6,2.6888333804610953,3.370130389372426,3.0,3.0,3.0
10_7,2.9386055781853195,3.435781185517181,3.0,1.0625303444389724,3.0
10_8,1.3787768229520747,3.0,3.0,3.0,3.0
10_9,3.0854217336772343,3.4917401396249876,3.0,3.0,3.0
10_10,1.4482675753896423,1.1141206728322195,3.0,3.0,3.0
10_11,3.7834298979217245,3.4326696953991087,3.0,3.0,3.0
10_12,3.1809318985181605,3.4287390824705275,3.0,3.0,3.0
10_13,1.0006206562541367,1.0095240389317208,3.0,3.0,3.0
10_14,1.169076735718977,2.4551035523352076,3.0,3.0,3.0
10_15,1.0840766855958588,1.0585295626581646,3.0,3.0,3.0
11_0,1.0423580079053283,1.068450661599564,3.0,3.0,3.0
11_1,1.0631792455431608,1.0239245778101518,3.0,3.0,3.0
11_2,2.6092369475224686,1.0591494758589037,3.0,3.0,3.0
11_3,1.244991344679433,1.042495683439964,3.0,3.0,3.0
11_4,1.8707002003125643,2.007796312512237,3.0,1.036417763345908,1.0207877329476953
11_5,1.6310624843390924,1.2353665505473885,3.0,1.0720181082039477,3.0
11_6,2.908388400050285,3.4597695084867333,3.0,3.0,3.0
11_7,3.2818829673394387,3.5244992938953765,3.0,3.0,3.0
11_8,2.573924287526676,2.67352731627949,3.0,3.0,3.0
11_9,1.171686092082856,1.897616511888974,3.0,3.0,3.0
11_10,2.8267317977833133,2.374516576010703,3.0,1.0559966346516985,3.0
11_11,2.865823926495086,3.1640229230034027,3.0,3.0,3.0
11_12,3.080244025834069,3.0,3.0,3.0,3.0
11_13,1.2158743862315764,1.1507519078576007,3.0,1.0785005119614988,3.0
11_14,1.0453139088687478,1.0313864060301439,3.0,3.0,3.0
11_15,2.0386867622133433,1.174339924163263,3.0,3.0,3.0
12_0,2.4056253154074345,1.7435541901036518,3.0,3.0,3.0
12_1,3.3084759044047747,3.375469502578418,3.0,3.0000000000000004,3.0
12_2,3.6250292217331634,3.558543961478032,3.0,2.9999999999999996,3.0
12_3,3.207912202707418,2.9020313577283483,3.0,3.0,3.0
12_4,2.9789795809549804,3.2625603980195654,3.0,3.0,3.0
12_5,3.400541624684342,3.291192661387513,3.0,3.0,3.0
12_6,3.357763417610472,3.0,3.0,3.0,3.0
12_7,3.252578873485244,3.3352475795259156,3.0,3.0,3.0
12_8,1.9403627285577918,1.362979861742575,3.0,3.0,3.0
12_9,3.2592926103192763,3.378128709668392,3.0,3.0,3.0
12_10,3.281596967376814,3.460498516699717,3.0,3.0,3.0
12_11,3.5345982339713333,3.404651922661094,3.0,3.0,3.0
12_12,3.1585661526047977,3.1569185580199126,3.0,3.0,3.0
12_13,2.824103111118843,2.9999999999999996,3.0,3.0,3.0
12_14,1.6993926139186302,1.066364637606221,3.0,1.0338827396406067,3.0
12_15,2.6981837138483193,2.153089722407498,3.0,3.0,3.0
13_0,1.1695074832965262,1.0726923996333404,3.0,3.0,3.0
13_1,2.928095222264938,3.0,3.0,3.0,3.0
13_2,3.4486200524632604,3.905298054687709,3.0,3.0,3.0
13_3,3.0156858726123876,3.0531305729860154,3.0,3.0,3.0
13_4,2.48689169124623,1.066918993345224,3.0,3.0,3.0
13_5,2.5378856224488087,3.4332789316494368,3.0,3.0,3.0
13_6,3.603040919762136,3.1542994318626256,3.0,3.0,3.0
13_7,3.496723846269327,3.498086754850402,3.0,3.0,3.0
13_8,1.1914318772414594,3.0,3.0,1.041796145318612,3.0
13_9,3.67699178712598,3.5267160008382437,3.0,3.0,3.0
13_10,2.2924502908134317,3.404662727457516,3.0,3.0,3.0
13_11,3.0659150629824334,3.5287304902693535,3.0,3.0,3.0
13_12,3.460079166804988,3.0,3.0,3.0,3.0
13_13,2.8380060048120903,3.0,3.0,3.0,3.0
13_14,2.7127098016613385,3.0,3.0,3.0,3.0
13_15,3.326853817305847,3.0,3.0,3.0,3.0
14_0,1.3983061727745782,1.0295997629232145,3.0,1.03433550392713,3.0
14_1,2.3249070337938096,2.1999147164585575,3.0,3.0,3.0
14_2,3.3856407066782026,3.269994721429457,3.0,3.0,3.0
14_3,3.380210957646947,3.493792744938724,3.0,3.0,3.0
14_4,3.004010338829496,2.639341366486469,3.0,3.0,3.0
14_5,3.5060780576724295,3.5903996434081904,3.0,3.0,3.0
14_6,3.63911483513486,3.63683465590601,3.0,3.0,3.0
14_7,2.912363834471959,3.0,3.0,3.0,3.0
14_8,1.286155855239161,1.068234168793539,3.0,3.0,3.0
14_9,2.9226886554795977,3.4296183726443084,3.0,3.0,3.0
14_10,3.368338896954127,3.466515718169898,3.0000000000000004,3.0,3.0
14_11,3.6760434950539755,3.5780181157001585,3.0,3.0,3.0
14_12,3.570908173320079,3.0,3.0,3.0,3.0
14_13,2.004038128119242,2.8713330419020324,3.0,3.0,3.0
14_14,2.9174293909098004,3.0,3.0,3.0,3.0
14_15,3.0189446211413395,3.1646287468391554,3.0,3.0,3.0
15_0,3.4952585596141197,3.4028121930854485,3.0,3.0,3.0
15_1,3.5014245568790603,3.3957573116506827,3.0,3.0,3.0
15_2,3.4267985949280755,3.4966580663318507,3.0,3.0,3.0
15_3,3.652261993027068,3.9489163844382555,3.0,3.0,3.0
15_4,3.663808387357847,3.3684053469292183,3.0,3.0,3.0
15_5,3.916418791722899,3.616444888186718,3.0,3.0,3.976076650900149
15_6,3.7279974228878374,3.5224929360763206,3.0,3.0,3.0
15_7,3.6313720814926906,3.9439518649937217,3.0,3.0,3.0
15_8,2.6763461062283986,1.055654463872229,3.0,3.0,3.0
15_9,3.197039555644868,3.0,3.0,3.0000000000000004,3.0
15_10,3.2536496007115807,3.371624859322662,3.0,3.0,3.0
15_11,3.0776976136135312,3.371624859322662,3.0,3.0,3.0
15_12,3.390523153208848,3.5527721782830124,3.0,3.0,3.0
15_13,3.8423713651492672,3.430709213076375,3.0,3.0,3.0
15_14,3.4750805986451287,3.4918167593191454,3.0,2.999999999999999,3.0
15_15,2.7792925775537527,2.8514002222112955,3.0,3.0000000000000004,3.0
16_0,3.4112945186405623,3.4591010494206467,3.0,3.0,3.0
16_1,3.422470466358117,3.4930642263284875,3.0,3.0,3.0
16_2,3.092863643842003,3.434041477229721,3.0,3.0,3.0
16_3,4.118361414497084,3.885958116165542,3.0,3.0,3.0
16_4,3.535018200496717,3.705006358694802,3.0,3.0,3.0
16_5,3.490711960723021,3.529006081750569,3.0,3.0,3.0
16_6,3.7391329054991886,3.447381559248328,3.0,3.0,3.0
16_7,3.8805587863687214,3.972414961189111,3.0,3.0,3.0
16_8,3.9582084211801076,3.6666271899039087,3.0,3.9334115028908587,3.961519764331965
16_9,3.922450053781189,3.620700687002235,3.0,3.0,3.0
16_10,3.51583140349568,3.0,3.0,3.0,3.0
16_11,2.9499359859190633,3.556335173675089,3.0,3.0,3.0
16_12,3.995442066179554,3.7238709687888343,3.0,3.0,3.980003711880573
16_13,2.675172296329867,2.9999999999999996,3.0,3.0,3.0
16_14,3.8565284088009366,3.6092270573821588,3.0,3.0,3.0
16_15,3.2588685769869694,3.0,3.0,3.0,3.0
17_0,1.1030920152573522,3.0,3.0,3.0,3.0
17_1,1.6362670905729553,3.0,3.0,3.0,3.0
17_2,2.7788073261920396,3.0,3.0,1.0480792113815813,3.0
17_3,1.5810275806602503,3.0,3.0,3.0,3.0
17_4,3.1192630814387705,3.4304224666815557,3.0,1.0736079885675471,3.0
17_5,2.5836864621091262,3.0,3.0,3.0,3.0
17_6,2.986826192625203,3.0,3.0,3.0,3.0
17_7,3.0451677783537865,3.0,3.0,3.0,3.0
17_8,1.0079477311429828,3.0,3.0,3.0,3.0
17_9,3.347725832904877,3.5176741861841623,3.0,3.0,3.0
17_10,1.2342400789304637,3.0,3.0,3.0,3.0
17_11,2.911752757388544,3.0,3.0,1.0815483184924946,3.0
17_12,2.6606031172145848,1.9572638366785056,3.0,3.0,3.0
17_13,2.0173891797912025,3.0,3.0,3.0,3.0
17_14,1.581480090981466,3.0,3.0,3.0,3.0
17_15,3.0432868454737094,3.0,3.0,3.0,3.0
18_0,3.2765554355998163,2.1000261214947753,3.0,3.0,3.0
18_1,3.5792696007221627,3.661262197732997,3.0,3.0,3.0
18_2,2.647664275415916,2.9999999999999996,3.0,3.0,3.0
18_3,2.436723475472055,1.894839240346496,3.0,1.1049739558955423,3.0
18_4,2.572669878487092,1.894839240346496,3.0,3.0,3.0
18_5,2.4839687408013904,2.9999999999999996,3.0,3.0,3.0
18_6,3.1887711955546756,3.4637044187733927,3.0,3.0,3.0
18_7,3.782583898837264,3.551275673955407,2.9999999999999996,3.0,3.0
18_8,2.8142783335340806,3.0,3.0,1.0717660134537634,3.0
18_9,3.8450731435234076,3.5584467239339905,3.0,3.0,3.0
18_10,3.8142759788236344,3.7011646761922425,3.0,3.0,3.0
18_11,3.8751354618436444,3.5871419509893028,3.0,3.0,3.0
18_12,3.4412088686093996,3.6433648196263624,3.0,3.0,3.0
18_13,1.1874086648984559,1.894827680963097,3.0,1.048925976901211,3.0
18_14,3.4209113024928466,3.9532507448330327,3.0,3.0,3.0
18_15,2.5942907378443896,1.96414874027379,3.0,3.0,3.0
19_0,2.5141882833080755,3.1231459725922623,3.0,3.0,3.0
19_1,3.595896246099951,3.9823060734900864,3.0,3.0,3.0
19_2,3.533638387178014,3.7402975972494192,3.0,3.0,3.0
19_3,3.2429952527547448,3.4968734148359055,3.0,3.0,3.0
19_4,3.2924829395316886,3.0,3.0,3.0,3.0
19_5,2.9534416806469497,3.4046962797902767,3.0,3.0,3.0
19_6,3.7299197048261443,3.8007535682480618,3.0,3.0,3.0
19_7,3.58811058098775,3.560924946808141,3.0,3.0,3.0
19_8,2.977329568171299,3.0,3.0,3.0,3.0
19_9,3.5134589351997416,3.4961703241619118,3.0,3.0,3.0
19_10,3.312042025379711,3.49844081960354,2.999999999999999,3.0,3.0
19_11,3.677269247755124,3.7402975972494192,3.0,3.0,3.9842450957179536
19_12,3.414504950328711,3.4979371856920585,3.0,3.0,3.0
19_13,3.474731079680655,3.968358929113622,3.0,3.0,3.0
19_14,3.2136826858893075,3.0,3.0,3.0,3.0
19_15,3.1863430347863275,2.2124621869773016,3.0,3.0,3.0
20_0,3.034234558196043,2.7910309392315034,3.0,3.0,3.0
20_1,3.4940650612402266,3.5243944841618178,3.0,3.0,3.0
20_2,3.4231517041643866,3.892205344285895,3.0,3.0,3.0
20_3,3.3525506020501714,3.5594676025240273,3.0,3.313019625097447,3.0
20_4,3.4632574180141518,3.5325765628485843,3.0,2.0859986111598454,3.0
20_5,3.487888490855698,3.0,3.0,3.0,3.0
20_6,3.597805568767879,3.526506732727197,3.0,3.0,3.0
20_7,3.4627446274262303,3.0,3.0,3.0,3.0
20_8,1.1546692479599352,1.075050620427467,3.0,1.0264495389532948,3.0
20_9,3.5565816054385513,3.641961480364965,2.9999999999999996,3.0,3.0
20_10,3.414847253152217,3.235647330235086,3.0,2.9999999999999996,3.0
20_11,3.5598436331701824,3.6090754284330133,3.432163512661376,3.4602763854777736,3.0
20_12,3.5903387677303815,3.5215057243482097,3.0,3.0,3.0
20_13,3.5764797980208365,3.4410991872399173,3.0,3.0,3.0
20_14,3.421389892085055,2.9969003475390497,3.0,3.0,3.0
20_15,3.066448375602159,1.8209614687488371,3.0,1.0590649887750092,3.0
21_0,2.3945936657451528,3.0,3.0,3.0,3.0
21_1,3.2156999814708302,3.0,3.0,3.0,3.0
21_2,3.789465190613217,3.529307659736282,3.0,3.0,3.0
21_3,1.7087779916967851,1.1507609744457152,3.0,1.0219511748410395,3.0
21_4,1.0426521896802503,1.0140464833628424,3.0,1.0381984370444561,1.0426380300719829
21_5,3.274300003959763,3.4369002191885167,3.0,3.0,3.0
21_6,3.6630919272904454,3.647098095530102,3.0,3.0,3.0
21_7,3.6694740765422793,3.565002624395416,3.0,3.0,3.0
21_8,2.8569231020182237,3.0,3.0,3.0,3.0
21_9,3.299892074551233,3.4333464861598815,3.0,3.0,3.0
21_10,3.732498471873307,3.723462685114584,3.0,3.0,3.0
21_11,3.894310480982828,3.529306565685823,3.0,3.0,3.0
21_12,3.3508417186123913,3.5592914897337744,3.0,3.0,3.0
21_13,2.863145078391521,3.5265094782999165,3.0,3.0,3.0
21_14,2.1677702886598724,3.0,3.0,3.0,3.0
21_15,3.084917278184275,3.0,3.0,3.0,3.0
22_0,2.3123066805571,3.0,3.0,3.0,3.0
22_1,3.4235606602804896,3.0,3.0,1.1516248301497154,3.0
22_2,2.942741640114941,2.3812851777456143,3.0,1.0596386933073718,3.0
22_3,3.288174056106046,2.9999999999999996,2.9999999999999996,3.236746950532199,3.0
22_4,1.2135751319192782,2.3686033177474766,3.0,3.0,3.0
22_5,3.2158568600656894,2.8955072977889404,3.0,1.039148800418512,2.9999999999999996
22_6,3.2939462313992203,3.0,3.0,3.0,3.0
22_7,3.216857898768134,3.3426642497607992,3.0,3.0,3.0
22_8,1.0777477479333288,1.0915913992728832,3.0,1.0135804994415283,3.0
22_9,3.450315299209879,3.614343083424642,3.0,1.07062390249969,3.0
22_10,1.4661038665747606,1.0881590790200277,3.0,1.0593001014603265,3.0
22_11,3.2719320944299457,3.4336223999808957,3.0,3.0,3.0
22_12,1.5866862176256415,1.8592641561493384,3.0,3.0,1.0639648836905458
22_13,3.262913482884786,3.472259898251885,2.9999999999999996,3.000000000000001,3.0
22_14,2.806607407227898,3.0,3.0,1.177927684608961,3.0
22_15,2.3970805971332987,2.6655618415847395,3.0,1.0942745505218998,3.0
23_0,1.9772076168093942,3.0,3.0,1.0478476180554939,3.0
23_1,2.63204678364559,3.3606736055783104,3.0,3.0,3.0
23_2,1.9525621854358806,3.0,3.0,3.0,3.0
23_3,1.916887714480657,3.0,3.0,3.0,3.0
23_4,1.9908524075919058,2.516119629362692,3.0,1.1226909476690405,3.0
23_5,2.6021744693115347,2.9999999999999996,3.0,1.0838589187427132,3.0
23_6,3.342949563043082,3.374746060187963,3.0,3.0,3.0
23_7,3.3687407585831144,3.4339281896967635,3.0,3.0,3.0
23_8,1.8925450208629093,2.841616192077781,3.0,1.0802980196768575,3.0
23_9,3.2302469790312807,3.361617619340814,3.0,3.0,3.0
23_10,1.8564486303583847,2.9999999999999996,3.0,3.0,3.0
23_11,3.004482306242803,3.0,3.0,3.0,3.0
23_12,3.294602879299261,3.269900845455153,3.0,3.0,3.0
23_13,2.5947768198769223,3.0195375474960926,3.0,1.0600024216333657,3.0
23_14,1.5313128307570034,1.5623260000159707,3.0,3.0,3.0
23_15,2.7161569762410305,3.265139480331105,3.0,3.0,3.0
24_0,3.8786920371228812,3.9650626718417175,3.0,3.0,3.0
24_1,3.4938388673875704,3.9454438360369193,3.0,3.0,3.0
24_2,3.5389995075539487,3.46721674352942,3.0,3.0,3.0
24_3,3.5830841627171557,3.4359105855372643,3.0,3.0,3.0
24_4,3.746607829935151,3.6150406540089786,3.0,3.0,3.5509119778869813
24_5,3.5293758582460324,3.0,3.0,3.0,3.0
24_6,3.3250496598860666,3.793511544580714,3.0,3.0,3.0
24_7,3.605075468818688,3.0,3.0,3.0,3.0
24_8,2.8444927470745625,2.1368019556076994,3.0000000000000004,3.0,3.0
24_9,2.9356660178124514,1.6495172649163086,3.0,3.0,3.0
24_10,3.6012342203732057,3.0,3.0,3.0,3.0
24_11,3.750573832367923,3.0,3.0,3.0,3.0
24_12,3.333059607262117,3.465471628389839,3.0,3.0,3.0
24_13,3.549397435847357,3.0,3.0,3.0,3.0
24_14,2.7071300781150685,3.0,3.0,3.0,3.0
24_15,3.4135330523824785,3.0,3.0,3.0,3.0
25_0,2.8879158381127934,2.1110512412120648,3.0,3.0,3.0
25_1,3.4198107077667594,3.0,3.0,3.0,3.0
25_2,3.139710758233978,3.431385073283848,3.0,1.082765418802422,3.0
25_3,3.069716427013291,3.395402180935549,3.0,3.0,3.0
25_4,2.726882974041229,3.0,3.0,3.0,3.0
25_5,2.8570423774063824,3.946259917961937,2.9999999999999996,3.0,3.0
25_6,3.507022864252664,3.4917945300140105,3.0,3.0,3.0
25_7,3.5624470398042067,3.4622626613333707,3.0,3.0,3.0
25_8,1.5097534031021071,2.9999999999999996,3.0,1.085870880968703,3.0
25_9,3.4252094670418107,3.9255363079964734,3.0,3.0,3.0
25_10,3.1539982664717825,3.5386761190909968,3.0,3.0,3.0
25_11,3.138448524393576,3.4952373426355865,3.0,3.0,3.0
25_12,3.258784347955201,3.4491125040217248,3.0,3.0,3.0
25_13,3.725960582160628,3.516922015195577,3.0,3.0,3.0
25_14,3.2308960807286398,3.9414223390514187,3.0,3.0,3.0
25_15,3.1038488373801854,3.0000000000000004,3.0,3.0,3.0
26_0,1.0774896416217739,1.0364359626664434,3.0,3.0,3.0
26_1,3.089068588138644,3.0,3.0,3.0,3.0
26_2,3.6407930929885315,3.0,3.0,3.0,3.0
26_3,2.3794218741021873,3.0,3.0,1.0392935838560855,3.0
26_4,2.928708858431899,3.0,3.0,3.0,3.0
26_5,3.235778800161552,3.0,3.0,3.0,3.0
26_6,3.6101595969303846,3.4913677632324327,3.0,3.938698653095294,3.0
26_7,3.1667024598180666,3.0,3.0,3.0,3.0
26_8,1.058673091069918,3.0,3.0,3.0,3.0
26_9,3.5720348304659137,3.0,3.0,3.0,3.0
26_10,3.776140095749898,3.582138521981336,3.0,3.9221058044135475,3.0
26_11,3.555706571654056,3.0,3.0,3.0,3.0
26_12,3.301035134857926,3.616416698245282,3.0,3.0,3.0
26_13,1.321901390836816,3.0,1.084090255893811,3.0,3.0
26_14,1.5235089563487971,1.8449900915052406,3.0,3.0,3.0
26_15,3.23564742973719,3.42954591163166,3.0,3.0,3.0
27_0,3.025169379608507,3.0000000000000004,3.0,3.0,3.0
27_1,3.1513688238027746,3.3724009108759296,3.0,3.0,3.0
27_2,2.882117002595859,2.907787823819102,3.0,1.069540533302664,1.0501650628295809
27_3,1.8807872727870814,3.0,3.0,1.0861599403298483,3.0
27_4,2.951494445239122,3.0,3.0,3.0,3.0
27_5,3.1067875594639727,3.0,3.0,1.0362166047768482,3.0
27_6,3.0416252607082326,3.3722040678532177,3.0,3.0,3.0
27_7,3.0489029449447007,3.428982026641185,3.0,3.0,3.0
27_8,1.6688189922465273,1.7422137809325777,3.0,3.0,3.0
27_9,2.8577006849982167,3.0,1.0585964305398743,3.0,3.0
27_10,3.4983296172284524,3.323035544367756,3.0,3.0,3.0
27_11,3.464042114440595,3.323035544367756,3.0,3.0,3.0
27_12,2.0410111688068713,3.3863468433819537,3.0,3.0,1.0655398594574026
27_13,1.7930807997415283,2.4675276496077707,3.0,3.0,3.0
27_14,3.3194884888444633,3.0622122016607,3.0,3.0,3.0
27_15,3.1752913199440105,3.4509120519374457,3.0,3.0,3.0
28_0,1.3460952568341096,2.999999999999999,3.0,3.0,3.0
28_1,3.900850290496556,3.491527531835607,3.0,3.0,3.0
28_2,2.841800163011966,2.017781606502405,3.0,3.0,3.0
28_3,2.8667330635343333,3.0,3.0,3.0,3.0
28_4,1.7058229343175981,1.6876160602553214,3.0,3.0,3.0
28_5,3.7751968771171365,3.519724035108149,3.0,3.0,3.0
28_6,2.5295677446803992,2.8303778780275453,3.0,3.0,3.0
28_7,2.940542632484978,3.2111873059502023,3.0,3.0,3.0
28_8,1.2535488279966007,1.0780982427645769,3.0,3.0,3.0
28_9,3.3730538559941805,3.3735233178056427,3.0,3.0,3.0
28_10,2.841800163011966,1.971744188446373,3.0,3.0,3.0
28_11,3.8855806585813912,3.6467915550825576,3.0,3.0,3.0
28_12,3.3921999032635526,3.402565651834069,3.0,3.0,3.0
28_13,3.3239327721772205,2.523260381664901,3.0,3.0,3.0
28_14,1.145105793466181,3.0,3.0,1.0705240064389907,3.0
28_15,2.575566958214732,3.0000000000000004,3.0,3.0,3.0
29_0,2.3824078289877453,3.0,3.0,3.0,3.0
29_1,2.601639624700244,3.0,3.0,1.0570798788329232,3.0
29_2,3.7247557245148397,3.9641423644716722,3.0,3.0,3.0
29_3,2.783164808276097,3.4619623442793115,3.0,3.0,3.0
29_4,2.48135513274157,2.826147541854056,3.0,3.0,3.0
29_5,3.3730632314663214,3.0,3.0,3.0,3.0
29_6,3.182279719417546,3.398730815347024,3.0,3.0,3.0
29_7,3.7032402188297295,2.9999999999999996,3.0,3.0,3.0
29_8,2.7014207917461994,3.0,3.0,3.0,3.0
29_9,3.7117261188783734,3.0,3.0,3.0,3.0
29_10,3.494528939962611,3.0,3.0,3.0,3.0
29_11,3.374699119561082,3.0,3.0,3.0,3.0
29_12,3.314515380518517,3.0,3.0,3.0,3.0
29_13,3.5323334832499182,3.615775334353944,3.0,3.0,3.0
29_14,3.1855730161992146,3.5260985813095163,3.0,3.0,3.0
29_15,1.557272047660033,3.0,3.0,3.0,3.0
30_0,1.295190857663864,3.0,3.0,3.0,3.0
30_1,3.316420881374594,3.4627592715659814,3.0,3.0,3.0
30_2,3.258142580997518,3.0,3.0,3.0,3.0
30_3,3.457336779757549,3.0,3.0,3.0,3.0
30_4,3.666042837257093,3.0,3.0,3.0,3.0
30_5,3.4583062183873827,3.417025646622639,3.0,3.0,3.0
30_6,3.233842793301781,3.4858297940769183,3.0,3.0,3.0
30_7,3.504712430325271,3.0,3.0,3.0,3.0
30_8,1.2044468683880931,3.0,3.0,3.0,3.0
30_9,1.2971765797604238,1.0492040349164593,3.0,1.035361467266751,3.0
30_10,3.1790120095122725,3.0,3.0,3.0,3.0
30_11,3.294672223109621,3.0,3.0,3.0,1.081436087848405
30_12,3.1890853525390677,3.0,3.0,3.0,3.0
30_13,3.45173393183534,3.0,3.0,3.0,3.0
30_14,3.039570786575053,3.0,3.0,3.0,1.0851977705562776
30_15,3.1900608193129156,3.0,3.0,3.0,3.0
31_0,1.071565933508833,1.1413119327517107,3.0,3.0,3.0
31_1,3.8461809347077565,3.5214389250058007,3.0,3.0,3.0
31_2,3.723090583082305,3.4961147390517686,3.0,3.0,3.0
31_3,3.3835945515169765,3.458168667273241,3.0,3.0,3.0
31_4,1.4290669006171108,3.0,3.0,3.0,1.0613250863817314
31_5,3.823711640335588,3.554501608642749,3.0,3.0,3.0
31_6,3.0377634555138884,3.3458100085474847,3.0,3.0,3.0
31_7,3.4956485429595316,3.0,3.0,3.0,3.0
31_8,1.1682733205719649,1.099970083633116,3.0,3.0,3.0
31_9,3.2499396918872407,3.42945978785049,3.0,3.0,3.0
31_10,1.3571501928352772,1.6035411459422826,3.0,3.0,3.0
31_11,3.8734305110483933,3.6160724597525036,3.0,3.0,3.0
31_12,3.1914223654205447,3.432865275568363,3.0,3.0,3.0
31_13,3.1434060331861606,3.391708354459289,3.0,3.0,3.0
31_14,2.5134287791448195,3.0,3.0,1.104182910837318,3.0
31_15,1.9412444858274853,2.9999999999999996,3.0,3.0,3.0
32_0,2.8816538859421335,2.1534016950181973,3.0,1.0865446654769055,3.0
32_1,2.945776251705378,3.1092834795281754,3.0,3.0,3.0
32_2,3.2956492012404257,3.0,3.0,3.0,3.0
32_3,3.1992096086203614,3.0811066169095156,3.0,3.0,3.0
32_4,3.3956577467844697,3.2697340385580858,3.0,3.0,3.0
32_5,2.8661012704283424,2.6619865949387904,3.0,3.0,3.0
32_6,3.5467736529125395,3.5559778152429007,3.0,3.0,3.0
32_7,3.5608407820835764,3.0,3.0,3.0,3.0
32_8,3.742716273557672,3.494418586061047,3.0,3.0,3.0
32_9,3.324613889009486,3.417877166277442,3.0,3.0,3.0
32_10,3.6980209716192696,3.680020373802752,3.0,3.0,3.0
32_11,3.6980209716192696,3.6461023329056315,3.0,3.0,3.0
32_12,3.1637285804204835,3.0,3.0,3.0,3.0
32_13,3.1786185612585443,2.2194299763039282,3.0,1.0684561876628769,3.0
32_14,3.0020383395920036,2.9999999999999996,3.0,3.0,3.0
32_15,3.400769700062301,1.911387781874962,3.0,3.0,3.0
33_0,3.0066225727822995,2.9999999999999996,3.0,3.0,3.0
33_1,3.1067953944090694,3.4886516398061738,3.0,3.0,3.0
33_2,3.245990913274141,3.523999154563881,3.0,3.0,3.0
33_3,3.1681180944338316,3.433103047391504,3.0,3.0,3.0
33_4,3.1786435852236914,2.999999999999999,3.0,3.0,3.0
33_5,2.5153258185626606,3.0,3.0,3.0,3.0
33_6,3.2815388283016955,3.4339326956259812,3.0,3.0,3.0
33_7,3.5076610745023205,3.0,3.0,3.0,3.0
33_8,3.457383171843047,3.0,3.0,3.0,3.0
33_9,3.591418743750968,3.6141403812906843,3.0,3.0,3.0
33_10,3.4395882727935705,3.972356721413209,3.0,3.0,3.0
33_11,3.878395017449881,3.6042633327873133,3.0,3.0,3.0
33_12,3.31984014779207,3.0000000000000004,3.0,3.0,3.0
33_13,3.5153710661025954,2.999999999999999,3.0,3.0,3.0
33_14,3.6407726251323345,3.4657919486399154,3.0,3.0,3.0
33_15,3.3176249503316404,3.4020417913429473,3.0,3.0,3.0
34_0,1.5831553273126535,1.2111142782395778,3.0,3.0,1.0725222865567277
34_1,2.1826480169688494,2.278331909701152,3.0,1.0615471132433785,3.0
34_2,3.048982527924976,3.0,3.0,3.0,3.0
34_3,3.6289924231673476,3.4936228875586317,3.0,2.9999999999999996,3.0
34_4,2.450582516337304,2.400633035864295,3.0,3.0,3.0
34_5,3.088740565883861,3.0,3.0,3.0,3.0
34_6,3.0642522495443267,3.0,3.0,3.0,3.0
34_7,3.4927478621846886,3.528991014753552,3.0,3.0,3.0
34_8,2.660165097232004,3.369651476779554,3.0,3.0,3.0
34_9,3.658004325227605,3.4947182179219487,3.0,2.9999999999999996,3.0
34_10,3.339202370584837,3.3726440640254034,3.0,1.0802440381282563,1.0483995364805867
34_11,3.1882849627887047,3.4357364013913427,3.0,3.0,3.0
34_12,3.751425659586214,3.0,3.0,3.0,3.0
34_13,3.418367387452431,3.5685677126732545,3.0,3.0,3.0
34_14,3.113085083596856,3.0,3.0,3.0,3.0
34_15,3.09777010241425,3.0655474820742246,3.0,3.0,3.0
35_0,1.0779549723978576,1.0364324261998454,3.0,3.0,3.0
35_1,3.2036412916070574,3.524043355209722,3.0,3.0,3.0
35_2,3.08423953753691,3.0,3.0,3.0,3.0
35_3,3.2178804120769913,3.0,3.0,3.0,3.0
35_4,3.0136892305458414,3.0,3.0,3.0,3.0
35_5,2.281920459358119,3.0,3.0,3.0,3.0
35_6,3.2826446539417016,3.0,3.0,3.0,3.0
35_7,3.1388140480131494,3.0,3.0,3.0,3.0
35_8,1.1841119948391965,3.0,3.0,1.0657368901340771,3.0
35_9,2.6290213366330244,3.3167698203409466,3.0,3.0,3.0
35_10,2.851049148925453,3.0,3.0,3.0,3.0
35_11,2.8677915899868305,3.0,3.0,3.0,3.0
35_12,3.5189018109875327,3.975990027180675,3.0,3.0,3.0
35_13,3.2092982805858816,3.0,3.0,3.0,3.0
35_14,1.4882173106416787,1.0521380059290444,3.0,3.0,3.0
35_15,3.2601607451823655,3.0,3.0,3.0,3.0
36_0,1.02174606992646,3.0,3.0,3.0,3.0
36_1,3.1215929035805314,3.3378879354421853,3.0,3.0,3.0
36_2,2.534756617575851,3.0,3.0,3.0,3.0
36_3,2.8258003030211,3.0,3.0,3.0,3.0
36_4,2.210925829042859,2.9999999999999996,3.0,3.0,3.0
36_5,2.9899675898518376,2.9999999999999996,3.0,3.0,3.0
36_6,1.8337022716949558,1.9564906572076828,3.0,1.09296310213722,3.0
36_7,2.692115626644586,3.0,3.0,3.0,3.0
36_8,1.1027953443222966,1.1261995891852188,3.0,1.0217266423617153,1.0507937675203431
36_9,3.066767091296705,3.0,3.0,3.0,3.0
36_10,2.9021931001032883,3.0000000000000004,1.078484850143973,3.0,3.0
36_11,3.359158043684392,3.076001624922129,3.0,3.0,3.0
36_12,3.1049432900853553,3.399917233831879,3.0,3.0,3.0
36_13,2.406886249763604,2.1934635489920393,3.0,3.0,3.0
36_14,1.3661893635569617,3.0,3.0,3.0,3.0
36_15,2.4201185706161086,3.0,3.0,3.0,3.0
37_0,1.320680950464602,1.7718227807548828,1.0278880146810263,3.0,3.0
37_1,2.3510665401275213,2.988484263475216,3.0,3.0,3.0
37_2,2.4718391254835037,2.9999999999999996,3.0,3.0,3.0
37_3,1.922121064799608,2.4081793511771283,3.0,3.0,3.0
37_4,1.9812994405440345,2.6731616901697377,3.0,3.0,3.0
37_5,2.9043194599434696,3.4287235339473376,3.0,3.0,3.0
37_6,2.990828118225289,3.338527436234091,1.0798955669319983,1.042344915413986,1.0656471013255813
37_7,3.482259644050224,3.611370431933995,3.0,3.0,3.0
37_8,1.6200931322096885,1.0146443768985234,3.0,1.0367693977544632,3.0
37_9,2.6343500891175755,3.4611751735569847,3.0,3.0,3.0
37_10,2.9258614975280164,3.0,3.0,1.0888917443753263,3.0
37_11,3.0340592948332152,3.2265961372496252,3.0,3.0,3.0
37_12,2.128591704524371,2.93478382732583,3.0,3.0,3.0
37_13,2.3510665401275213,3.3467179273326493,3.0,3.0,3.0
37_14,1.1143914418222878,1.4266018940228586,3.0,3.0,3.0
37_15,1.4374303993917548,1.4696530990128513,3.0,3.0,3.0
38_0,1.485592382780305,1.7432688823863558,3.0,3.0,3.0
38_1,3.2250779852118945,3.3441202637188554,3.0,3.0,3.0
38_2,2.4058045810262714,2.197645394681573,3.0,3.0,3.0
38_3,2.7025480250054543,2.9092536925817574,3.0,3.0,3.0
38_4,3.4503300979589095,3.380715569121344,3.0,3.0,3.0
38_5,3.5447022125488985,3.4878536408525918,3.0,3.0,3.0
38_6,3.5391424552688235,3.401341330060603,3.0,3.0,3.0
38_7,3.1315187270577614,3.0,3.0,3.0,3.0
38_8,1.0224421924681681,1.4442194024664237,3.0,3.0,3.0
38_9,3.399169859045217,3.3228094466857385,3.0,3.0,3.0
38_10,1.8385069738608257,2.1271110942090923,3.0,3.0,3.0
38_11,3.5447022125488985,3.4878536408525918,3.0000000000000004,3.0,3.0
38_12,3.4334619739987895,3.0,3.0,3.0,3.0
38_13,2.9790026184445577,3.491506294833644,3.0,3.0,3.0
38_14,2.693154823877797,3.0,3.0,1.0845220422001978,3.0
38_15,2.4745297963939326,2.1543940582997734,3.0,3.0,3.0
39_0,2.4698401947787367,3.0,3.0,3.0,3.0
39_1,3.2813882633359985,3.0,3.0,3.0,2.9999999999999996
39_2,3.2098446992490697,2.978787258484802,3.0,3.0,3.0
39_3,2.824687444526516,3.0,3.0,1.0282437475236164,3.0
39_4,3.095523622492369,3.0,3.0,1.0647931492950002,3.0
39_5,3.3223778061045044,3.5208936962448782,3.0,1.0650123505025837,3.0
39_6,3.2651127425810484,3.0,3.0,1.0808861390546842,3.0
39_7,3.2627641362866955,3.0,3.0,1.0727774246171786,3.0
39_8,1.978358749763687,3.0,3.0,3.0,3.0
39_9,3.7763530976690394,3.907787471371596,3.0,1.0563381732424106,3.0
39_10,2.448093810315767,3.0,3.0,3.0,1.0496735907716797
39_11,3.733447271116383,3.6459529853981993,3.0,3.0,3.0
39_12,3.3417375490398973,3.4328018552435084,3.0,3.0,3.0
39_13,3.3551031354131107,3.4257560052519564,3.0,3.0,3.0
39_14,3.664067312478787,3.526635837458127,3.0,3.0,3.0
39_15,3.220411062943264,3.0,3.0,3.0,3.0
40_0,2.290984529526495,2.261188790411266,3.0,3.0,3.0
40_1,3.104934861816914,2.9794073959428355,3.0,3.0,3.0
40_2,3.1326009093350695,3.0268373288156964,3.0,3.0,3.0
40_3,3.3808850311522542,3.0,3.0,3.0,3.0
40_4,1.6396527883110832,2.2642467389618144,3.0,3.0,3.0
40_5,3.076316593655348,2.6009265051520902,3.0,3.0,3.0
40_6,3.3769469563273167,3.5266063449785197,3.0,3.0,3.0
40_7,3.2360784451603757,3.0,3.0,3.0,3.0
40_8,2.482135240803418,3.0,3.0,1.0491226358287593,3.0
40_9,3.2488291285033464,3.5518646068981803,2.9999999999999996,3.0,3.0
40_10,2.9028261955399115,3.2918015933761806,3.0,3.0,3.0
40_11,3.597543046866169,3.2499981622104803,3.0,3.0,3.0
40_12,3.5398002846144303,3.0,3.0,3.0,3.0
40_13,2.831025232497191,2.6744842399396735,3.0,3.0,3.0
40_14,3.4524284665834815,3.094316915115118,3.0,3.0,3.0
40_15,2.879207640392672,3.481702244371915,3.0,3.0,3.0
41_0,1.8215469970816662,3.0,3.0,3.0,3.0
41_1,3.5512742887788726,3.0,3.0,3.0,3.0
41_2,3.7268757013052807,3.4590557272961227,3.0,3.0,3.0
41_3,3.225694818473646,2.9999999999999996,3.0,3.0,3.0
41_4,3.550171599491424,3.4926337024839906,3.0,3.0,3.0
41_5,3.2097504224337112,3.0,3.0,3.0,3.0
41_6,3.7787269594725936,3.0,3.0,3.0,3.0
41_7,3.045626520813897,3.0,3.0,3.0,3.0
41_8,1.170412844470502,3.0,3.0,3.0,3.0
41_9,3.1730346492566115,3.424888033804563,3.0,3.0,3.0
41_10,3.2436982078001266,3.0,3.0,3.0,3.0
41_11,3.7371183702366557,3.0,3.0,3.0,3.0
41_12,3.381391823622482,3.0,3.0,3.0,3.0
41_13,3.371585886935484,3.3103889522652947,3.0,3.0,3.0
41_14,2.978567596936507,3.0,3.0,3.0,3.0
41_15,2.405296042503709,3.0,3.0,3.0,3.0
42_0,3.0364206564760314,3.0,3.0,3.0,3.0
42_1,3.23531283676255,3.0,3.0,3.0,3.0
42_2,3.3212156293246227,3.463687635939225,3.0,3.0,3.0
42_3,2.5214453320925534,3.0,3.0,3.0,3.0
42_4,3.3675865090866397,3.0,3.0,3.0,3.0
42_5,3.524446124592929,3.9740515246722525,3.0,3.0,3.0
42_6,3.709732526989531,3.9688745106779693,3.0,3.0,3.0
42_7,3.743768007302573,3.0,3.0,3.0,3.0
42_8,1.9426446640775257,3.0,3.0,3.0,3.0
42_9,3.171912658480805,3.0,3.0,3.0,3.0
42_10,3.4082836110065156,3.0,3.0,3.0,3.0
42_11,3.834409529022555,3.0,3.0,3.0,3.0
42_12,3.7897078774859407,3.0,3.0,3.0,3.0
42_13,3.4258268374803587,3.4948919341851865,3.0,3.0,3.0
42_14,2.9321100869895944,3.0,3.0,1.0528351053469152,3.0
42_15,3.658261865707498,3.0,3.0,3.0,3.0
43_0,1.736542583277801,3.0,3.0,3.0,3.0
43_1,3.567566750192577,3.0,3.0,3.0,3.0
43_2,3.5565018877361494,3.0,3.0,3.0,3.0
43_3,3.3239988775795513,3.0,3.0,3.0,3.0
43_4,3.314104742588153,3.0,3.0,3.0,3.0
43_5,3.0438362084959594,3.0,3.0,3.0,3.0
43_6,3.886462961096716,3.0,3.0,3.0,3.0
43_7,3.825216697935727,3.0,3.0,3.0,3.0
43_8,1.0587322376125108,3.0,3.0,1.1109817403750317,1.0384746428411815
43_9,3.4089479863043866,3.0,3.0,3.0,3.0
43_10,3.5141919748040076,3.608577355324037,3.0,3.0,3.0
43_11,3.6505482961106623,3.0,3.0,3.0,3.0
43_12,3.5245314261313063,3.0,3.0,3.0,3.0
43_13,3.4733350573533004,3.0,3.0,3.0,3.0
43_14,2.3788204733062996,3.0,3.0,3.0,3.0
43_15,3.3159238406354845,3.0,3.0,3.0,3.0
44_0,1.7417968700884188,1.6691215522914142,3.0,3.0,3.0
44_1,1.297324298624734,3.0,3.0,3.0,3.0
44_2,3.419652823145641,3.525080351205245,3.0,3.0,3.0
44_3,2.282992122456356,1.9538043492913189,3.0,3.0,3.0
44_4,2.868278106755229,3.130957151431183,3.0,3.0,3.0
44_5,1.2488356842365702,3.0,3.0,3.0,3.0
44_6,3.0181274681239225,3.0,3.0,3.0,3.0
44_7,3.376788930264513,3.5586210747585545,3.0,3.0,3.0
44_8,1.0235066299094866,3.0,3.0,3.0,3.0
44_9,3.2985686638080707,3.0,3.0,3.0,3.0
44_10,2.576670107086305,3.340493630977246,3.0,3.0,3.0
44_11,3.563006501532274,3.7051247378028904,3.0,3.9609357175879922,3.9784217960677113
44_12,3.425032023325374,3.0,3.0,3.0,3.0
44_13,1.6246599769311922,2.0929555513719285,3.0,3.0,3.0
44_14,3.2949813582632483,3.135357749600959,3.0,3.0,3.0
44_15,2.8877857304916117,3.0,3.0,3.0,3.0
45_0,3.015966823699697,3.0,3.0,3.0,3.0
45_1,2.355245588488491,3.0,3.0,3.0,3.0
45_2,2.331118283687611,2.9798545583070433,3.0,3.0,3.0
45_3,1.9422253170172792,3.0,3.0,3.0,3.0
45_4,1.9253628911282947,2.9999999999999996,3.0,3.0,3.0
45_5,2.813514006308662,3.369150777017763,3.0,3.0,3.0
45_6,3.0269264232995514,3.970609746630319,3.0,3.0,3.0
45_7,3.308424684267083,3.492814793704164,3.0,3.0,3.0
45_8,3.1032148056229856,3.0,3.0,3.0,3.0
45_9,3.141792740263133,3.5272995981929522,3.0,3.0,3.0
45_10,2.9757756792803423,3.0,3.0,3.0,3.0
45_11,3.3035469360360055,3.435574471667925,3.0,3.0,3.0
45_12,3.686628199604991,2.712934037732857,3.0,3.0,3.0
45_13,2.6490663436783186,3.0,3.0,3.0,3.0
45_14,2.562670745085028,3.0,3.0,3.0,3.0
45_15,1.9239717728152097,3.0,3.0,3.0,2.999999999999999
46_0,3.5823018372288957,3.4641052206250453,3.0,3.0,3.0
46_1,3.972402505812829,3.0,3.0,3.0,3.0
46_2,3.3585385481167056,3.0,3.0,3.0,3.0
46_3,3.1069797340914915,3.0,3.0,3.0,3.0
46_4,3.4501565272452694,3.0,3.0,3.0,3.0
46_5,3.5144507078431704,3.0,3.0000000000000004,3.0,3.0
46_6,3.4447979911566766,3.0,3.0,3.0,3.0
46_7,3.5414698833450995,3.0,3.0,3.0,3.0
46_8,2.913170256858857,3.0,3.0,3.0,3.0
46_9,3.536932121617994,3.5816090117016297,3.0,3.0,3.0
46_10,3.542404857543554,3.0,3.0,3.0,3.0
46_11,3.489298468597676,3.0,3.0,3.0,3.0
46_12,3.813514960215368,3.930250083318519,3.0,3.0,3.0
46_13,3.2949361067028824,3.555233517335605,3.0,3.0,3.0
46_14,3.5023810070810963,3.0,3.0,3.0,3.0
46_15,3.311450981591201,3.9416883857796754,3.0,3.0,3.0
47_0,2.151514889289853,1.1598165356288548,3.0,3.0,3.0
47_1,3.6538216732498148,3.4461385527494928,3.0,3.0,3.0
47_2,3.5150779234120715,3.3706726975121915,3.0,3.0,3.0
47_3,3.2650660363947424,3.426916469812546,3.0,3.0,3.0
47_4,3.9006545760442215,3.3706726975121915,3.0,3.0,3.0
47_5,3.471307005810901,3.550076255199537,3.0,3.0000000000000004,3.0
47_6,3.2896008900434923,3.427809812227028,3.0,3.0,3.0
47_7,3.502791551018115,3.0,3.0,3.0,3.0
47_8,3.1532527716568453,1.062491892307583,3.0,3.0,3.0
47_9,3.215233524311907,3.0,3.0,3.0,3.0
47_10,3.088743435131561,3.0,3.0,3.0,3.0
47_11,3.7145881167737884,3.2881353246302556,3.0,3.0,3.0
47_12,3.6576888417108555,3.4381262186992543,3.0,3.0,3.0
47_13,3.4696236712310426,3.3408522801693037,3.0,3.0,3.0
47_14,3.3907120035076583,3.0,3.0,3.0,3.0
47_15,3.3923316403281962,3.0,3.0,3.0,3.0
48_0,2.667515561782331,3.283730372185886,3.0,1.0363979588845964,3.0
48_1,3.2540503894868147,3.251053701809662,3.0,3.0,3.0
48_2,3.2525302987428266,3.4632076650192105,3.0,3.0,3.0
48_3,3.1339765397644057,3.3567234215005026,3.0,3.0,3.0
48_4,3.0200930323302804,3.3464937222357896,3.0,3.0,3.0
48_5,2.7248661500739835,2.500225328093408,3.0,3.0,3.0
48_6,3.428064934023482,3.6301171898342113,3.4292090229761114,3.0,3.5589697307683235
48_7,3.4976836638437296,3.5582540743288162,3.0,3.0,3.0
48_8,2.0959984408799217,2.8492130088420766,3.0,1.0259596152959136,3.0
48_9,3.7300383916387254,3.4972261142083325,3.0,3.0,3.0
48_10,3.1426480677616473,3.204767643001593,3.0,3.0,3.0
48_11,3.57322920052266,3.590551237227409,3.403892478598255,3.0,3.0
48_12,3.6436686918330197,3.615944322329376,3.0,3.0,3.0
48_13,2.842968034377601,2.923237911864887,3.0,3.0,3.0
48_14,3.047251728626689,2.917107313002009,3.0,3.0,3.0
48_15,2.553589918744421,2.834545114001659,3.0,3.0,3.0
49_0,2.1743716577768155,3.0,3.0,3.0,3.0
49_1,2.8505872430904446,3.4907451071971773,3.0,3.0,3.0
49_2,3.3774095396783115,3.404305036877685,3.0,3.0,3.0
49_3,3.4595538915196373,3.9319326527927743,3.0,3.0,3.0
49_4,3.2652531394787214,3.0,3.0,3.0,3.0
49_5,3.455091588946341,3.6013727480649473,3.0,3.0,3.0
49_6,3.7179948830818406,3.554774094630926,3.0,3.0,3.0
49_7,1.8791561822703333,3.0,3.0,3.0,3.0
49_8,1.0194283764721208,3.0,3.0,3.0,3.0
49_9,3.993018490987886,3.6449774674314313,3.0,3.0,3.0
49_10,3.7606258656278815,3.0,3.0,3.0,3.0
49_11,4.012748036470945,3.619294041247431,3.0,3.0,3.0
49_12,3.353044859223359,3.724089610439375,3.0,3.0,3.0
49_13,2.6789078288760697,3.3136690196668694,3.0,3.0,3.0
49_14,2.9234947495523995,3.4645915408103214,3.0,3.0,3.0
49_15,3.17476409820584,2.8120740755651785,3.0,3.0,3.0
50_0,1.982175649685254,3.0,3.0,3.0,3.0
50_1,2.871171596763363,1.2805469191537857,3.0,3.0,3.0
50_2,3.3399713430877025,3.948068106318877,3.0,3.0,3.0
50_3,3.1306084570806503,3.0,3.0,3.0,3.0
50_4,3.393324905318559,3.0,3.0,3.0,3.0
50_5,3.23435903903559,3.934786205654412,3.0,3.0,3.0
50_6,3.4400937475595357,3.9290563907972187,3.0,3.0,3.0
50_7,3.862620912489116,3.0,3.0,3.0,3.0
50_8,3.11202151999987,3.0,3.0,1.0591952137893683,3.0
50_9,3.5747864048803812,3.0,3.0,3.0,3.0
50_10,3.562251302559092,3.58791674024381,3.0,3.0,3.0
50_11,3.9531609073158336,3.9825483529175525,3.0,3.0,3.0
50_12,3.2269907264579127,3.0,3.0,3.0,3.0
50_13,3.11952421796498,3.525866835970928,3.0,3.0,3.0
50_14,2.7626976378235177,3.0,3.0,3.0,1.048217805500616
50_15,3.4354676102293644,3.0,3.0,3.0,3.0
51_0,3.1861985895966805,3.0,3.0,3.0,3.0
51_1,3.184992206776082,3.0,3.0,3.0,3.0
51_2,3.4562751483300267,3.434494218430431,3.4011266213479856,3.0,3.0
51_3,3.0791620264480075,3.0,3.0,3.0,3.0
51_4,3.3154163549679927,3.0000000000000004,3.0,3.0,3.0
51_5,3.328031860190664,3.525877873740622,3.0,3.0,3.0
51_6,2.2383377328251237,2.4242266130801275,3.0,3.0,3.0
51_7,3.628265917104251,3.637435734618973,3.0,3.0,3.0
51_8,1.3259593575161104,1.0559714860451013,3.0,3.0,3.0
51_9,3.6377509109645487,3.9573693665149405,3.0,3.0,3.0
51_10,1.5036399945274592,1.0461694338924181,3.0,3.0,3.0
51_11,2.3916540878093695,2.9480196057996806,3.0,1.0900491756821855,3.0
51_12,2.893511789332991,3.0,3.0,3.0,3.0
51_13,3.10177440158825,3.0000000000000004,3.0,3.0,3.0
51_14,2.9937465049999346,3.0,3.0,3.0,3.0
51_15,3.308880244054088,3.3711877894356332,3.0,3.0,3.0
52_0,1.482646634418839,1.9787665086537163,3.0,3.0,3.0
52_1,2.472993913619307,3.006803146004284,3.0,3.0,3.0
52_2,2.7416038274451444,1.8432273694182786,3.0,3.0,3.0
52_3,3.1212100646828764,3.0706288249787983,3.0,3.0,3.0
52_4,2.993311105398565,3.0653880947318863,3.0,3.0,3.0
52_5,3.1212100646828764,3.0706288249787983,3.0,3.0,3.0
52_6,2.965884413587112,3.0,3.0,3.0,3.0
52_7,3.2931639354604574,3.395352918150489,3.0,3.0,3.0
52_8,2.5821971452353685,2.157349328748709,3.0,1.0646985268477183,3.0
52_9,3.538732114188445,3.4377090834589086,3.0,3.0,3.0
52_10,3.068253806880737,2.682161140073494,3.0,3.0,3.0
52_11,3.0462510590150154,3.4028091615862954,3.0,3.0,3.0
52_12,3.017573131523848,3.4656765424820923,3.0,3.0,3.0
52_13,1.3464861164410489,3.0,3.0,3.0,1.0271516398346139
52_14,3.209775389975277,3.0,3.0,1.079304054406536,3.0
52_15,1.875483695557628,1.7336248632285225,3.0,1.0543533602310615,3.0
53_0,1.6217778851412636,1.6539302405066878,3.0,3.0,3.0
53_1,3.398302443264198,3.2419702878396097,3.0,3.0,3.0
53_2,3.287903434403186,3.0,3.0,3.0,3.0
53_3,1.216056176615647,3.0,3.0,3.0,3.0
53_4,1.5039473060909005,3.0,3.0,3.0,3.0
53_5,2.7866863417506162,3.0,3.0,3.0,3.0
53_6,3.5501417472673324,3.343104615852799,3.0,3.0,3.0
53_7,3.494611769669929,3.5249445791480922,3.0,3.0,3.0
53_8,2.2617404810534496,3.0,3.0,3.0,3.0
53_9,3.6964969341090925,3.584755744062445,3.0,3.0,3.0
53_10,3.134952497628439,3.0,3.0,3.0,3.0
53_11,3.561496869905884,3.524875389356282,3.0,3.0,3.0
53_12,3.797868933023554,3.6187109599985705,3.0,3.0,3.0
53_13,3.253525148268105,3.0,3.0,3.0,3.0
53_14,1.4287622895005627,1.9017652202867812,3.0,3.0,3.0
53_15,2.7598782483392528,3.3407252152145337,3.0,3.0,3.0
54_0,1.0252962562084182,1.3704264900909473,3.0,3.0,3.0
54_1,3.5462175003161764,3.5883479607424356,2.9999999999999996,3.0,3.0
54_2,3.531513039042022,3.463159282102715,3.373158605737479,3.0,3.0
54_3,2.6787965835157714,3.5831325462196535,3.0,3.0,3.0
54_4,3.0215571213696886,3.435030826145271,3.0,3.0,3.0
54_5,3.216579821091989,3.6168223611314554,3.0,3.0,3.0
54_6,3.054011308427572,3.34412278706153,3.0,3.0,3.0
54_7,3.56998356600878,3.5874699665135794,3.0,3.0,3.0
54_8,2.4703705246077003,3.0,3.0,3.0,3.0
54_9,3.3949630635468995,3.0,3.0,3.0,3.0
54_10,3.407506594841474,3.2922054358321464,3.0,3.0,3.0
54_11,3.352950762797375,3.558163951503459,3.4320323189415904,3.0,3.0
54_12,3.7644846148061766,3.696899442890571,3.431985404947749,3.0,3.0
54_13,1.9711308003743853,2.6175265002703307,3.0,3.0,3.0
54_14,3.776749220975965,3.5845769319279306,3.0,3.0,3.0
54_15,2.208487368553097,2.9999999999999996,3.0,3.0,3.0
55_0,2.6720544047022954,3.0,3.0,3.0,3.0
55_1,3.2090193180367415,3.3152616611799193,3.0,3.0,3.0
55_2,2.4524333408039984,2.0182312639425493,3.0,3.0,3.0
55_3,3.2479606454453713,3.3112071841574005,3.0,3.0,3.0
55_4,3.1893028619476835,3.0,3.0,3.0,3.0
55_5,2.7785613684560913,3.0,3.0,3.0,3.0
55_6,2.988038904400962,3.4621143710050735,3.0,3.0,3.0
55_7,3.5494111628320826,3.8924768516795076,3.0,3.0,3.0
55_8,2.2962117988821924,3.0,3.0,3.0,1.0492103734769813
55_9,3.5052854566385037,3.0,2.999999999999999,3.0,3.0
55_10,2.968536919280432,3.0,3.0,3.0,1.0614357024096437
55_11,3.375753589988657,3.4343128941065224,3.0,3.0,3.0
55_12,3.649791087738946,3.525108293572452,3.0,3.0,3.0
55_13,2.02476649137331,3.0,3.0,3.0,3.0
55_14,2.3493582113889784,3.0,3.0,3.0,3.0
55_15,2.9376882072054253,3.260588232201672,3.0,3.0,3.0
56_0,3.079996704636293,1.8252374728361964,3.0,3.0,3.0
56_1,3.6849176136085005,3.922090267318542,3.0,3.0,3.0
56_2,3.568778567718595,3.0,3.0,3.0,3.0
56_3,3.599455083206521,3.556256039508298,3.0,3.0,3.0
56_4,3.7006921609673626,3.64566629970234,3.0,3.0,3.0
56_5,3.4728131374360443,3.0,3.0,3.0,3.0
56_6,4.2091681507197025,3.643069859668259,3.0,3.0,3.0
56_7,3.34143402719344,3.0,3.0,3.0,3.965451881154424
56_8,1.4956691425289874,3.0,3.0,3.0,3.0
56_9,3.4640677523982393,3.0,3.0,3.0,3.0
56_10,3.9502159461919883,3.9474034465920402,3.0,3.0,3.0
56_11,4.038057743198982,3.6398160089028244,3.0,3.0,3.0
56_12,3.42034028199705,3.3555755377156324,3.0,3.0,3.0
56_13,3.5227617289222692,3.372656315870142,3.0,3.0,3.0
56_14,3.616422028653922,3.940344512081004,3.0,3.0,3.0
56_15,3.4525263230440344,3.344457098916629,3.0,3.0,3.0
57_0,2.334762602536928,3.0,3.0,3.0,3.0
57_1,3.2059271643474894,3.4279832144676887,3.0,3.0,3.0
57_2,2.093752556111986,3.0,3.0,3.0,3.0
57_3,2.7678246590292734,3.0,3.0,3.0,3.0
57_4,2.7081791840534444,3.0,3.0,3.0,3.0
57_5,2.265947118842068,3.0,3.0,3.0,3.0
57_6,2.9892752869863055,3.0,3.0,3.0,3.0
57_7,2.7924747064341524,3.0,3.0,3.0,3.0
57_8,1.0506077245158398,3.0,3.0,3.0,3.0
57_9,2.672870307165727,3.105177710219693,3.0,3.0,3.0
57_10,3.3669474300476385,3.0,3.0,3.0,3.0
57_11,3.70115189937579,3.0,2.9999999999999996,3.0,3.0
57_12,2.9456604205423327,3.4305617490401494,3.0,3.0,3.0
57_13,1.6068064746391508,1.7278343892011578,3.0,3.0,3.0
57_14,3.0080288128664745,3.3739373357141003,3.0,3.0,3.0
57_15,3.0183424837844615,3.0,3.0,3.0,3.0
58_0,1.2250188241507802,1.4651864959752723,3.0,3.0,3.0
58_1,2.8648365002059357,3.367201594229385,3.0,3.0,3.0
58_2,3.3234147462107266,3.3996003314272962,3.0,3.0,3.0
58_3,1.7042801734650448,2.3193715742774486,3.0,3.0,3.0
58_4,2.828738485177701,2.7565188348435337,3.0,3.0,3.0
58_5,3.3731868753734178,3.322189045663062,3.0,3.0,3.0
58_6,3.1520040649366994,3.2101153934180977,3.0,3.0,3.0
58_7,3.2033826247255823,3.2248561586291324,3.0,3.0,3.0
58_8,1.001959520506681,1.1584657592659071,1.0481752176209207,3.0,1.039148083660038
58_9,2.9562430537055913,3.125241090104832,3.0,3.0,3.0
58_10,3.4243265164082493,3.0000000000000004,3.0,3.0,3.0
58_11,3.5325048562946617,3.4902038703959493,3.0,3.0,3.0
58_12,3.4734609946157056,3.0,3.0,3.0,3.0
58_13,2.5057098272008305,2.0542704892758565,3.0,3.0,3.0
58_14,2.8782382097503167,3.0000000000000004,3.0,3.0,3.0
58_15,2.532010367845444,2.0188794045810137,3.0,3.0,3.0
59_0,1.0099159338838823,3.0,3.0,3.0,3.0
59_1,2.5893939580510743,3.0,3.0,3.0,3.0
59_2,2.4237545646982745,3.0,3.0,3.0,3.0
59_3,2.1926927188989302,3.0,3.0,3.0,3.0
59_4,2.599621007834394,3.0,3.0,3.0,3.0
59_5,3.300009941232971,3.9596144578207606,3.0,3.0,3.0
59_6,3.0475465137578475,3.0,3.0,3.0,3.0
59_7,3.1959326646128314,3.0,3.0,3.0,3.0
59_8,1.5389773474916346,3.0,3.0,3.0,3.0
59_9,2.975952501852419,3.0,3.0,3.0,3.0
59_10,2.749588654023059,3.0,3.0,3.0,3.0
59_11,1.8196599959206496,3.0,3.0,3.0,3.0
59_12,3.319681126843291,3.0,3.0,3.0,3.0
59_13,1.8744610002705624,3.0,3.0,3.0,3.0
59_14,3.0396435214992805,3.0,3.0,3.0,3.0
59_15,1.7377737485366267,3.0,3.0,3.0,3.0
60_0,2.3343901040438393,3.0,3.0,1.0624878223262422,3.0
60_1,3.850088059531223,3.4053488109819687,3.0,3.0,3.0
60_2,3.86954936345493,3.700693597285218,3.0,3.0,3.0
60_3,3.685592125560473,3.0,3.0,3.0,3.0
60_4,3.7100961690822247,2.9999999999999996,3.0,3.0,3.0
60_5,3.6263424540104565,3.517782059190944,3.0,3.0,3.0
60_6,3.9095269258563157,3.5258162010191785,3.0,3.0,3.0
60_7,3.8384522951921407,3.0,3.0,3.0,3.0
60_8,2.6179660413442862,2.9999999999999996,3.0,3.0,3.0
60_9,3.491239527744363,3.0,3.0,3.0,3.0
60_10,3.9737126567925047,3.6721266976865965,3.0,3.0,3.0
60_11,3.9149356131956035,3.6721266976865965,3.0,3.0,3.0
60_12,3.532911487652509,3.5283365508028663,3.0,3.0,3.0
60_13,3.7695518216603032,3.605445163381686,3.0,3.0,3.0
60_14,3.261767226455902,3.0,3.0,3.0,3.0
60_15,3.250180383619601,2.9999999999999996,3.0,3.0,3.0
61_0,1.205055043615913,1.0536562384486157,3.0,3.0,3.0
61_1,2.814181016783024,2.9550559223722814,3.0,3.0,3.0
61_2,1.717431344285492,1.0791075583722032,3.0,1.0371168063623308,3.0
61_3,1.4572511389031566,2.1977120690391363,3.0,3.0,3.0
61_4,2.814181016783024,2.840618070916217,3.0,3.0,3.0
61_5,2.2834845711003857,3.0,3.0,1.0711266909243813,3.0
61_6,1.7718482131417224,2.2979215428845388,3.0,1.1207232837991714,3.0
61_7,2.942284957477203,3.2885894773631894,3.0,3.0,3.0
61_8,2.756904506745336,3.3680243673645167,3.0,1.0831304293293453,3.0
61_9,2.2888980820492026,2.7990491204848196,3.0,3.0,3.0
61_10,2.6685419854594703,3.0,3.0,3.0,3.0
61_11,1.2469201046832772,1.2508285637095409,3.0,3.0,3.0
61_12,3.238456612404143,3.4890501176187465,3.0,3.0,3.0
61_13,2.0424164415556127,2.917514542863732,3.0,1.0406782389597256,3.0
61_14,1.4420620504684714,3.0,3.0,1.0589362518004304,3.0
61_15,2.189810205286749,2.470612432754436,3.0,1.079204949811002,3.0
62_0,1.9783585473549066,3.0,3.0,3.0,3.0
62_1,3.709135763574576,3.637079930110599,3.0,3.0,3.0
62_2,3.185399044934379,2.7150525934683047,3.0,3.0,3.0
62_3,3.411864625270248,3.2907142608473734,3.0,3.0,3.0
62_4,3.3292901175266367,3.0,3.0,3.0,3.0
62_5,3.5729143895373134,3.4966825980275886,3.0,3.0,3.0
62_6,3.4999078744709315,3.4655069267773464,3.0,3.0,3.0
62_7,3.5007419987266326,3.4903874953792338,3.0,3.0,3.0
62_8,1.352590393651248,1.087851002453254,1.0776745892684898,3.0,3.0
62_9,2.716370969951535,3.43380379628749,3.0,3.0,3.0
62_10,3.323669928588248,3.528881048360142,3.0,3.0,3.0
62_11,3.8089224330608333,3.9755956559640317,3.0,3.0,3.972716831621169
62_12,3.0321516594862046,3.0000000000000004,3.0,3.0,3.0
62_13,3.325407210373065,3.54111667517473,3.0,3.0,3.0
62_14,1.5575586992955521,1.0977273071278948,3.0,3.0,3.0
62_15,3.103123854270541,3.0,3.0,3.0,3.0
63_0,2.864453370857918,3.0,3.0,1.0461334661170343,3.0
63_1,3.9271491905502027,3.7349969343956784,3.0000000000000004,3.0,3.0
63_2,3.5181069270658227,3.727056540627324,3.0,3.0,3.0
63_3,3.2340822522281214,3.260569661845142,3.0,3.0,3.0
63_4,3.359633861875019,3.9804496373421974,3.0,3.0,3.0
63_5,3.1912405898861413,3.639565981547019,3.9731286459196338,3.967098327867909,3.0
63_6,4.014659174737735,3.638233892098318,3.0,3.0,3.0
63_7,3.3385928367679467,3.525480932097545,2.9999999999999996,3.0,3.0
63_8,3.176926781451326,3.0,3.0,3.0,3.0
63_9,3.528022540239099,3.5429585038287583,3.0,3.0,3.0
63_10,3.217902709587955,3.0,3.0,3.0,3.0
63_11,4.066985290053944,3.6456593780300453,3.0,3.0,3.0
63_12,3.6351253851323735,3.0,3.4651714132588327,3.0,3.0
63_13,3.518305519045507,3.7428395288091165,3.0,3.0,3.0
63_14,2.1144827765654566,3.0,3.0,3.0,3.0
63_15,2.40352884490286,3.0,3.0,3.0,3.0
64_0,2.665513767343074,1.9512574211247078,3.0,3.0,3.0
64_1,3.1641305010948395,2.9999999999999996,3.0,2.9999999999999996,3.0
64_2,3.065247138638223,3.3385617570048445,3.0,1.1117145437544045,3.0
64_3,3.6258818021720796,3.4863547547093106,3.0,3.0,3.0
64_4,3.326387777107738,3.478395345278877,3.0,3.0,3.0
64_5,2.6842533546656666,3.0200630501509083,3.0,3.0,3.0
64_6,3.1374589270182245,3.5250138312154435,3.0,3.0,3.0
64_7,3.622290392917953,3.492998252423754,3.0,3.0,3.0
64_8,1.8912964021155252,3.0,3.0,3.0,3.0
64_9,3.5220847146758603,2.9999999999999996,3.0,3.0,3.0
64_10,3.097421013463534,3.000000000000001,3.0,3.0,3.0
64_11,3.092454640539677,3.3716505615971943,3.0,3.0,3.0
64_12,3.655014646205962,3.484533058630089,3.0,3.0,3.0
64_13,3.1685211287128956,2.6486478823072694,3.0,3.0,3.0
64_14,3.5526371887398303,3.46216762594713,3.0,3.0,3.0
64_15,2.646784548679053,2.0859441215376466,3.0,1.0507865774437166,3.0
65_0,2.4910209833558046,3.0,3.0,3.0,3.0
65_1,3.4909466893944603,3.586403096416129,3.0,3.0,3.0
65_2,3.659874455885891,3.434798474745127,3.0,3.0,3.0
65_3,3.3548553870260305,3.0,3.0000000000000004,3.0,3.0
65_4,3.3157328972051303,3.316066802496214,3.0,3.0,3.0
65_5,3.925888809767587,3.6449577859271396,3.0,3.46337155873346,3.0
65_6,3.8255213863729343,3.6468038192927295,3.0,3.463356567949601,3.0
65_7,3.648327824345614,3.0,3.0,3.0,3.0
65_8,3.0849609666422575,3.0,3.0,3.0,3.0
65_9,3.1413917088200543,3.0,3.0,3.0,3.0
65_10,3.4876558904534245,3.0,3.0,3.0,3.0
65_11,3.6649232064933326,3.6696988942720363,3.0,3.0,3.969893686873847
65_12,3.2507861165160215,3.4024957242756986,3.0,3.0,3.0
65_13,3.1400241030438876,3.3148878016829575,3.0,3.0,3.0
65_14,3.45148412929636,3.0,3.0,3.0000000000000004,3.0
65_15,2.9818627384022824,2.522626410415341,3.0,1.0601754056190746,3.0
66_0,1.1482252197305722,3.0,3.0,3.0,3.0
66_1,3.548417443424018,3.0,3.0,3.0,3.0
66_2,2.74985610310124,3.0,3.0,3.0,3.0
66_3,3.3545400196015565,3.0,3.0,3.0,3.0
66_4,2.922505902726536,3.0,3.0,3.0,3.0
66_5,3.634945662964786,3.0,3.0,3.0,3.0
66_6,3.727924131528129,3.0,3.0,3.0,3.0
66_7,3.7757962490352313,3.0,3.0,3.0,3.0
66_8,2.2465258675222914,3.0,3.0,3.0,3.0
66_9,3.572517223216082,3.0,3.0,3.0,3.0
66_10,3.053105394638488,3.0,3.0,3.0,3.0
66_11,2.9599533785246392,3.0,3.0,3.0,3.0
66_12,3.24870228366392,3.0,3.0,3.0,3.0
66_13,3.6692010710395677,3.0,3.0,3.0,3.0
66_14,1.2125000665558734,3.0,3.0,3.0,3.0
66_15,2.518333075202511,3.0,3.0,3.0,3.0
67_0,1.3468348444242946,1.1034006224295612,3.0,3.0,3.0
67_1,2.7848663982926913,2.9999999999999996,3.0,3.0,3.0
67_2,3.571947770653919,3.571478378647024,3.0,3.0,3.0
67_3,2.1979528967222386,3.0,3.0,1.02867004995133,3.0
67_4,3.3811333719877052,3.4943253071273754,3.0,3.0,3.0
67_5,3.3749215140416604,3.0,3.0,3.0,3.0
67_6,3.7074358433222057,3.490866882221306,3.0,3.0,3.0
67_7,3.22088942811275,3.961202912346199,3.0,3.0,3.0
67_8,3.003718898879829,3.0,3.0,3.0,3.0
67_9,3.0842829026000893,3.0,3.0,3.0,3.0
67_10,3.2441119430562844,3.610446566358443,3.0,3.0,3.0
67_11,3.714020279731562,3.619286437591505,3.4311343401970724,3.0,3.0
67_12,3.5105324836388965,3.9269413067416723,3.0,3.0,3.0
67_13,3.004303823673393,3.0,3.0,3.0,3.0
67_14,1.6391567398069027,3.0,3.0,3.0,3.0
67_15,1.594570095958667,3.0,3.0,3.0,3.0
68_0,1.979242053357754,1.0727437067493202,3.0,3.0,3.0
68_1,2.744242136025643,3.0,3.0,3.0,3.0
68_2,3.3460252039905582,3.0,3.0,3.0,3.0
68_3,2.4459638180486913,3.0,3.0,3.0,3.0
68_4,2.4459638180486913,3.0,3.0,3.0,3.0
68_5,2.328657953436456,1.0894398491988107,3.0,3.0,3.0
68_6,3.4130715129888243,3.466486808806428,3.0,3.0,3.0
68_7,3.5335255616048658,3.0,3.0,3.0,3.0
68_8,2.8103520708491034,3.0,3.0,3.0,3.0
68_9,3.7449780304703983,3.526217672763508,3.0,3.0,3.0
68_10,3.524967603964269,3.0,3.0,3.0,3.0
68_11,3.524967603964269,3.0,3.0,3.0,3.0
68_12,3.5604899196304953,3.521889941552601,3.0,3.0,3.0
68_13,3.415064171204005,3.0,3.0,3.0,3.0
68_14,3.070031927147208,2.1447412493946514,3.0,3.0,3.0
68_15,2.8100224389915325,3.3992914631903126,3.0,1.0869256179481568,3.0
69_0,2.7678301333806554,3.0,3.0,3.0,3.0
69_1,3.313783854664158,3.4013638812471103,3.0,3.0,3.0
69_2,3.525385213230472,3.585717421057386,3.0,3.0,3.0
69_3,2.779533376422546,2.4300377838021703,3.0,3.0,3.0
69_4,3.40982392511875,3.3123321769390044,3.0,3.0,3.0
69_5,3.2661932185128073,3.3099418430068828,3.0,3.0,3.0
69_6,3.341615215963777,3.195509601149322,3.0,3.0,3.0
69_7,3.5724930400836556,3.465693546183603,3.0,3.0,3.0
69_8,1.343865461050416,1.0245212815219582,3.0,3.0,3.0
69_9,3.2791785316570174,3.4330366686769254,3.0,3.0,3.0
69_10,3.4094988722360005,3.195509601149322,3.0,3.0,3.0
69_11,3.341615215963777,3.0,3.0,3.0,3.0
69_12,3.334598524469253,3.3995043893892314,3.0,3.0,3.0
69_13,3.3019042633663105,3.4603942181124006,3.0,3.0,3.0
69_14,3.0643130705891037,2.3213684592454435,3.0,3.0,3.0
69_15,2.0435761977594096,3.0,3.0,3.0,3.0
70_0,3.1261938288057927,3.0000000000000004,3.0,1.0981483713363667,3.0
70_1,3.378488249342143,3.0,3.0,3.0,3.0
70_2,3.3890746377626115,3.0,3.0,3.0,3.0
70_3,3.633003912364591,3.0,3.0,3.0,3.0
70_4,2.827480241021483,3.402724000608571,3.0,3.0,3.0
70_5,3.4121726703369304,3.0,3.0,3.0,3.0
70_6,3.5317453526602915,3.0,3.0,3.0,3.0
70_7,3.568128616525464,3.0,3.0,3.0,3.0
70_8,1.0505213339840764,3.0,3.0,3.0,3.0
70_9,3.073820485810525,3.0,3.0,3.0,3.0
70_10,3.508162452897546,3.0,3.0,3.0,3.0
70_11,3.508162452897546,3.979131332708216,3.0,3.0,3.0
70_12,3.5981460752865364,3.0,3.0,3.0,3.0
70_13,3.6711646511765132,3.0,3.0,3.0,3.0
70_14,3.3648822346258513,3.0,3.0,3.0,3.0
70_15,3.4761078323293804,3.0,3.0,3.0,3.0
71_0,1.0091214925253849,1.0341584139759297,3.0,1.065014528804864,3.0
71_1,2.8583876656964495,3.1567527959235884,3.0,1.0471504061639971,3.0
71_2,3.44604690160434,3.0000000000000004,3.0,3.0,3.0
71_3,2.628794530499097,3.392140084207947,3.0,3.0,3.0
71_4,2.6825474701521608,2.746986085379417,3.0,3.0,3.0
71_5,3.3317360129781823,3.0,3.0,3.0,3.0
71_6,3.4047710024136046,2.910717842663952,3.0,3.0,3.0
71_7,3.1536257664308445,3.960358990451499,2.9999999999999996,1.0658556017834806,3.0
71_8,1.0508538410056565,1.060667865641994,3.0,1.0475049105326142,3.0
71_9,3.3633500198798116,3.4666879820805057,3.0,3.0,3.0
71_10,2.7235258017690853,1.1004338329838363,3.0,3.0,3.0
71_11,3.7580851691730643,3.548945501050375,3.0,3.0,3.0
71_12,3.9307976975273027,3.9643908900996974,3.0,3.0,3.9743868030413227
71_13,3.5602275242132513,3.524825772688236,3.0,3.0,3.0
71_14,3.3904373239120225,3.6993390833613216,3.0,3.0,3.0
71_15,3.0617112681892213,3.0,3.0,3.0,3.0
72_0,1.7853423978475091,1.0334609652382984,3.0,1.0627168731975334,3.0
72_1,3.0869192362864473,3.180705102704296,3.0,3.0,3.0
72_2,3.5505415169798398,3.5723648978116724,3.0,3.0,3.0
72_3,2.949409373800597,3.0000000000000004,3.0,3.0,3.0
72_4,3.3929233701379045,3.0,3.0,3.0,3.0
72_5,3.076964367150905,3.0,3.0,3.0,3.0
72_6,3.3376891264714326,3.4586035775106354,3.0,3.0,3.0
72_7,2.4926555288173766,3.483751747402002,3.0,3.0,3.0
72_8,1.7265233181071156,1.4297818024958118,3.0,3.0,3.0
72_9,3.1913927402594546,3.0,3.0,3.0,3.0
72_10,3.694117169166659,3.7251224102059237,3.0,3.0,3.0
72_11,3.58321171970654,3.6989983366047,3.0,3.0,3.0
72_12,3.583128056740313,3.4949690915294274,3.0,2.9999999999999996,3.0
72_13,3.2015971315840708,2.9999999999999996,3.0,3.0,3.0
72_14,2.949403545610477,2.109719261586833,3.0,3.0,3.0
72_15,2.7168959994057467,2.408653587931755,3.0,3.0,3.0
73_0,2.138712948840882,1.0439192087071605,3.0,3.0,3.0
73_1,3.2927302019982423,3.434572305278261,3.0,3.0,3.0
73_2,3.4338903972647574,3.356627923973131,3.0,3.0,3.0
73_3,3.3043103958851816,3.3739258948465576,3.0,3.0,3.0
73_4,2.3376183079135093,1.898065699811585,3.0,3.0,3.0
73_5,2.9662558511565997,2.9822696807427933,3.0,3.0,3.0
73_6,3.592700462285679,3.399946779465014,3.0,3.0,3.0
73_7,3.8150166412947843,3.432747980439203,3.0,3.0,3.0
73_8,1.827132612065072,1.086578550858272,3.0,1.0601350499013855,3.0
73_9,3.4217379563827297,3.4034139923231894,3.0,2.9999999999999996,3.0
73_10,3.346294053749137,3.429289391034045,3.0,3.0,3.0
73_11,3.7672356497568202,3.466637206810241,3.0,3.0,3.0
73_12,3.716339509563468,3.58196793645286,3.0,3.0,3.0
73_13,3.6885602062925185,3.4967779897720566,3.0,3.0,3.0
73_14,3.132987848329949,2.0993028545310635,3.0,3.0,3.0
73_15,2.785121238248638,2.061606263622245,3.0,3.0,3.0
74_0,3.423018613319334,3.0,3.0,3.0,3.0
74_1,3.292989400000371,3.0,3.0,3.0,3.0
74_2,3.2913896327156946,2.8572711791284306,3.0,1.0752708325445621,3.0
74_3,3.3304489947363884,3.342175733031282,3.0,3.0,3.0
74_4,3.1604711275855495,3.0,3.0,3.0,3.0
74_5,3.3584363149480434,3.323384988240031,3.0,3.0,3.0
74_6,3.5568879459110825,3.265507764602053,3.0,3.0,3.0
74_7,3.168117742710881,3.3643186669196936,3.0,3.0,3.0
74_8,2.7784058391649658,1.1063519073272037,3.0,3.0,3.0
74_9,3.549468012526795,3.438721082990961,3.0,3.0,3.0
74_10,3.1853990947807467,2.2682585462748968,3.0,3.0,3.0
74_11,2.864858717998434,1.246734013601509,3.0,3.0,3.0
74_12,3.7087947060372954,3.52276654942959,3.0,3.0,3.0
74_13,3.520554553927786,3.385090513097247,3.0,3.0,3.0
74_14,2.957127349551021,2.0276723972033945,3.0,3.0,3.0
74_15,2.8910427508553007,1.6583638449920652,3.0,3.0,3.0
75_0,1.1179361875697866,1.066503979638939,3.0,3.0,3.0
75_1,2.312761391017695,1.0382539962123247,3.0,3.0,3.0
75_2,3.484740000396239,3.400538147733893,3.0,1.0803443219618636,3.0
75_3,2.753370580845897,2.5690807238118962,3.0,3.0,3.0
75_4,3.0660907754709035,3.0,3.0,3.0,3.0
75_5,3.5497051042695733,3.342748766769018,3.0,3.0,3.0
75_6,3.4982804675148644,3.4931265666490847,3.0,3.0,3.0
75_7,3.1921322885009507,3.4881316644911715,3.0,3.0,3.0
75_8,2.385880805401039,3.0,3.0,3.0,3.0
75_9,3.326623289295823,3.9294936410410326,3.0,3.0,3.0
75_10,3.6259578404882435,3.4237612450937966,3.0,3.0,3.0
75_11,3.590199142535146,3.508978780113498,3.0,3.0,3.0
75_12,3.561153975593036,3.3188546095122535,3.0,3.0,3.0
75_13,3.1563157960970316,3.3126724632003732,3.0,1.0383819407694626,3.0
75_14,3.048693115913202,2.3146227725376813,3.0,3.0,3.0
75_15,2.943455145168139,3.0,3.0,3.0,3.0
76_0,1.113179303314757,1.0442353331007102,3.0,3.0,3.0
76_1,3.1774030758940977,3.0,3.0,3.0,3.0
76_2,3.0420071706127727,3.0,3.0,3.0,3.0
76_3,3.6081546214850784,3.5552567825147703,3.0,3.0,3.0
76_4,3.430890294792742,3.4736665455966715,3.0,3.0,3.0
76_5,3.057828750606336,3.0,3.0,3.0,3.0
76_6,3.206169449846594,3.2316969197017666,3.0,3.0,3.0
76_7,3.4186406789815678,3.0,3.0,3.0,3.0
76_8,1.0795915597889976,1.1009238140498316,3.0,3.0,3.0
76_9,2.3234779139064163,3.0,3.0,3.0,3.0
76_10,2.5312200394111,3.0,3.0,3.0,3.0
76_11,3.4987386927089297,3.0,3.0,3.0,3.0
76_12,3.0263131576248394,3.0,3.0,3.0,3.0
76_13,3.212497889963947,3.4605814964044046,3.0,3.0,3.0
76_14,2.482457172848491,1.1199682818217798,3.0,3.0,3.0
76_15,2.4094304214216695,3.0000000000000004,3.0,3.0,3.0
77_0,3.0810006828303385,3.0,3.0,3.0,3.0
77_1,2.990417860683556,3.0,3.0,3.0,3.0
77_2,2.7591321871793517,3.0,3.0,3.0,3.0
77_3,1.616737808805028,1.0347077921143621,3.0,3.0,3.0
77_4,3.3969589462944048,3.548856566454398,3.0,3.0,3.0
77_5,1.5174357766385702,1.028737824942863,3.0,3.0,3.0
77_6,3.568141486612922,3.0,3.0,3.0,3.0
77_7,3.2691941182175968,3.9766387680318136,3.0,3.0,3.0
77_8,2.90258208209819,3.0,3.0,3.0,3.0
77_9,3.3175371224741372,3.0,3.40187692446739,3.0,3.0
77_10,3.1824786424448823,3.422171385984588,3.0,3.0,3.0
77_11,3.4750747375103135,3.0,3.0,3.0,3.0
77_12,3.323172842993868,3.0,3.0,3.0,3.0
77_13,1.0131775343042593,3.0,3.0,1.0357090899906276,3.0
77_14,3.09308415729609,3.0,3.0,3.0,3.0
77_15,3.0585786195864966,3.0,3.0,3.0,3.0
78_0,2.9219298550751303,3.0,3.0,3.0,3.0
78_1,2.820435566877428,3.0,3.0,3.0,3.0
78_2,3.838945321559678,3.7160200339737424,3.0,3.0,3.0
78_3,3.679632653628976,3.0,3.0,3.0,3.0
78_4,3.822809400659819,3.5511983096295503,3.0,3.0,3.0
78_5,3.8855879033839056,3.9232191286764633,3.0,3.0,3.0
78_6,3.737445035813251,3.681043780823592,3.0,3.0,3.0
78_7,3.835489960253264,3.6161988113597485,3.0,3.0,3.0
78_8,2.957171109388152,3.0,3.0,1.0572757368232872,3.0
78_9,3.865563271722019,3.6119593503114396,3.0,3.0,3.0
78_10,1.641151410467647,2.1433829136617564,3.0,3.0,3.0
78_11,3.730869609799378,3.7160200339737424,3.0,3.0,3.0
78_12,4.013638313955767,3.9342098373483068,3.0,3.0,3.0
78_13,3.5173126770757834,3.5511983096295503,3.0,3.0,3.0
78_14,3.363375448644545,3.4438821099569763,3.0,3.0,3.0
78_15,3.4655857129580654,3.0,3.0,3.0,3.0
79_0,2.504586734967651,2.5492880614447784,3.0,1.036384593286515,3.0
79_1,2.837182555883992,2.4676198872897857,3.0,3.0,3.0
79_2,2.594447066297383,2.625469403592681,3.0,3.0,3.0
79_3,1.7387794289016014,1.8580803372302321,3.0,3.0,3.0
79_4,1.814684943624442,2.6080066253099234,3.0,3.0,3.0
79_5,2.8876730591901434,2.9999999999999996,3.0,3.0,3.0
79_6,3.6557758871123456,3.4313883943785903,3.342809153727422,3.0,3.0
79_7,1.6784152717624448,1.8606404468370634,3.0,3.0,3.0
79_8,1.562502535649562,1.0088263196946246,3.0,1.0200678269889065,1.042206725467827
79_9,3.047536863186959,1.1844558926420188,3.0,3.0,3.0
79_10,3.1944968533222307,2.8686596131307454,3.0,3.0,3.0
79_11,3.5049614786863446,3.4032628530549656,3.2657560371288734,2.5136044279665164,3.0
79_12,2.8032140438780067,3.258392759831037,3.0,3.0,3.0
79_13,1.3711925147261477,2.109858671908015,3.0,3.0,3.0
79_14,1.6958327836429579,3.2860683512455306,3.0,3.0,3.0
79_15,2.614809078643533,1.1462986811828288,3.0,3.0,3.0
80_0,1.43570507788102,1.032993486165629,3.0,1.0524287898561793,3.0
80_1,2.4972393627752347,3.0,3.0,3.0,3.0
80_2,3.3103842009973414,3.974484192473943,3.0,3.0,3.0
80_3,3.275228440971736,2.9999999999999996,3.0,3.0,3.0
80_4,3.8383631702868395,3.6425628502489635,3.0,3.0,3.0
80_5,3.4468936680745803,3.557013154965701,3.0,3.0,3.0
80_6,3.698605882533125,3.987217655189271,3.0,3.0,3.0
80_7,3.2936705444080805,3.0,3.0,3.0,3.0
80_8,1.0261310356482016,3.0,3.0,3.0,3.0
80_9,3.3028928300372145,3.0000000000000004,3.0,3.0,3.0
80_10,3.38698725217794,3.9670580575142536,3.0,3.0,3.0
80_11,3.5482339426523484,3.9705759027227456,3.0,3.0,3.0
80_12,2.8137383989766374,3.0,3.0,3.0,3.0
80_13,3.4708089146759655,3.0,3.0,3.0,3.0
80_14,1.869460793350041,3.0,3.0,3.0,3.0
80_15,2.9868819401775655,3.0,3.0,3.0,3.0
81_0,3.6833259617848455,3.4672365204413023,3.0,3.0,3.0
81_1,3.6685609489267175,3.0,3.0,3.0,3.0
81_2,3.523290025916766,3.0,3.0,3.0,3.0
81_3,3.526691769964236,3.0,3.0,3.0,3.0
81_4,3.5441201167287453,3.0,3.0,3.0,3.0
81_5,3.4992293013809106,3.94451119784749,3.0,3.0,3.0
81_6,3.7655792874490484,3.9450330015745885,3.0,3.458228211868725,3.0
81_7,4.012055884508145,3.0,3.0,3.0,3.0
81_8,3.2769477088563086,3.4595259748231104,3.433227049071038,3.0,3.4989585501343194
81_9,3.786478261500958,3.0,3.0,3.0,3.0
81_10,3.429664238657757,3.0,3.0,3.0,3.0
81_11,3.557221742595996,3.9456074103685244,3.4336657853133876,3.0,3.0
81_12,3.7256155430604485,3.525740204754852,3.0,3.0,3.0
81_13,3.5598277087432812,3.0,3.0,3.0,3.0
81_14,3.5694418794810567,3.374597914962975,3.0,3.0,3.0
81_15,3.678917962817172,3.541368400420189,3.0,3.0,3.0
82_0,3.3150638068832396,3.3443053362389423,3.0,3.0,3.0
82_1,3.1655132293172397,3.3428174167533644,3.0,3.0,3.0
82_2,3.525454255780802,3.552050197610589,3.0,3.0,3.0
82_3,3.2940139490617755,3.0,3.0,3.0,3.0
82_4,3.3025734341701107,3.4958145588885055,3.0,3.0,3.0
82_5,3.814690677409733,3.7006560773409864,3.951896770043065,3.0,3.0
82_6,3.7161565830570944,3.6299866655168156,3.0,3.0,3.0
82_7,3.450537982116707,3.0,3.0,3.0,3.0
82_8,3.0544374064156226,3.0,3.0,3.0,3.0
82_9,3.3798984421671783,3.4467221447470275,3.0,3.0,3.0
82_10,3.6854509355233307,3.6768319359051733,3.0,3.0,3.0
82_11,3.7043509809258683,3.7036639490305023,3.0,3.0,3.0
82_12,3.1487601830445375,3.399086727734013,3.0,3.0,3.0
82_13,3.498738692708931,3.0,3.0,3.0,3.0
82_14,2.940753841570884,3.0,3.0,3.0,3.0
82_15,2.64666658845338,3.0,3.0,3.0,3.0
83_0,3.2495401405783024,3.344755066672035,3.0,3.0,3.0
83_1,2.5703530215155626,2.6396879834277733,3.0,1.1623346420329688,3.0
83_2,3.192928988920965,3.0,3.0,3.0,3.0
83_3,3.23568465860344,3.371689190728294,3.0,3.0,3.0
83_4,3.5700477546710068,3.3393949977528083,3.0,3.0,3.0
83_5,2.9856892425137067,3.311760079187425,3.0,3.0,3.0
83_6,3.5626982974078567,3.946198374427571,3.0,3.0,3.0
83_7,2.9123828256120086,3.289726349242146,2.9999999999999996,3.0,3.0
83_8,2.107907360260578,2.0282321262866168,3.0,3.0,3.0
83_9,3.5379841790836677,3.6189887774332274,3.0,3.0,3.0
83_10,3.57420872252351,3.4575271497064284,3.0,3.0,3.0
83_11,3.35170975895955,3.3982466787027166,3.0,3.0,3.0
83_12,3.144734162583018,3.0,3.0,3.0,3.0
83_13,2.856631009826523,2.9999999999999996,3.0,3.0,3.0
83_14,3.054863529552128,3.313272059860215,3.0,3.0,3.0
83_15,3.0176186637594826,3.4418940459186635,3.0,3.0,3.0
84_0,3.147780918342152,3.528869571118868,3.0,3.0,3.0
84_1,3.151318718944727,3.3989013374895443,3.0,3.0,3.0
84_2,3.669288931493982,3.5559025645894184,3.0,3.0,3.0
84_3,3.4231452725851894,3.3660413650791767,3.0,3.0,3.0
84_4,3.3339145960752727,3.3994309047488978,3.0,3.0,3.0
84_5,2.7929970938801634,3.3360000576482545,3.0,3.0,3.0
84_6,3.6356232300629574,3.492490540696183,3.0,3.0,3.0
84_7,3.450347062481179,3.975448658317574,3.0,3.0,3.0
84_8,1.399529823439195,3.0,3.0,3.0,3.0
84_9,3.3448942330688323,3.46663943598149,2.9999999999999996,3.0,3.0
84_10,3.902041002360031,3.5297975143570746,3.0,3.0,3.9750335381837965
84_11,3.902041002360031,3.5297975143570746,3.0,3.0,3.0
84_12,2.5448688895612,3.948378484371578,3.0,3.0,3.0
84_13,3.2203295769964813,3.4446495403766626,3.0,3.0,3.0
84_14,3.661174209510086,3.498331171699867,3.0,3.0,3.0
84_15,2.4871620451940344,3.0,3.0,3.0,3.0
85_0,1.135285919830814,3.0,3.0,3.0,3.0
85_1,3.7235788343261444,3.5772477086909507,3.0,3.0,3.0
85_2,3.706247083411251,3.0,3.0,3.0,3.0
85_3,3.4589097661212196,3.69283686707905,3.0,3.0,3.0
85_4,3.5274672976203503,3.0,3.0,3.0,3.0
85_5,3.728471899460536,3.612143882659877,3.0,3.0,3.0
85_6,3.8969746320533876,3.714926068618957,3.0,3.0,3.0
85_7,3.651007009574141,3.5855006707534973,3.0,3.0,3.0
85_8,1.1716470559105154,2.077441291845255,3.0,3.0,3.0
85_9,3.390519387985915,3.5148295308804096,3.0,3.0,3.0
85_10,2.9245812153422976,3.3170659590939344,3.0,3.0,3.0
85_11,4.063329927802506,3.7601092347509053,3.0,3.0,3.0
85_12,3.958179532215979,3.666825660520009,3.0,3.0,3.0
85_13,2.9265103099228686,3.431814647459368,3.0,3.0,3.0
85_14,2.7682757699681586,3.4581316046387265,3.0,3.0,3.0
85_15,3.5264516877852996,3.400885316053371,3.0,3.0,3.0
86_0,1.6902421647422763,3.0,3.0,3.0,3.0
86_1,2.8199375628382364,3.0,3.0,3.0,3.0
86_2,3.0391868492126934,3.0,3.0,3.0,3.0
86_3,1.3997465038580459,3.0,3.0,3.0,3.0
86_4,2.8322156595845183,3.0,3.0,3.0,3.0
86_5,2.411820057100859,3.0000000000000004,3.0,3.0,3.0
86_6,3.2905231551476715,3.4961773776534026,3.0,3.0,3.0
86_7,3.10244361543645,2.9999999999999996,3.0,3.0,3.0
86_8,1.1043719566351355,1.031805840890083,3.0,3.0,3.0
86_9,3.3558655831516133,3.3579364933940545,3.0,3.0,3.0
86_10,2.8110166451146053,3.0,3.0,3.0,3.0
86_11,2.809178601712664,3.2393848970571955,3.0,3.0,3.0
86_12,3.498340671256277,3.0,3.0,1.0935474925984183,3.0
86_13,1.6409580408167175,3.0,3.0,1.0649953824403477,3.0
86_14,1.9136847495094012,1.4244594655779934,3.0,3.0,3.0
86_15,3.102348391881175,3.2631682718894766,3.0,3.0,3.0
87_0,3.0737562906440328,1.110852425216457,3.0,3.0,3.0
87_1,1.4937785432707837,1.831661872314328,3.0,3.0,3.0
87_2,2.825747046255743,3.0,3.0,1.0603182184647661,3.0
87_3,3.179635569401192,3.4330331675942456,3.0,3.0,3.0
87_4,2.5344210670569223,1.8502437158590739,3.0,3.0,3.0
87_5,3.2520614265998598,3.3361279997291526,3.0,1.0647399024817625,3.0
87_6,3.216414235503121,3.0,3.0,3.0,3.0
87_7,2.9862227489324273,3.0,3.0,3.0,3.0
87_8,1.1991098158171103,3.0,3.0,3.0,3.0
87_9,3.335554223350259,3.0,3.0,3.0,3.0
87_10,3.356284827262239,3.4256639690825406,3.0,3.0,3.0
87_11,3.4062657628538324,3.0,3.0,3.0,3.0
87_12,3.1650999736136987,3.404071521959343,3.0,3.0,3.0
87_13,3.2520614265998598,3.4014703583075994,3.0,3.0,3.0
87_14,3.0314867141095068,3.522370318961481,3.0,3.0,3.0
87_15,2.633236654306753,2.149459668712332,3.0,3.0,3.0
88_0,1.907172709915036,1.055363044402416,3.0,1.049559646290785,3.0
88_1,2.9308634071543986,3.0,3.0,3.0,3.0
88_2,2.347594765045536,2.0044085442883586,3.0,3.0,3.0
88_3,3.223320309414697,3.0,3.0,3.0,3.0
88_4,2.8538756971666572,3.0,3.0,1.0467760184576644,3.0
88_5,2.861291776806283,3.062951844994426,3.0,1.0511424955070159,3.0
88_6,2.7173719311228917,3.0,3.0,3.0,3.0
88_7,3.0414797075648488,3.372209863907297,3.0,3.0,3.0
88_8,1.1751766645279402,1.0222905693924764,3.0,3.0,3.0
88_9,3.193658891084309,3.0,3.0,3.0,3.0
88_10,2.683267274718941,3.0,3.0,3.0,3.0
88_11,1.340616281304183,2.4775368708002166,3.0,3.0,3.0
88_12,3.284645372329066,2.194389633893744,3.0,3.0,3.0
88_13,2.2128499701788127,3.0,3.0,3.0,3.0
88_14,1.5055952953048977,1.0129021386998829,3.0,1.0325568543602914,3.0
88_15,2.7012851496681063,3.0,3.0,1.0763735718150047,3.0
89_0,2.3371349047494254,1.0397696226168784,3.0,1.0521312370419595,3.0
89_1,2.996470236137696,3.0,3.0,3.0,3.0
89_2,2.636858065655154,3.0,3.0,3.0,3.0
89_3,3.146294610828037,3.0,3.0,3.0,3.0
89_4,2.761809257395041,1.042296259337143,3.0,3.0,3.0
89_5,2.31157695099023,3.0,3.0,3.0,3.0
89_6,2.2123996141101676,3.0,3.0,1.0696796056658886,3.0
89_7,3.02733356437552,2.3092928206616263,3.0,3.0,3.0
89_8,2.5613471701762314,2.3135512479030034,3.0,3.0,3.0
89_9,2.7040944113457965,1.9653789984172485,3.0,3.0,3.0
89_10,2.761809257395041,2.5586739439628743,3.0,3.0,3.0
89_11,3.0048359812588155,3.0,3.0,3.0,3.0
89_12,3.275362870155984,2.9999999999999996,3.0,3.0,3.0
89_13,1.0298273588180074,1.0239338848739012,3.0,3.0,3.0
89_14,2.2023665625253876,3.0,3.0,3.0,3.0
89_15,2.967506378513802,3.0,3.0,3.0,3.0
90_0,1.7825647039195125,2.9999999999999996,3.0,1.0445408149912845,3.0
90_1,3.4853893616412277,3.5828150626576187,3.0,3.0,3.0
90_2,3.8874208625310724,3.0,3.0,3.0,3.0
90_3,3.6154772420795798,3.0,3.0,3.0,3.0
90_4,3.5292127206297685,3.0,3.0,3.0,3.0
90_5,3.558400005984082,3.0,3.0,1.0743870617584983,3.0
90_6,2.9850804878494905,3.4364929578867396,3.0,1.0350286175955614,3.0
90_7,3.593585568810228,3.891098324423085,3.0,3.0,3.0
90_8,2.095089600974897,3.0,3.0,3.0,3.0
90_9,3.760252981949134,3.0,3.0,3.0,3.0
90_10,1.8815838028776712,3.0,3.0,1.0321460093949555,3.0
90_11,3.421811637172599,3.495708308140747,3.0,3.0,3.0
90_12,3.5704442937740426,3.4953717078488142,3.0,3.0,3.0
90_13,3.5888406825444803,3.4027254730742635,3.0,3.0,3.0
90_14,2.7163505720071557,3.0,3.0,3.0,3.0
90_15,3.268498577208748,3.0,3.0,3.0,3.0
91_0,1.0335840990332652,1.1115362580573773,3.0,3.0,1.035571161777348
91_1,3.2011378994121857,3.4902456474881918,3.0,3.0,3.0
91_2,3.187569371638363,3.1676373070465274,3.0,3.0,3.0
91_3,1.7246675269373,2.252175173029658,3.0,1.0334328365319276,3.0
91_4,3.556986134840918,3.523967271993686,3.0,3.0,3.0
91_5,3.425453374928747,3.2261481588613172,3.0,1.0383673781941203,3.0
91_6,3.377628490350496,3.2508509172246303,3.0,3.0,3.0
91_7,3.107474171268916,3.5170333779664413,3.0,3.0,3.404373454124908
91_8,3.7117087125734316,3.405035217413549,3.0,3.0,3.0
91_9,2.4518955057366636,3.0360975331836237,3.0,1.071102577915049,2.999999999999999
91_10,3.4136513377384503,3.435018294784046,3.0,2.9999999999999996,3.0
91_11,3.590540707108893,3.560331739442983,3.0,3.0,3.0
91_12,3.0476998312226775,3.4004814674632287,3.0,3.0,1.1409954079562319
91_13,2.718483517518224,3.1523780298927684,3.0,1.059432619205518,3.0
91_14,2.5599801730086593,3.263659079472246,3.0,1.2247108200858123,3.0
91_15,2.227596486134836,2.7096090523432874,3.0,3.0,3.0
92_0,3.2278160896740973,3.1178524270473864,3.0,3.0,3.0
92_1,3.7060565992547514,3.5579730524711164,3.0,3.0,3.0
92_2,3.7353151768933874,3.5782063672728244,3.0,3.0,3.0
92_3,1.377286584253303,1.0231239822357028,1.0312738122892309,1.0314307653270052,3.0
92_4,3.6591035306560062,3.3682382194748035,3.0,3.0,3.0
92_5,3.778162914473583,3.5878458772304938,3.0,3.0,3.0
92_6,3.564195293709654,3.5566410166642473,3.0,3.0,3.0
92_7,3.5986144389116896,3.4032516567074107,3.0,3.0,3.0
92_8,1.884876649326352,1.0476184265315878,3.0,3.0,3.0
92_9,3.4029634343268134,3.426229102522091,3.0,3.0,3.0
92_10,3.520396102626154,3.5285212365250294,3.0,3.0,3.0
92_11,3.7196117024299924,3.6760309821423895,3.0,3.0,3.0
92_12,3.0221789689809837,1.1520827575860468,3.0,3.0,3.0
92_13,1.1132809106056325,1.1319224113660635,3.0,1.072781402813264,3.0
92_14,3.1812114956987214,2.8962403782981805,3.0,2.9999999999999996,3.0
92_15,3.045212969520903,3.369796440621404,3.0,3.0,3.0
93_0,1.7539942199610161,1.585575407881299,3.0,1.1026458650450224,3.0
93_1,2.8253733647854102,1.5320527965067128,3.0,3.0,3.0
93_2,3.6356021593457095,3.4977527939802115,3.0,3.0,3.0
93_3,1.2095350143027848,2.009466552741582,1.0716783127804552,3.0,3.0
93_4,3.1921133413843106,3.4643178242394446,3.0,3.0,3.0
93_5,3.4519861219708843,3.3186174858324007,3.0,3.0,3.0
93_6,3.7125801724534426,3.581244310811573,3.0,3.0,3.0
93_7,3.3948379192624394,3.42444845790733,3.0,3.0,3.0
93_8,2.9692305397103205,3.491899432426761,3.0,3.0,3.0
93_9,3.3456426554703658,3.49324157959371,3.0,3.0,3.0
93_10,3.8903925856340837,3.6198830248002865,3.0,3.0,3.0
93_11,3.8109703862076856,3.6209470023922847,3.0,3.486978572317308,3.0
93_12,3.34837913675993,3.463264955498913,3.0,3.0,3.0
93_13,3.1001054149137723,2.818674002371641,3.0,3.0,3.0
93_14,3.012709893462788,3.368106445174158,3.0,3.0,3.0
93_15,2.689359159721829,2.588151304440539,3.0,1.0775337486848113,3.0
94_0,1.0714928508340007,1.0656540181795136,3.0,1.0867990130907201,3.0
94_1,3.1116666960396033,3.4264193598770896,3.0,3.0,3.0
94_2,3.192784045325209,3.0,3.0,3.0,3.0
94_3,2.438804569577442,3.0189868728243128,3.0,3.0,3.0
94_4,2.3299725521480887,1.0388697062868528,3.0,3.0,3.0
94_5,3.1304684100725053,3.0,3.0,3.0,3.0
94_6,3.4297554295921393,3.0,3.0,3.0,3.0
94_7,3.449880214938734,3.0,3.0,3.0,3.0
94_8,1.981086872446558,3.0,3.0,1.0834593921252786,1.0422808481427923
94_9,3.1930436277917,3.0,3.0,3.0,3.0
94_10,3.4296953396751992,3.492031287815573,3.0,3.0,3.0
94_11,3.514239132725118,3.9131512506585984,3.0,3.0,3.0
94_12,3.300124380215121,3.521629387144008,3.0,3.0,3.0
94_13,2.060702924063067,2.799768010553775,1.0836912102756924,3.0,3.0
94_14,2.44431488409002,3.0,3.0,3.0,1.063099295457213
94_15,3.047543271488977,3.5210289247224673,3.0,3.0,3.0
95_0,1.6382009039578302,1.1022609623884572,3.0,3.0,3.0
95_1,3.3512077171653045,3.4030981875119113,3.0,3.0,3.0
95_2,3.7917313408079223,3.660134500897678,3.0,3.0,3.0
95_3,3.481284561781355,3.2682105805369552,3.0,3.0,3.0
95_4,3.3726114230691726,3.4856936727996906,3.0,3.0,3.0
95_5,3.7680476088834847,3.5719374024459785,3.0,3.0,3.0
95_6,3.6817176781377805,3.6468992012307,3.0,3.0,3.0
95_7,3.8568192657360294,3.5244992938953765,3.0,3.0,3.0
95_8,2.8051452081209143,2.9999999999999996,3.0,3.0,3.0
95_9,3.6175366455580065,3.0,3.0,3.0,3.0
95_10,3.7892383015972904,3.4917041576135035,3.0,3.0,3.0
95_11,3.704660840758324,3.645805929607362,3.0,3.0,3.0
95_12,3.255027153624061,3.0,3.0,3.0,3.0
95_13,3.271962999756202,3.461873633164516,3.0,3.0,3.0
95_14,3.1815624616598264,2.6871905615166343,3.0,3.0,3.0
95_15,2.562935980629762,3.0,3.0,3.0,3.0
96_0,2.243105084475852,1.1340143489614323,3.0,3.0,3.0
96_1,3.4620344259905993,3.4586849234896366,3.0,2.9999999999999996,3.0
96_2,3.178197578109311,3.117773117096657,3.0,3.0,3.0
96_3,3.5020945182661727,3.0000000000000004,3.0,3.0,3.0
96_4,3.6298116725596152,3.886854519314905,3.0,2.9999999999999996,3.0
96_5,3.308769524810054,3.0,3.0,3.0,3.0
96_6,3.550141796292264,3.611309148657175,3.0,3.0,3.0
96_7,3.6753319199837375,3.48528527144785,3.0,3.0,3.0
96_8,1.3906650638169424,3.0,3.0,1.0597812088863916,3.0
96_9,3.6032667970746495,3.435489211892238,3.0,1.0756677687029252,3.0
96_10,3.5759772175260847,3.435489211892238,3.0,3.0,3.0
96_11,3.495748082073564,3.5485196531166996,3.0,3.0,3.0
96_12,3.11553799799297,3.462271328021056,3.0,3.0,3.0
96_13,3.281464777838942,3.4298232266108313,3.0,3.4334123861777677,3.0
96_14,3.4000480776827176,3.3694382329597383,3.0,3.0,3.0
96_15,3.000979667328192,2.9999999999999996,3.0,3.0,3.0
97_0,1.0110012622432087,3.0,3.0,3.0,3.0
97_1,3.551470493554402,3.0,3.0,3.0,3.0
97_2,2.1960111027174243,3.0,3.0,3.0,3.0
97_3,2.397636411094715,3.0,3.0,3.0,3.0
97_4,1.9552334545062589,1.0387448261518475,3.0,3.0,3.0
97_5,3.4270989517141097,3.3755921574497423,3.0,3.0,3.0
97_6,2.8785841472423876,3.4977380318142424,3.0,3.0,3.0
97_7,3.6695233496582342,3.9124941782332625,3.0,3.0,3.0
97_8,1.0545242914873565,1.055363396294124,3.0,3.0,3.0
97_9,3.584367770095655,3.0,3.0,3.0,3.0
97_10,2.749785690822684,3.0,3.0,3.0,3.0
97_11,3.523264408423763,3.715128730830053,3.0,3.0,3.0
97_12,3.6529515129656787,3.9547479073855984,3.0,3.0,3.0
97_13,3.2522194197007,3.0,3.0,3.0,3.0
97_14,1.0613767247626336,3.0,3.0,3.0,3.0
97_15,1.8926448585371396,1.1296148828051376,3.0,3.0,3.0
98_0,2.0793095700140958,3.0,3.0,1.0418439849008225,3.0
98_1,3.755147213661513,3.9510388058140276,3.0,3.645441477793149,3.0
98_2,3.8602360061031864,3.0,3.0,3.0,3.0
98_3,3.204976465551508,2.981597752505329,3.0,3.0,3.0
98_4,3.6443529143657676,3.590427274876949,3.0,3.0,3.0
98_5,3.2556153057862867,2.9999999999999996,3.0,3.0,3.0
98_6,3.7228098177888613,3.0,3.0,3.0,3.0
98_7,3.6368058663244778,3.0,3.0,3.0,3.0
98_8,2.0300155421126496,2.7476170006197878,3.0,3.0,3.0
98_9,3.253263825053213,3.0,3.0,3.0,3.0
98_10,3.517445708050631,3.0,3.0,3.0,3.0
98_11,3.8652776561421955,3.466117606530307,3.0,3.772561840164613,3.0
98_12,3.832417980488704,3.6489127904722696,3.0,3.0,3.856135674686826
98_13,3.6449314805533706,3.5603627587678637,3.0,3.975570638763904,3.0
98_14,1.4568202292607257,1.0479649289105502,3.0,1.009128333894641,3.0
98_15,3.690557271071438,3.5295854840244245,3.0000000000000004,3.0,3.979061481975233
99_0,2.961523727715798,3.0,3.0,3.0,3.0
99_1,3.1023763418473416,3.0,3.0,3.0,3.0
99_2,3.146476415946674,3.0,3.0,3.0,3.0
99_3,3.3583877587893367,3.0,3.0,3.0,3.0
99_4,3.570394683130982,3.0,3.0,3.0,3.0
99_5,3.239145174472251,2.9999999999999996,3.0,3.0,3.0
99_6,3.5993565554786757,3.457206921649193,3.0,3.0,3.0
99_7,3.2540031344043334,3.0,3.0,3.0,3.0
99_8,1.3942612104946523,3.0,3.0,3.0,3.0
99_9,3.29716566528372,3.317173198371548,2.9999999999999996,3.0,3.0
99_10,3.2321748308916343,3.0,3.0,3.0,3.0
99_11,3.625683722074827,3.52312460377916,3.0,3.0,3.0
99_12,3.311185580804975,3.4338576255772417,3.0,3.0,3.0
99_13,2.4847056498199556,3.0,3.0,3.0,3.0
99_14,3.029687343620766,3.0,3.0,3.0,3.0
99_15,3.068247458433104,3.0,3.0,3.0,3.0
